Phase 10 capacity validation
  mode: mocked ping + in-memory store (no production IO)
  interval=30.0s  fleets=[15, 100, 250, 500, 750, 1000]
  mixes=['all_up', 'half', 'all_down', 'intermittent', 'slow']
  concurrency=[20, 30, 40, 50, 60, 64]
  unreachable_cost=3.0s (timeout=1000ms × retries=3)
[run] devices=15 mix=all_up concurrency=20 ...
2026-08-10 20:29:25 | INFO | monitor_runtime | Monitor runtime started | workers=20 | queueMax=20
2026-08-10 20:29:25 | INFO | monitor_claim | Device scan claimed | deviceId=6a79ee55db8727cabe0f7dd7 | claimId=10b9957ad06445a4810cd7840e2720e2 | claimedAt=2026-08-10T15:29:25.745580+00:00 | nextCheckAt=2026-08-10T15:29:55.745580+00:00 | scanClaimExpiresAt=2026-08-10T15:29:40.745580+00:00 | ttlSeconds=15.0 | intervalSeconds=30
2026-08-10 20:29:25 | INFO | monitor_claim | Device scan claimed | deviceId=6a79ee55db8727cabe0f7dd8 | claimId=cdc249815c324e8591e725cb2187b24e | claimedAt=2026-08-10T15:29:25.745580+00:00 | nextCheckAt=2026-08-10T15:29:55.745580+00:00 | scanClaimExpiresAt=2026-08-10T15:29:40.745580+00:00 | ttlSeconds=15.0 | intervalSeconds=30
2026-08-10 20:29:25 | INFO | monitor_claim | Device scan claimed | deviceId=6a79ee55db8727cabe0f7dd9 | claimId=bb974034fa82424b955e56b3e560d6a0 | claimedAt=2026-08-10T15:29:25.745580+00:00 | nextCheckAt=2026-08-10T15:29:55.745580+00:00 | scanClaimExpiresAt=2026-08-10T15:29:40.745580+00:00 | ttlSeconds=15.0 | intervalSeconds=30
2026-08-10 20:29:25 | INFO | monitor_claim | Device scan claimed | deviceId=6a79ee55db8727cabe0f7dda | claimId=fb44593660824b538e0eda0bdb7a80e0 | claimedAt=2026-08-10T15:29:25.745580+00:00 | nextCheckAt=2026-08-10T15:29:55.745580+00:00 | scanClaimExpiresAt=2026-08-10T15:29:40.745580+00:00 | ttlSeconds=15.0 | intervalSeconds=30
2026-08-10 20:29:25 | INFO | monitor_claim | Device scan claimed | deviceId=6a79ee55db8727cabe0f7ddb | claimId=ec13b5abb37745bd977fc896d0a9d243 | claimedAt=2026-08-10T15:29:25.745580+00:00 | nextCheckAt=2026-08-10T15:29:55.745580+00:00 | scanClaimExpiresAt=2026-08-10T15:29:40.745580+00:00 | ttlSeconds=15.0 | intervalSeconds=30
2026-08-10 20:29:25 | INFO | monitor_claim | Device scan claimed | deviceId=6a79ee55db8727cabe0f7ddc | claimId=2b811a86f3304c32aa36fe4cce792b02 | claimedAt=2026-08-10T15:29:25.745580+00:00 | nextCheckAt=2026-08-10T15:29:55.745580+00:00 | scanClaimExpiresAt=2026-08-10T15:29:40.745580+00:00 | ttlSeconds=15.0 | intervalSeconds=30
2026-08-10 20:29:25 | INFO | monitor_claim | Device scan claimed | deviceId=6a79ee55db8727cabe0f7ddd | claimId=c25aa414528c422484b90799cb314bab | claimedAt=2026-08-10T15:29:25.745580+00:00 | nextCheckAt=2026-08-10T15:29:55.745580+00:00 | scanClaimExpiresAt=2026-08-10T15:29:40.745580+00:00 | ttlSeconds=15.0 | intervalSeconds=30
2026-08-10 20:29:25 | INFO | monitor_runtime | Dispatch scan completed | dispatchId=load | claimId=ec13b5abb37745bd977fc896d0a9d243 | deviceId=6a79ee55db8727cabe0f7ddb | nextCheckAt=2026-08-10T15:29:55.745580+00:00 | claimedAt=2026-08-10T15:29:25.745580+00:00 | pingStartedAt=2026-08-10T15:29:25.806974+00:00 | pingCompletedAt=2026-08-10T15:29:25.818974+00:00 | queueWaitMs=1 | pingDurationMs=12 | dueLagMs=1379 | outcome=scanned | workers_active=6 | queue_depth=1
2026-08-10 20:29:25 | INFO | monitor_claim | Device scan claimed | deviceId=6a79ee55db8727cabe0f7dde | claimId=f6b987765af94c42a91ff49f596d52dd | claimedAt=2026-08-10T15:29:25.745580+00:00 | nextCheckAt=2026-08-10T15:29:55.745580+00:00 | scanClaimExpiresAt=2026-08-10T15:29:40.745580+00:00 | ttlSeconds=15.0 | intervalSeconds=30
2026-08-10 20:29:25 | INFO | monitor_runtime | Dispatch scan completed | dispatchId=load | claimId=2b811a86f3304c32aa36fe4cce792b02 | deviceId=6a79ee55db8727cabe0f7ddc | nextCheckAt=2026-08-10T15:29:55.745580+00:00 | claimedAt=2026-08-10T15:29:25.745580+00:00 | pingStartedAt=2026-08-10T15:29:25.805974+00:00 | pingCompletedAt=2026-08-10T15:29:25.818974+00:00 | queueWaitMs=1 | pingDurationMs=13 | dueLagMs=1378 | outcome=scanned | workers_active=6 | queue_depth=1
2026-08-10 20:29:25 | INFO | monitor_claim | Device scan claim released | deviceId=6a79ee55db8727cabe0f7ddb | claimId=ec13b5abb37745bd977fc896d0a9d243
2026-08-10 20:29:25 | INFO | monitor_runtime | Dispatch scan completed | dispatchId=load | claimId=fb44593660824b538e0eda0bdb7a80e0 | deviceId=6a79ee55db8727cabe0f7dda | nextCheckAt=2026-08-10T15:29:55.745580+00:00 | claimedAt=2026-08-10T15:29:25.745580+00:00 | pingStartedAt=2026-08-10T15:29:25.809326+00:00 | pingCompletedAt=2026-08-10T15:29:25.820326+00:00 | queueWaitMs=1 | pingDurationMs=11 | dueLagMs=1381 | outcome=scanned | workers_active=7 | queue_depth=0
2026-08-10 20:29:25 | INFO | monitor_claim | Device scan claimed | deviceId=6a79ee55db8727cabe0f7ddf | claimId=892a9b48c4644edf932e0fb6f46ce447 | claimedAt=2026-08-10T15:29:25.745580+00:00 | nextCheckAt=2026-08-10T15:29:55.745580+00:00 | scanClaimExpiresAt=2026-08-10T15:29:40.745580+00:00 | ttlSeconds=15.0 | intervalSeconds=30
2026-08-10 20:29:25 | INFO | monitor_runtime | Dispatch scan completed | dispatchId=load | claimId=bb974034fa82424b955e56b3e560d6a0 | deviceId=6a79ee55db8727cabe0f7dd9 | nextCheckAt=2026-08-10T15:29:55.745580+00:00 | claimedAt=2026-08-10T15:29:25.745580+00:00 | pingStartedAt=2026-08-10T15:29:25.810326+00:00 | pingCompletedAt=2026-08-10T15:29:25.820326+00:00 | queueWaitMs=2 | pingDurationMs=10 | dueLagMs=1382 | outcome=scanned | workers_active=7 | queue_depth=0
2026-08-10 20:29:25 | INFO | monitor_claim | Device scan claim released | deviceId=6a79ee55db8727cabe0f7ddc | claimId=2b811a86f3304c32aa36fe4cce792b02
2026-08-10 20:29:25 | INFO | monitor_runtime | Dispatch scan completed | dispatchId=load | claimId=cdc249815c324e8591e725cb2187b24e | deviceId=6a79ee55db8727cabe0f7dd8 | nextCheckAt=2026-08-10T15:29:55.745580+00:00 | claimedAt=2026-08-10T15:29:25.745580+00:00 | pingStartedAt=2026-08-10T15:29:25.811326+00:00 | pingCompletedAt=2026-08-10T15:29:25.820326+00:00 | queueWaitMs=3 | pingDurationMs=9 | dueLagMs=1383 | outcome=scanned | workers_active=7 | queue_depth=0
2026-08-10 20:29:25 | INFO | monitor_claim | Device scan claim released | deviceId=6a79ee55db8727cabe0f7dda | claimId=fb44593660824b538e0eda0bdb7a80e0
2026-08-10 20:29:25 | INFO | monitor_runtime | Dispatch scan completed | dispatchId=load | claimId=10b9957ad06445a4810cd7840e2720e2 | deviceId=6a79ee55db8727cabe0f7dd7 | nextCheckAt=2026-08-10T15:29:55.745580+00:00 | claimedAt=2026-08-10T15:29:25.745580+00:00 | pingStartedAt=2026-08-10T15:29:25.812326+00:00 | pingCompletedAt=2026-08-10T15:29:25.820326+00:00 | queueWaitMs=2 | pingDurationMs=8 | dueLagMs=1384 | outcome=scanned | workers_active=7 | queue_depth=0
2026-08-10 20:29:25 | INFO | monitor_claim | Device scan claim released | deviceId=6a79ee55db8727cabe0f7dd7 | claimId=10b9957ad06445a4810cd7840e2720e2
2026-08-10 20:29:25 | INFO | monitor_claim | Device scan claim released | deviceId=6a79ee55db8727cabe0f7dd9 | claimId=bb974034fa82424b955e56b3e560d6a0
2026-08-10 20:29:25 | INFO | monitor_claim | Device scan claim released | deviceId=6a79ee55db8727cabe0f7dd8 | claimId=cdc249815c324e8591e725cb2187b24e
2026-08-10 20:29:25 | INFO | monitor_claim | Device scan claimed | deviceId=6a79ee55db8727cabe0f7de0 | claimId=df205f5f6de54f8abc44a6c8fcf36d45 | claimedAt=2026-08-10T15:29:25.745580+00:00 | nextCheckAt=2026-08-10T15:29:55.745580+00:00 | scanClaimExpiresAt=2026-08-10T15:29:40.745580+00:00 | ttlSeconds=15.0 | intervalSeconds=30
2026-08-10 20:29:25 | INFO | monitor_claim | Device scan claimed | deviceId=6a79ee55db8727cabe0f7de1 | claimId=375688e4de5a4b66a559d628a7c861ff | claimedAt=2026-08-10T15:29:25.745580+00:00 | nextCheckAt=2026-08-10T15:29:55.745580+00:00 | scanClaimExpiresAt=2026-08-10T15:29:40.745580+00:00 | ttlSeconds=15.0 | intervalSeconds=30
2026-08-10 20:29:25 | INFO | monitor_claim | Device scan claimed | deviceId=6a79ee55db8727cabe0f7de2 | claimId=49bd062b6cd5449385f4bf3a90d004ae | claimedAt=2026-08-10T15:29:25.745580+00:00 | nextCheckAt=2026-08-10T15:29:55.745580+00:00 | scanClaimExpiresAt=2026-08-10T15:29:40.745580+00:00 | ttlSeconds=15.0 | intervalSeconds=30
2026-08-10 20:29:25 | INFO | monitor_claim | Device scan claimed | deviceId=6a79ee55db8727cabe0f7de3 | claimId=93857a6a48cf4312a8872868079342a2 | claimedAt=2026-08-10T15:29:25.745580+00:00 | nextCheckAt=2026-08-10T15:29:55.745580+00:00 | scanClaimExpiresAt=2026-08-10T15:29:40.745580+00:00 | ttlSeconds=15.0 | intervalSeconds=30
2026-08-10 20:29:25 | INFO | monitor_claim | Device scan claimed | deviceId=6a79ee55db8727cabe0f7de4 | claimId=c2df586c599d41e8a0d9d6b197741147 | claimedAt=2026-08-10T15:29:25.745580+00:00 | nextCheckAt=2026-08-10T15:29:55.745580+00:00 | scanClaimExpiresAt=2026-08-10T15:29:40.745580+00:00 | ttlSeconds=15.0 | intervalSeconds=30
2026-08-10 20:29:25 | INFO | monitor_claim | Device scan claimed | deviceId=6a79ee55db8727cabe0f7de5 | claimId=1f90f9d6a7204b2fa6f7404ec5a2fe8a | claimedAt=2026-08-10T15:29:25.745580+00:00 | nextCheckAt=2026-08-10T15:29:55.745580+00:00 | scanClaimExpiresAt=2026-08-10T15:29:40.745580+00:00 | ttlSeconds=15.0 | intervalSeconds=30
2026-08-10 20:29:25 | INFO | monitor_runtime | Dispatch scan completed | dispatchId=load | claimId=f6b987765af94c42a91ff49f596d52dd | deviceId=6a79ee55db8727cabe0f7dde | nextCheckAt=2026-08-10T15:29:55.745580+00:00 | claimedAt=2026-08-10T15:29:25.745580+00:00 | pingStartedAt=2026-08-10T15:29:25.831589+00:00 | pingCompletedAt=2026-08-10T15:29:25.839589+00:00 | queueWaitMs=0 | pingDurationMs=8 | dueLagMs=1404 | outcome=scanned | workers_active=4 | queue_depth=5
2026-08-10 20:29:25 | INFO | monitor_claim | Device scan claim released | deviceId=6a79ee55db8727cabe0f7dde | claimId=f6b987765af94c42a91ff49f596d52dd
2026-08-10 20:29:25 | INFO | monitor_runtime | Dispatch scan completed | dispatchId=load | claimId=c25aa414528c422484b90799cb314bab | deviceId=6a79ee55db8727cabe0f7ddd | nextCheckAt=2026-08-10T15:29:55.745580+00:00 | claimedAt=2026-08-10T15:29:25.745580+00:00 | pingStartedAt=2026-08-10T15:29:25.828594+00:00 | pingCompletedAt=2026-08-10T15:29:25.842594+00:00 | queueWaitMs=28 | pingDurationMs=14 | dueLagMs=1401 | outcome=scanned | workers_active=6 | queue_depth=3
2026-08-10 20:29:25 | INFO | monitor_runtime | Dispatch scan completed | dispatchId=load | claimId=892a9b48c4644edf932e0fb6f46ce447 | deviceId=6a79ee55db8727cabe0f7ddf | nextCheckAt=2026-08-10T15:29:55.745580+00:00 | claimedAt=2026-08-10T15:29:25.745580+00:00 | pingStartedAt=2026-08-10T15:29:25.833594+00:00 | pingCompletedAt=2026-08-10T15:29:25.842594+00:00 | queueWaitMs=1 | pingDurationMs=9 | dueLagMs=1406 | outcome=scanned | workers_active=7 | queue_depth=2
2026-08-10 20:29:25 | INFO | monitor_claim | Device scan claim released | deviceId=6a79ee55db8727cabe0f7ddd | claimId=c25aa414528c422484b90799cb314bab
2026-08-10 20:29:25 | INFO | monitor_runtime | Dispatch scan completed | dispatchId=load | claimId=df205f5f6de54f8abc44a6c8fcf36d45 | deviceId=6a79ee55db8727cabe0f7de0 | nextCheckAt=2026-08-10T15:29:55.745580+00:00 | claimedAt=2026-08-10T15:29:25.745580+00:00 | pingStartedAt=2026-08-10T15:29:25.834026+00:00 | pingCompletedAt=2026-08-10T15:29:25.844026+00:00 | queueWaitMs=0 | pingDurationMs=10 | dueLagMs=1406 | outcome=scanned | workers_active=9 | queue_depth=0
2026-08-10 20:29:25 | INFO | monitor_claim | Device scan claim released | deviceId=6a79ee55db8727cabe0f7ddf | claimId=892a9b48c4644edf932e0fb6f46ce447
2026-08-10 20:29:25 | INFO | monitor_claim | Device scan claim released | deviceId=6a79ee55db8727cabe0f7de0 | claimId=df205f5f6de54f8abc44a6c8fcf36d45
2026-08-10 20:29:25 | INFO | monitor_runtime | Dispatch scan completed | dispatchId=load | claimId=1f90f9d6a7204b2fa6f7404ec5a2fe8a | deviceId=6a79ee55db8727cabe0f7de5 | nextCheckAt=2026-08-10T15:29:55.745580+00:00 | claimedAt=2026-08-10T15:29:25.745580+00:00 | pingStartedAt=2026-08-10T15:29:25.844183+00:00 | pingCompletedAt=2026-08-10T15:29:25.852183+00:00 | queueWaitMs=4 | pingDurationMs=8 | dueLagMs=1416 | outcome=scanned | workers_active=5 | queue_depth=0
2026-08-10 20:29:25 | INFO | monitor_claim | Device scan claim released | deviceId=6a79ee55db8727cabe0f7de5 | claimId=1f90f9d6a7204b2fa6f7404ec5a2fe8a
2026-08-10 20:29:25 | INFO | monitor_runtime | Dispatch scan completed | dispatchId=load | claimId=375688e4de5a4b66a559d628a7c861ff | deviceId=6a79ee55db8727cabe0f7de1 | nextCheckAt=2026-08-10T15:29:55.745580+00:00 | claimedAt=2026-08-10T15:29:25.745580+00:00 | pingStartedAt=2026-08-10T15:29:25.842702+00:00 | pingCompletedAt=2026-08-10T15:29:25.853702+00:00 | queueWaitMs=9 | pingDurationMs=11 | dueLagMs=1415 | outcome=scanned | workers_active=4 | queue_depth=0
2026-08-10 20:29:25 | INFO | monitor_claim | Device scan claim released | deviceId=6a79ee55db8727cabe0f7de1 | claimId=375688e4de5a4b66a559d628a7c861ff
2026-08-10 20:29:25 | INFO | monitor_runtime | Dispatch scan completed | dispatchId=load | claimId=49bd062b6cd5449385f4bf3a90d004ae | deviceId=6a79ee55db8727cabe0f7de2 | nextCheckAt=2026-08-10T15:29:55.745580+00:00 | claimedAt=2026-08-10T15:29:25.745580+00:00 | pingStartedAt=2026-08-10T15:29:25.842747+00:00 | pingCompletedAt=2026-08-10T15:29:25.854747+00:00 | queueWaitMs=6 | pingDurationMs=12 | dueLagMs=1415 | outcome=scanned | workers_active=4 | queue_depth=0
2026-08-10 20:29:25 | INFO | monitor_claim | Device scan claim released | deviceId=6a79ee55db8727cabe0f7de2 | claimId=49bd062b6cd5449385f4bf3a90d004ae
2026-08-10 20:29:25 | INFO | monitor_runtime | Dispatch scan completed | dispatchId=load | claimId=93857a6a48cf4312a8872868079342a2 | deviceId=6a79ee55db8727cabe0f7de3 | nextCheckAt=2026-08-10T15:29:55.745580+00:00 | claimedAt=2026-08-10T15:29:25.745580+00:00 | pingStartedAt=2026-08-10T15:29:25.843791+00:00 | pingCompletedAt=2026-08-10T15:29:25.856791+00:00 | queueWaitMs=6 | pingDurationMs=13 | dueLagMs=1416 | outcome=scanned | workers_active=2 | queue_depth=0
2026-08-10 20:29:25 | INFO | monitor_claim | Device scan claim released | deviceId=6a79ee55db8727cabe0f7de3 | claimId=93857a6a48cf4312a8872868079342a2
2026-08-10 20:29:25 | INFO | monitor_runtime | Dispatch scan completed | dispatchId=load | claimId=c2df586c599d41e8a0d9d6b197741147 | deviceId=6a79ee55db8727cabe0f7de4 | nextCheckAt=2026-08-10T15:29:55.745580+00:00 | claimedAt=2026-08-10T15:29:25.745580+00:00 | pingStartedAt=2026-08-10T15:29:25.843980+00:00 | pingCompletedAt=2026-08-10T15:29:25.857980+00:00 | queueWaitMs=5 | pingDurationMs=14 | dueLagMs=1416 | outcome=scanned | workers_active=2 | queue_depth=0
2026-08-10 20:29:25 | INFO | monitor_claim | Device scan claim released | deviceId=6a79ee55db8727cabe0f7de4 | claimId=c2df586c599d41e8a0d9d6b197741147
2026-08-10 20:29:25 | INFO | monitor_runtime | Monitor runtime stopped | wait=True | drainedQueued=0 | processed=15 | failures=0
MongoDB Connected Successfully!
Database: NetworkMonitor
  -> PASS wave=0.46s overlap=0 ping_p50=11.0 bottleneck=none
[inherit] devices=15 mix=all_up c=30 -> PASS (from c=20)
[inherit] devices=15 mix=all_up c=40 -> PASS (from c=30)
[inherit] devices=15 mix=all_up c=50 -> PASS (from c=40)
[inherit] devices=15 mix=all_up c=60 -> PASS (from c=50)
[inherit] devices=15 mix=all_up c=64 -> PASS (from c=60)
[run] devices=15 mix=half concurrency=20 ...
2026-08-10 20:29:25 | INFO | monitor_runtime | Monitor runtime started | workers=20 | queueMax=20
2026-08-10 20:29:25 | INFO | monitor_claim | Device scan claimed | deviceId=6a79ee55db8727cabe0f7de6 | claimId=82673ffbaecb4b208fc4f5fd51571815 | claimedAt=2026-08-10T15:29:25.912645+00:00 | nextCheckAt=2026-08-10T15:29:55.912645+00:00 | scanClaimExpiresAt=2026-08-10T15:29:40.912645+00:00 | ttlSeconds=15.0 | intervalSeconds=30
2026-08-10 20:29:25 | INFO | monitor_claim | Device scan claimed | deviceId=6a79ee55db8727cabe0f7de7 | claimId=fdbf0305463346b6a6240ef7db50b51e | claimedAt=2026-08-10T15:29:25.912645+00:00 | nextCheckAt=2026-08-10T15:29:55.912645+00:00 | scanClaimExpiresAt=2026-08-10T15:29:40.912645+00:00 | ttlSeconds=15.0 | intervalSeconds=30
2026-08-10 20:29:25 | INFO | monitor_claim | Device scan claimed | deviceId=6a79ee55db8727cabe0f7de8 | claimId=8ad498409f9e411a82f7729ac41c8cab | claimedAt=2026-08-10T15:29:25.912645+00:00 | nextCheckAt=2026-08-10T15:29:55.912645+00:00 | scanClaimExpiresAt=2026-08-10T15:29:40.912645+00:00 | ttlSeconds=15.0 | intervalSeconds=30
2026-08-10 20:29:25 | INFO | monitor_claim | Device scan claimed | deviceId=6a79ee55db8727cabe0f7de9 | claimId=32f4a1d2741e43e58c0b7dd80e5cf9bb | claimedAt=2026-08-10T15:29:25.912645+00:00 | nextCheckAt=2026-08-10T15:29:55.912645+00:00 | scanClaimExpiresAt=2026-08-10T15:29:40.912645+00:00 | ttlSeconds=15.0 | intervalSeconds=30
2026-08-10 20:29:25 | INFO | monitor_claim | Device scan claimed | deviceId=6a79ee55db8727cabe0f7dea | claimId=778237763ac94a9a9cd863c83573425b | claimedAt=2026-08-10T15:29:25.912645+00:00 | nextCheckAt=2026-08-10T15:29:55.912645+00:00 | scanClaimExpiresAt=2026-08-10T15:29:40.912645+00:00 | ttlSeconds=15.0 | intervalSeconds=30
2026-08-10 20:29:25 | INFO | monitor_claim | Device scan claimed | deviceId=6a79ee55db8727cabe0f7deb | claimId=b13d6489a04648f9b1bedf7d5dfd0012 | claimedAt=2026-08-10T15:29:25.912645+00:00 | nextCheckAt=2026-08-10T15:29:55.912645+00:00 | scanClaimExpiresAt=2026-08-10T15:29:40.912645+00:00 | ttlSeconds=15.0 | intervalSeconds=30
2026-08-10 20:29:25 | INFO | monitor_claim | Device scan claimed | deviceId=6a79ee55db8727cabe0f7dec | claimId=1ce8ea78b5da4c019d8bd1af421b8067 | claimedAt=2026-08-10T15:29:25.912645+00:00 | nextCheckAt=2026-08-10T15:29:55.912645+00:00 | scanClaimExpiresAt=2026-08-10T15:29:40.912645+00:00 | ttlSeconds=15.0 | intervalSeconds=30
2026-08-10 20:29:25 | INFO | monitor_claim | Device scan claimed | deviceId=6a79ee55db8727cabe0f7ded | claimId=8c33d6a295894f78a0aca95c1a4d9587 | claimedAt=2026-08-10T15:29:25.912645+00:00 | nextCheckAt=2026-08-10T15:29:55.912645+00:00 | scanClaimExpiresAt=2026-08-10T15:29:40.912645+00:00 | ttlSeconds=15.0 | intervalSeconds=30
2026-08-10 20:29:25 | INFO | monitor_claim | Device scan claimed | deviceId=6a79ee55db8727cabe0f7dee | claimId=7bc965bbcbd24200bd5eecd6379921ec | claimedAt=2026-08-10T15:29:25.912645+00:00 | nextCheckAt=2026-08-10T15:29:55.912645+00:00 | scanClaimExpiresAt=2026-08-10T15:29:40.912645+00:00 | ttlSeconds=15.0 | intervalSeconds=30
2026-08-10 20:29:25 | INFO | monitor_claim | Device scan claimed | deviceId=6a79ee55db8727cabe0f7def | claimId=a4c6ddf8f7e54084bcbd8b4a6552705f | claimedAt=2026-08-10T15:29:25.912645+00:00 | nextCheckAt=2026-08-10T15:29:55.912645+00:00 | scanClaimExpiresAt=2026-08-10T15:29:40.912645+00:00 | ttlSeconds=15.0 | intervalSeconds=30
2026-08-10 20:29:25 | INFO | monitor_claim | Device scan claimed | deviceId=6a79ee55db8727cabe0f7df0 | claimId=b185a3dae0ec40768e70849cbe216e95 | claimedAt=2026-08-10T15:29:25.912645+00:00 | nextCheckAt=2026-08-10T15:29:55.912645+00:00 | scanClaimExpiresAt=2026-08-10T15:29:40.912645+00:00 | ttlSeconds=15.0 | intervalSeconds=30
2026-08-10 20:29:25 | INFO | monitor_claim | Device scan claimed | deviceId=6a79ee55db8727cabe0f7df1 | claimId=87522f014cc24a859d5007e4969f7714 | claimedAt=2026-08-10T15:29:25.912645+00:00 | nextCheckAt=2026-08-10T15:29:55.912645+00:00 | scanClaimExpiresAt=2026-08-10T15:29:40.912645+00:00 | ttlSeconds=15.0 | intervalSeconds=30
2026-08-10 20:29:25 | INFO | monitor_runtime | Dispatch scan completed | dispatchId=load | claimId=82673ffbaecb4b208fc4f5fd51571815 | deviceId=6a79ee55db8727cabe0f7de6 | nextCheckAt=2026-08-10T15:29:55.912645+00:00 | claimedAt=2026-08-10T15:29:25.912645+00:00 | pingStartedAt=2026-08-10T15:29:25.917605+00:00 | pingCompletedAt=2026-08-10T15:29:25.927605+00:00 | queueWaitMs=1 | pingDurationMs=10 | dueLagMs=1018 | outcome=scanned | workers_active=11 | queue_depth=0
2026-08-10 20:29:25 | INFO | monitor_claim | Device scan claimed | deviceId=6a79ee55db8727cabe0f7df2 | claimId=bead0aa964fd4164acd75f94aa6fd6a9 | claimedAt=2026-08-10T15:29:25.912645+00:00 | nextCheckAt=2026-08-10T15:29:55.912645+00:00 | scanClaimExpiresAt=2026-08-10T15:29:40.912645+00:00 | ttlSeconds=15.0 | intervalSeconds=30
2026-08-10 20:29:25 | INFO | monitor_runtime | Dispatch scan completed | dispatchId=load | claimId=8ad498409f9e411a82f7729ac41c8cab | deviceId=6a79ee55db8727cabe0f7de8 | nextCheckAt=2026-08-10T15:29:55.912645+00:00 | claimedAt=2026-08-10T15:29:25.912645+00:00 | pingStartedAt=2026-08-10T15:29:25.920654+00:00 | pingCompletedAt=2026-08-10T15:29:25.930654+00:00 | queueWaitMs=0 | pingDurationMs=10 | dueLagMs=1021 | outcome=scanned | workers_active=11 | queue_depth=2
2026-08-10 20:29:25 | INFO | monitor_claim | Device scan claim released | deviceId=6a79ee55db8727cabe0f7de6 | claimId=82673ffbaecb4b208fc4f5fd51571815
2026-08-10 20:29:25 | INFO | monitor_claim | Device scan claimed | deviceId=6a79ee55db8727cabe0f7df3 | claimId=6f5c8335d1644a3dafa4eb30112fce20 | claimedAt=2026-08-10T15:29:25.912645+00:00 | nextCheckAt=2026-08-10T15:29:55.912645+00:00 | scanClaimExpiresAt=2026-08-10T15:29:40.912645+00:00 | ttlSeconds=15.0 | intervalSeconds=30
2026-08-10 20:29:25 | INFO | monitor_claim | Device scan claim released | deviceId=6a79ee55db8727cabe0f7de8 | claimId=8ad498409f9e411a82f7729ac41c8cab
2026-08-10 20:29:25 | INFO | monitor_claim | Device scan claimed | deviceId=6a79ee55db8727cabe0f7df4 | claimId=eeec01d37f6243d4aae82eb99a29373c | claimedAt=2026-08-10T15:29:25.912645+00:00 | nextCheckAt=2026-08-10T15:29:55.912645+00:00 | scanClaimExpiresAt=2026-08-10T15:29:40.912645+00:00 | ttlSeconds=15.0 | intervalSeconds=30
2026-08-10 20:29:25 | INFO | monitor_runtime | Dispatch scan completed | dispatchId=load | claimId=1ce8ea78b5da4c019d8bd1af421b8067 | deviceId=6a79ee55db8727cabe0f7dec | nextCheckAt=2026-08-10T15:29:55.912645+00:00 | claimedAt=2026-08-10T15:29:25.912645+00:00 | pingStartedAt=2026-08-10T15:29:25.925548+00:00 | pingCompletedAt=2026-08-10T15:29:25.935548+00:00 | queueWaitMs=3 | pingDurationMs=10 | dueLagMs=1026 | outcome=scanned | workers_active=13 | queue_depth=0
2026-08-10 20:29:25 | INFO | monitor_runtime | Dispatch scan completed | dispatchId=load | claimId=778237763ac94a9a9cd863c83573425b | deviceId=6a79ee55db8727cabe0f7dea | nextCheckAt=2026-08-10T15:29:55.912645+00:00 | claimedAt=2026-08-10T15:29:25.912645+00:00 | pingStartedAt=2026-08-10T15:29:25.925548+00:00 | pingCompletedAt=2026-08-10T15:29:25.935548+00:00 | queueWaitMs=4 | pingDurationMs=10 | dueLagMs=1026 | outcome=scanned | workers_active=13 | queue_depth=0
2026-08-10 20:29:25 | INFO | monitor_claim | Device scan claim released | deviceId=6a79ee55db8727cabe0f7dec | claimId=1ce8ea78b5da4c019d8bd1af421b8067
2026-08-10 20:29:25 | INFO | monitor_runtime | Dispatch scan completed | dispatchId=load | claimId=7bc965bbcbd24200bd5eecd6379921ec | deviceId=6a79ee55db8727cabe0f7dee | nextCheckAt=2026-08-10T15:29:55.912645+00:00 | claimedAt=2026-08-10T15:29:25.912645+00:00 | pingStartedAt=2026-08-10T15:29:25.926071+00:00 | pingCompletedAt=2026-08-10T15:29:25.936071+00:00 | queueWaitMs=1 | pingDurationMs=10 | dueLagMs=1026 | outcome=scanned | workers_active=13 | queue_depth=0
2026-08-10 20:29:25 | INFO | monitor_claim | Device scan claim released | deviceId=6a79ee55db8727cabe0f7dea | claimId=778237763ac94a9a9cd863c83573425b
2026-08-10 20:29:25 | INFO | monitor_claim | Device scan claim released | deviceId=6a79ee55db8727cabe0f7dee | claimId=7bc965bbcbd24200bd5eecd6379921ec
2026-08-10 20:29:25 | INFO | monitor_runtime | Dispatch scan completed | dispatchId=load | claimId=b185a3dae0ec40768e70849cbe216e95 | deviceId=6a79ee55db8727cabe0f7df0 | nextCheckAt=2026-08-10T15:29:55.912645+00:00 | claimedAt=2026-08-10T15:29:25.912645+00:00 | pingStartedAt=2026-08-10T15:29:25.928414+00:00 | pingCompletedAt=2026-08-10T15:29:25.938414+00:00 | queueWaitMs=1 | pingDurationMs=10 | dueLagMs=1029 | outcome=scanned | workers_active=11 | queue_depth=0
2026-08-10 20:29:25 | INFO | monitor_claim | Device scan claim released | deviceId=6a79ee55db8727cabe0f7df0 | claimId=b185a3dae0ec40768e70849cbe216e95
2026-08-10 20:29:25 | INFO | monitor_runtime | Dispatch scan completed | dispatchId=load | claimId=bead0aa964fd4164acd75f94aa6fd6a9 | deviceId=6a79ee55db8727cabe0f7df2 | nextCheckAt=2026-08-10T15:29:55.912645+00:00 | claimedAt=2026-08-10T15:29:25.912645+00:00 | pingStartedAt=2026-08-10T15:29:25.932380+00:00 | pingCompletedAt=2026-08-10T15:29:25.942380+00:00 | queueWaitMs=1 | pingDurationMs=10 | dueLagMs=1033 | outcome=scanned | workers_active=9 | queue_depth=0
2026-08-10 20:29:25 | INFO | monitor_claim | Device scan claim released | deviceId=6a79ee55db8727cabe0f7df2 | claimId=bead0aa964fd4164acd75f94aa6fd6a9
2026-08-10 20:29:25 | INFO | monitor_runtime | Dispatch scan completed | dispatchId=load | claimId=eeec01d37f6243d4aae82eb99a29373c | deviceId=6a79ee55db8727cabe0f7df4 | nextCheckAt=2026-08-10T15:29:55.912645+00:00 | claimedAt=2026-08-10T15:29:25.912645+00:00 | pingStartedAt=2026-08-10T15:29:25.934910+00:00 | pingCompletedAt=2026-08-10T15:29:25.944910+00:00 | queueWaitMs=0 | pingDurationMs=10 | dueLagMs=1035 | outcome=scanned | workers_active=8 | queue_depth=0
2026-08-10 20:29:25 | INFO | monitor_claim | Device scan claim released | deviceId=6a79ee55db8727cabe0f7df4 | claimId=eeec01d37f6243d4aae82eb99a29373c
2026-08-10 20:29:28 | INFO | monitor_runtime | Dispatch scan completed | dispatchId=load | claimId=fdbf0305463346b6a6240ef7db50b51e | deviceId=6a79ee55db8727cabe0f7de7 | nextCheckAt=2026-08-10T15:29:55.912645+00:00 | claimedAt=2026-08-10T15:29:25.912645+00:00 | pingStartedAt=2026-08-10T15:29:25.918832+00:00 | pingCompletedAt=2026-08-10T15:29:28.918832+00:00 | queueWaitMs=0 | pingDurationMs=3000 | dueLagMs=1019 | outcome=scanned | workers_active=7 | queue_depth=0
2026-08-10 20:29:28 | INFO | monitor_claim | Device scan claim released | deviceId=6a79ee55db8727cabe0f7de7 | claimId=fdbf0305463346b6a6240ef7db50b51e
2026-08-10 20:29:28 | INFO | monitor_runtime | Dispatch scan completed | dispatchId=load | claimId=32f4a1d2741e43e58c0b7dd80e5cf9bb | deviceId=6a79ee55db8727cabe0f7de9 | nextCheckAt=2026-08-10T15:29:55.912645+00:00 | claimedAt=2026-08-10T15:29:25.912645+00:00 | pingStartedAt=2026-08-10T15:29:25.925281+00:00 | pingCompletedAt=2026-08-10T15:29:28.925281+00:00 | queueWaitMs=5 | pingDurationMs=3000 | dueLagMs=1026 | outcome=scanned | workers_active=6 | queue_depth=0
2026-08-10 20:29:28 | INFO | monitor_runtime | Dispatch scan completed | dispatchId=load | claimId=b13d6489a04648f9b1bedf7d5dfd0012 | deviceId=6a79ee55db8727cabe0f7deb | nextCheckAt=2026-08-10T15:29:55.912645+00:00 | claimedAt=2026-08-10T15:29:25.912645+00:00 | pingStartedAt=2026-08-10T15:29:25.925873+00:00 | pingCompletedAt=2026-08-10T15:29:28.925873+00:00 | queueWaitMs=3 | pingDurationMs=3000 | dueLagMs=1026 | outcome=scanned | workers_active=6 | queue_depth=0
2026-08-10 20:29:28 | INFO | monitor_claim | Device scan claim released | deviceId=6a79ee55db8727cabe0f7de9 | claimId=32f4a1d2741e43e58c0b7dd80e5cf9bb
2026-08-10 20:29:28 | INFO | monitor_runtime | Dispatch scan completed | dispatchId=load | claimId=8c33d6a295894f78a0aca95c1a4d9587 | deviceId=6a79ee55db8727cabe0f7ded | nextCheckAt=2026-08-10T15:29:55.912645+00:00 | claimedAt=2026-08-10T15:29:25.912645+00:00 | pingStartedAt=2026-08-10T15:29:25.925873+00:00 | pingCompletedAt=2026-08-10T15:29:28.925873+00:00 | queueWaitMs=2 | pingDurationMs=3000 | dueLagMs=1026 | outcome=scanned | workers_active=6 | queue_depth=0
2026-08-10 20:29:28 | INFO | monitor_claim | Device scan claim released | deviceId=6a79ee55db8727cabe0f7deb | claimId=b13d6489a04648f9b1bedf7d5dfd0012
2026-08-10 20:29:28 | INFO | monitor_runtime | Dispatch scan completed | dispatchId=load | claimId=a4c6ddf8f7e54084bcbd8b4a6552705f | deviceId=6a79ee55db8727cabe0f7def | nextCheckAt=2026-08-10T15:29:55.912645+00:00 | claimedAt=2026-08-10T15:29:25.912645+00:00 | pingStartedAt=2026-08-10T15:29:25.927572+00:00 | pingCompletedAt=2026-08-10T15:29:28.927572+00:00 | queueWaitMs=1 | pingDurationMs=3000 | dueLagMs=1028 | outcome=scanned | workers_active=6 | queue_depth=0
2026-08-10 20:29:28 | INFO | monitor_claim | Device scan claim released | deviceId=6a79ee55db8727cabe0f7ded | claimId=8c33d6a295894f78a0aca95c1a4d9587
2026-08-10 20:29:28 | INFO | monitor_claim | Device scan claim released | deviceId=6a79ee55db8727cabe0f7def | claimId=a4c6ddf8f7e54084bcbd8b4a6552705f
2026-08-10 20:29:28 | INFO | monitor_runtime | Dispatch scan completed | dispatchId=load | claimId=87522f014cc24a859d5007e4969f7714 | deviceId=6a79ee55db8727cabe0f7df1 | nextCheckAt=2026-08-10T15:29:55.912645+00:00 | claimedAt=2026-08-10T15:29:25.912645+00:00 | pingStartedAt=2026-08-10T15:29:25.932284+00:00 | pingCompletedAt=2026-08-10T15:29:28.932284+00:00 | queueWaitMs=4 | pingDurationMs=3000 | dueLagMs=1033 | outcome=scanned | workers_active=3 | queue_depth=0
2026-08-10 20:29:28 | INFO | monitor_claim | Device scan claim released | deviceId=6a79ee55db8727cabe0f7df1 | claimId=87522f014cc24a859d5007e4969f7714
2026-08-10 20:29:28 | INFO | monitor_runtime | Dispatch scan completed | dispatchId=load | claimId=6f5c8335d1644a3dafa4eb30112fce20 | deviceId=6a79ee55db8727cabe0f7df3 | nextCheckAt=2026-08-10T15:29:55.912645+00:00 | claimedAt=2026-08-10T15:29:25.912645+00:00 | pingStartedAt=2026-08-10T15:29:25.934388+00:00 | pingCompletedAt=2026-08-10T15:29:28.934388+00:00 | queueWaitMs=0 | pingDurationMs=3000 | dueLagMs=1035 | outcome=scanned | workers_active=1 | queue_depth=0
2026-08-10 20:29:28 | INFO | monitor_claim | Device scan claim released | deviceId=6a79ee55db8727cabe0f7df3 | claimId=6f5c8335d1644a3dafa4eb30112fce20
2026-08-10 20:29:28 | INFO | monitor_runtime | Monitor runtime stopped | wait=True | drainedQueued=0 | processed=15 | failures=0
  -> PASS wave=3.06s overlap=0 ping_p50=10.0 bottleneck=none
[inherit] devices=15 mix=half c=30 -> PASS (from c=20)
[inherit] devices=15 mix=half c=40 -> PASS (from c=30)
[inherit] devices=15 mix=half c=50 -> PASS (from c=40)
[inherit] devices=15 mix=half c=60 -> PASS (from c=50)
[inherit] devices=15 mix=half c=64 -> PASS (from c=60)
[run] devices=15 mix=all_down concurrency=20 ...
2026-08-10 20:29:28 | INFO | monitor_runtime | Monitor runtime started | workers=20 | queueMax=20
2026-08-10 20:29:28 | INFO | monitor_claim | Device scan claimed | deviceId=6a79ee58db8727cabe0f7df5 | claimId=bb4f3dffd796495cbfaff5685293e17d | claimedAt=2026-08-10T15:29:28.987576+00:00 | nextCheckAt=2026-08-10T15:29:58.987576+00:00 | scanClaimExpiresAt=2026-08-10T15:29:43.987576+00:00 | ttlSeconds=15.0 | intervalSeconds=30
2026-08-10 20:29:28 | INFO | monitor_claim | Device scan claimed | deviceId=6a79ee58db8727cabe0f7df6 | claimId=ea87278712c64e0498626452a2815d71 | claimedAt=2026-08-10T15:29:28.987576+00:00 | nextCheckAt=2026-08-10T15:29:58.987576+00:00 | scanClaimExpiresAt=2026-08-10T15:29:43.987576+00:00 | ttlSeconds=15.0 | intervalSeconds=30
2026-08-10 20:29:28 | INFO | monitor_claim | Device scan claimed | deviceId=6a79ee58db8727cabe0f7df7 | claimId=76418d37ba1b4ceca1eb81857b723edd | claimedAt=2026-08-10T15:29:28.987576+00:00 | nextCheckAt=2026-08-10T15:29:58.987576+00:00 | scanClaimExpiresAt=2026-08-10T15:29:43.987576+00:00 | ttlSeconds=15.0 | intervalSeconds=30
2026-08-10 20:29:28 | INFO | monitor_claim | Device scan claimed | deviceId=6a79ee58db8727cabe0f7df8 | claimId=c6eb8688e28e424fba722c1907bf826d | claimedAt=2026-08-10T15:29:28.987576+00:00 | nextCheckAt=2026-08-10T15:29:58.987576+00:00 | scanClaimExpiresAt=2026-08-10T15:29:43.987576+00:00 | ttlSeconds=15.0 | intervalSeconds=30
2026-08-10 20:29:28 | INFO | monitor_claim | Device scan claimed | deviceId=6a79ee58db8727cabe0f7df9 | claimId=b5def87e65ec4ab4ae27d49e1d5d2c7c | claimedAt=2026-08-10T15:29:28.987576+00:00 | nextCheckAt=2026-08-10T15:29:58.987576+00:00 | scanClaimExpiresAt=2026-08-10T15:29:43.987576+00:00 | ttlSeconds=15.0 | intervalSeconds=30
2026-08-10 20:29:28 | INFO | monitor_claim | Device scan claimed | deviceId=6a79ee58db8727cabe0f7dfa | claimId=555c1e49ebd944caaa071b14f55f9fa7 | claimedAt=2026-08-10T15:29:28.987576+00:00 | nextCheckAt=2026-08-10T15:29:58.987576+00:00 | scanClaimExpiresAt=2026-08-10T15:29:43.987576+00:00 | ttlSeconds=15.0 | intervalSeconds=30
2026-08-10 20:29:28 | INFO | monitor_claim | Device scan claimed | deviceId=6a79ee58db8727cabe0f7dfb | claimId=cc3a03f9137941a8b30c11c665f82b2b | claimedAt=2026-08-10T15:29:28.987576+00:00 | nextCheckAt=2026-08-10T15:29:58.987576+00:00 | scanClaimExpiresAt=2026-08-10T15:29:43.987576+00:00 | ttlSeconds=15.0 | intervalSeconds=30
2026-08-10 20:29:28 | INFO | monitor_claim | Device scan claimed | deviceId=6a79ee58db8727cabe0f7dfc | claimId=c4a25282037b4c40b307dfca33450d43 | claimedAt=2026-08-10T15:29:28.987576+00:00 | nextCheckAt=2026-08-10T15:29:58.987576+00:00 | scanClaimExpiresAt=2026-08-10T15:29:43.987576+00:00 | ttlSeconds=15.0 | intervalSeconds=30
2026-08-10 20:29:29 | INFO | monitor_claim | Device scan claimed | deviceId=6a79ee58db8727cabe0f7dfd | claimId=81e707c2604645aa86b5359cdd299002 | claimedAt=2026-08-10T15:29:28.987576+00:00 | nextCheckAt=2026-08-10T15:29:58.987576+00:00 | scanClaimExpiresAt=2026-08-10T15:29:43.987576+00:00 | ttlSeconds=15.0 | intervalSeconds=30
2026-08-10 20:29:29 | INFO | monitor_claim | Device scan claimed | deviceId=6a79ee58db8727cabe0f7dfe | claimId=aa4a9be9122e4ac183e07b91f5480611 | claimedAt=2026-08-10T15:29:28.987576+00:00 | nextCheckAt=2026-08-10T15:29:58.987576+00:00 | scanClaimExpiresAt=2026-08-10T15:29:43.987576+00:00 | ttlSeconds=15.0 | intervalSeconds=30
2026-08-10 20:29:29 | INFO | monitor_claim | Device scan claimed | deviceId=6a79ee58db8727cabe0f7dff | claimId=d39927b242ee49e8a830bf60149476de | claimedAt=2026-08-10T15:29:28.987576+00:00 | nextCheckAt=2026-08-10T15:29:58.987576+00:00 | scanClaimExpiresAt=2026-08-10T15:29:43.987576+00:00 | ttlSeconds=15.0 | intervalSeconds=30
2026-08-10 20:29:29 | INFO | monitor_claim | Device scan claimed | deviceId=6a79ee58db8727cabe0f7e00 | claimId=e714ea00c7684839a9c97ecf9ef41659 | claimedAt=2026-08-10T15:29:28.987576+00:00 | nextCheckAt=2026-08-10T15:29:58.987576+00:00 | scanClaimExpiresAt=2026-08-10T15:29:43.987576+00:00 | ttlSeconds=15.0 | intervalSeconds=30
2026-08-10 20:29:29 | INFO | monitor_claim | Device scan claimed | deviceId=6a79ee58db8727cabe0f7e01 | claimId=90f8a3d3e32b443692f86a261068cf73 | claimedAt=2026-08-10T15:29:28.987576+00:00 | nextCheckAt=2026-08-10T15:29:58.987576+00:00 | scanClaimExpiresAt=2026-08-10T15:29:43.987576+00:00 | ttlSeconds=15.0 | intervalSeconds=30
2026-08-10 20:29:29 | INFO | monitor_claim | Device scan claimed | deviceId=6a79ee58db8727cabe0f7e02 | claimId=3ce706a493c24ce9aeb676c5e19f2e50 | claimedAt=2026-08-10T15:29:28.987576+00:00 | nextCheckAt=2026-08-10T15:29:58.987576+00:00 | scanClaimExpiresAt=2026-08-10T15:29:43.987576+00:00 | ttlSeconds=15.0 | intervalSeconds=30
2026-08-10 20:29:29 | INFO | monitor_claim | Device scan claimed | deviceId=6a79ee58db8727cabe0f7e03 | claimId=f43c845a383e44ff8592c5074ed49d46 | claimedAt=2026-08-10T15:29:28.987576+00:00 | nextCheckAt=2026-08-10T15:29:58.987576+00:00 | scanClaimExpiresAt=2026-08-10T15:29:43.987576+00:00 | ttlSeconds=15.0 | intervalSeconds=30
2026-08-10 20:29:32 | INFO | monitor_runtime | Dispatch scan completed | dispatchId=load | claimId=bb4f3dffd796495cbfaff5685293e17d | deviceId=6a79ee58db8727cabe0f7df5 | nextCheckAt=2026-08-10T15:29:58.987576+00:00 | claimedAt=2026-08-10T15:29:28.987576+00:00 | pingStartedAt=2026-08-10T15:29:29.013271+00:00 | pingCompletedAt=2026-08-10T15:29:32.013271+00:00 | queueWaitMs=0 | pingDurationMs=3000 | dueLagMs=1042 | outcome=scanned | workers_active=15 | queue_depth=0
2026-08-10 20:29:32 | INFO | monitor_claim | Device scan claim released | deviceId=6a79ee58db8727cabe0f7df5 | claimId=bb4f3dffd796495cbfaff5685293e17d
2026-08-10 20:29:32 | INFO | monitor_runtime | Dispatch scan completed | dispatchId=load | claimId=76418d37ba1b4ceca1eb81857b723edd | deviceId=6a79ee58db8727cabe0f7df7 | nextCheckAt=2026-08-10T15:29:58.987576+00:00 | claimedAt=2026-08-10T15:29:28.987576+00:00 | pingStartedAt=2026-08-10T15:29:29.017270+00:00 | pingCompletedAt=2026-08-10T15:29:32.017270+00:00 | queueWaitMs=1 | pingDurationMs=3000 | dueLagMs=1046 | outcome=scanned | workers_active=14 | queue_depth=0
2026-08-10 20:29:32 | INFO | monitor_claim | Device scan claim released | deviceId=6a79ee58db8727cabe0f7df7 | claimId=76418d37ba1b4ceca1eb81857b723edd
2026-08-10 20:29:32 | INFO | monitor_runtime | Dispatch scan completed | dispatchId=load | claimId=ea87278712c64e0498626452a2815d71 | deviceId=6a79ee58db8727cabe0f7df6 | nextCheckAt=2026-08-10T15:29:58.987576+00:00 | claimedAt=2026-08-10T15:29:28.987576+00:00 | pingStartedAt=2026-08-10T15:29:29.022274+00:00 | pingCompletedAt=2026-08-10T15:29:32.022274+00:00 | queueWaitMs=1 | pingDurationMs=3000 | dueLagMs=1051 | outcome=scanned | workers_active=14 | queue_depth=0
2026-08-10 20:29:32 | INFO | monitor_claim | Device scan claim released | deviceId=6a79ee58db8727cabe0f7df6 | claimId=ea87278712c64e0498626452a2815d71
2026-08-10 20:29:32 | INFO | monitor_runtime | Dispatch scan completed | dispatchId=load | claimId=c6eb8688e28e424fba722c1907bf826d | deviceId=6a79ee58db8727cabe0f7df8 | nextCheckAt=2026-08-10T15:29:58.987576+00:00 | claimedAt=2026-08-10T15:29:28.987576+00:00 | pingStartedAt=2026-08-10T15:29:29.022274+00:00 | pingCompletedAt=2026-08-10T15:29:32.022274+00:00 | queueWaitMs=0 | pingDurationMs=3000 | dueLagMs=1051 | outcome=scanned | workers_active=14 | queue_depth=0
2026-08-10 20:29:32 | INFO | monitor_runtime | Dispatch scan completed | dispatchId=load | claimId=b5def87e65ec4ab4ae27d49e1d5d2c7c | deviceId=6a79ee58db8727cabe0f7df9 | nextCheckAt=2026-08-10T15:29:58.987576+00:00 | claimedAt=2026-08-10T15:29:28.987576+00:00 | pingStartedAt=2026-08-10T15:29:29.023274+00:00 | pingCompletedAt=2026-08-10T15:29:32.023274+00:00 | queueWaitMs=1 | pingDurationMs=3000 | dueLagMs=1052 | outcome=scanned | workers_active=14 | queue_depth=0
2026-08-10 20:29:32 | INFO | monitor_claim | Device scan claim released | deviceId=6a79ee58db8727cabe0f7df8 | claimId=c6eb8688e28e424fba722c1907bf826d
2026-08-10 20:29:32 | INFO | monitor_claim | Device scan claim released | deviceId=6a79ee58db8727cabe0f7df9 | claimId=b5def87e65ec4ab4ae27d49e1d5d2c7c
2026-08-10 20:29:32 | INFO | monitor_runtime | Dispatch scan completed | dispatchId=load | claimId=555c1e49ebd944caaa071b14f55f9fa7 | deviceId=6a79ee58db8727cabe0f7dfa | nextCheckAt=2026-08-10T15:29:58.987576+00:00 | claimedAt=2026-08-10T15:29:28.987576+00:00 | pingStartedAt=2026-08-10T15:29:29.028285+00:00 | pingCompletedAt=2026-08-10T15:29:32.028285+00:00 | queueWaitMs=0 | pingDurationMs=3000 | dueLagMs=1057 | outcome=scanned | workers_active=10 | queue_depth=0
2026-08-10 20:29:32 | INFO | monitor_claim | Device scan claim released | deviceId=6a79ee58db8727cabe0f7dfa | claimId=555c1e49ebd944caaa071b14f55f9fa7
2026-08-10 20:29:32 | INFO | monitor_runtime | Dispatch scan completed | dispatchId=load | claimId=cc3a03f9137941a8b30c11c665f82b2b | deviceId=6a79ee58db8727cabe0f7dfb | nextCheckAt=2026-08-10T15:29:58.987576+00:00 | claimedAt=2026-08-10T15:29:28.987576+00:00 | pingStartedAt=2026-08-10T15:29:29.029287+00:00 | pingCompletedAt=2026-08-10T15:29:32.029287+00:00 | queueWaitMs=0 | pingDurationMs=3000 | dueLagMs=1058 | outcome=scanned | workers_active=9 | queue_depth=0
2026-08-10 20:29:32 | INFO | monitor_claim | Device scan claim released | deviceId=6a79ee58db8727cabe0f7dfb | claimId=cc3a03f9137941a8b30c11c665f82b2b
2026-08-10 20:29:32 | INFO | monitor_runtime | Dispatch scan completed | dispatchId=load | claimId=c4a25282037b4c40b307dfca33450d43 | deviceId=6a79ee58db8727cabe0f7dfc | nextCheckAt=2026-08-10T15:29:58.987576+00:00 | claimedAt=2026-08-10T15:29:28.987576+00:00 | pingStartedAt=2026-08-10T15:29:29.035289+00:00 | pingCompletedAt=2026-08-10T15:29:32.035289+00:00 | queueWaitMs=3 | pingDurationMs=3000 | dueLagMs=1064 | outcome=scanned | workers_active=8 | queue_depth=0
2026-08-10 20:29:32 | INFO | monitor_claim | Device scan claim released | deviceId=6a79ee58db8727cabe0f7dfc | claimId=c4a25282037b4c40b307dfca33450d43
2026-08-10 20:29:32 | INFO | monitor_runtime | Dispatch scan completed | dispatchId=load | claimId=81e707c2604645aa86b5359cdd299002 | deviceId=6a79ee58db8727cabe0f7dfd | nextCheckAt=2026-08-10T15:29:58.987576+00:00 | claimedAt=2026-08-10T15:29:28.987576+00:00 | pingStartedAt=2026-08-10T15:29:29.037287+00:00 | pingCompletedAt=2026-08-10T15:29:32.037287+00:00 | queueWaitMs=1 | pingDurationMs=3000 | dueLagMs=1066 | outcome=scanned | workers_active=7 | queue_depth=0
2026-08-10 20:29:32 | INFO | monitor_claim | Device scan claim released | deviceId=6a79ee58db8727cabe0f7dfd | claimId=81e707c2604645aa86b5359cdd299002
2026-08-10 20:29:32 | INFO | monitor_runtime | Dispatch scan completed | dispatchId=load | claimId=d39927b242ee49e8a830bf60149476de | deviceId=6a79ee58db8727cabe0f7dff | nextCheckAt=2026-08-10T15:29:58.987576+00:00 | claimedAt=2026-08-10T15:29:28.987576+00:00 | pingStartedAt=2026-08-10T15:29:29.049828+00:00 | pingCompletedAt=2026-08-10T15:29:32.049828+00:00 | queueWaitMs=1 | pingDurationMs=3000 | dueLagMs=1079 | outcome=scanned | workers_active=6 | queue_depth=0
2026-08-10 20:29:32 | INFO | monitor_claim | Device scan claim released | deviceId=6a79ee58db8727cabe0f7dff | claimId=d39927b242ee49e8a830bf60149476de
2026-08-10 20:29:32 | INFO | monitor_runtime | Dispatch scan completed | dispatchId=load | claimId=aa4a9be9122e4ac183e07b91f5480611 | deviceId=6a79ee58db8727cabe0f7dfe | nextCheckAt=2026-08-10T15:29:58.987576+00:00 | claimedAt=2026-08-10T15:29:28.987576+00:00 | pingStartedAt=2026-08-10T15:29:29.050828+00:00 | pingCompletedAt=2026-08-10T15:29:32.050828+00:00 | queueWaitMs=2 | pingDurationMs=3000 | dueLagMs=1080 | outcome=scanned | workers_active=5 | queue_depth=0
2026-08-10 20:29:32 | INFO | monitor_claim | Device scan claim released | deviceId=6a79ee58db8727cabe0f7dfe | claimId=aa4a9be9122e4ac183e07b91f5480611
2026-08-10 20:29:32 | INFO | monitor_runtime | Dispatch scan completed | dispatchId=load | claimId=e714ea00c7684839a9c97ecf9ef41659 | deviceId=6a79ee58db8727cabe0f7e00 | nextCheckAt=2026-08-10T15:29:58.987576+00:00 | claimedAt=2026-08-10T15:29:28.987576+00:00 | pingStartedAt=2026-08-10T15:29:29.052835+00:00 | pingCompletedAt=2026-08-10T15:29:32.052835+00:00 | queueWaitMs=1 | pingDurationMs=3000 | dueLagMs=1082 | outcome=scanned | workers_active=4 | queue_depth=0
2026-08-10 20:29:32 | INFO | monitor_claim | Device scan claim released | deviceId=6a79ee58db8727cabe0f7e00 | claimId=e714ea00c7684839a9c97ecf9ef41659
2026-08-10 20:29:32 | INFO | monitor_runtime | Dispatch scan completed | dispatchId=load | claimId=90f8a3d3e32b443692f86a261068cf73 | deviceId=6a79ee58db8727cabe0f7e01 | nextCheckAt=2026-08-10T15:29:58.987576+00:00 | claimedAt=2026-08-10T15:29:28.987576+00:00 | pingStartedAt=2026-08-10T15:29:29.053835+00:00 | pingCompletedAt=2026-08-10T15:29:32.053835+00:00 | queueWaitMs=0 | pingDurationMs=3000 | dueLagMs=1083 | outcome=scanned | workers_active=3 | queue_depth=0
2026-08-10 20:29:32 | INFO | monitor_claim | Device scan claim released | deviceId=6a79ee58db8727cabe0f7e01 | claimId=90f8a3d3e32b443692f86a261068cf73
2026-08-10 20:29:32 | INFO | monitor_runtime | Dispatch scan completed | dispatchId=load | claimId=3ce706a493c24ce9aeb676c5e19f2e50 | deviceId=6a79ee58db8727cabe0f7e02 | nextCheckAt=2026-08-10T15:29:58.987576+00:00 | claimedAt=2026-08-10T15:29:28.987576+00:00 | pingStartedAt=2026-08-10T15:29:29.062360+00:00 | pingCompletedAt=2026-08-10T15:29:32.062360+00:00 | queueWaitMs=1 | pingDurationMs=3000 | dueLagMs=1091 | outcome=scanned | workers_active=2 | queue_depth=0
2026-08-10 20:29:32 | INFO | monitor_claim | Device scan claim released | deviceId=6a79ee58db8727cabe0f7e02 | claimId=3ce706a493c24ce9aeb676c5e19f2e50
2026-08-10 20:29:32 | INFO | monitor_runtime | Dispatch scan completed | dispatchId=load | claimId=f43c845a383e44ff8592c5074ed49d46 | deviceId=6a79ee58db8727cabe0f7e03 | nextCheckAt=2026-08-10T15:29:58.987576+00:00 | claimedAt=2026-08-10T15:29:28.987576+00:00 | pingStartedAt=2026-08-10T15:29:29.063361+00:00 | pingCompletedAt=2026-08-10T15:29:32.063361+00:00 | queueWaitMs=0 | pingDurationMs=3000 | dueLagMs=1092 | outcome=scanned | workers_active=1 | queue_depth=0
2026-08-10 20:29:32 | INFO | monitor_claim | Device scan claim released | deviceId=6a79ee58db8727cabe0f7e03 | claimId=f43c845a383e44ff8592c5074ed49d46
2026-08-10 20:29:32 | INFO | monitor_runtime | Monitor runtime stopped | wait=True | drainedQueued=0 | processed=15 | failures=0
  -> PASS wave=3.13s overlap=0 ping_p50=3000.0 bottleneck=none
[inherit] devices=15 mix=all_down c=30 -> PASS (from c=20)
[inherit] devices=15 mix=all_down c=40 -> PASS (from c=30)
[inherit] devices=15 mix=all_down c=50 -> PASS (from c=40)
[inherit] devices=15 mix=all_down c=60 -> PASS (from c=50)
[inherit] devices=15 mix=all_down c=64 -> PASS (from c=60)
[run] devices=15 mix=intermittent concurrency=20 ...
2026-08-10 20:29:32 | INFO | monitor_runtime | Monitor runtime started | workers=20 | queueMax=20
2026-08-10 20:29:32 | INFO | monitor_claim | Device scan claimed | deviceId=6a79ee5cdb8727cabe0f7e04 | claimId=38c8f976e2f348ccbf60b542b479c07b | claimedAt=2026-08-10T15:29:32.179047+00:00 | nextCheckAt=2026-08-10T15:30:02.179047+00:00 | scanClaimExpiresAt=2026-08-10T15:29:47.179047+00:00 | ttlSeconds=15.0 | intervalSeconds=30
2026-08-10 20:29:32 | INFO | monitor_claim | Device scan claimed | deviceId=6a79ee5cdb8727cabe0f7e05 | claimId=e01eb22e4e304e459801429bc232012f | claimedAt=2026-08-10T15:29:32.179047+00:00 | nextCheckAt=2026-08-10T15:30:02.179047+00:00 | scanClaimExpiresAt=2026-08-10T15:29:47.179047+00:00 | ttlSeconds=15.0 | intervalSeconds=30
2026-08-10 20:29:32 | INFO | monitor_claim | Device scan claimed | deviceId=6a79ee5cdb8727cabe0f7e06 | claimId=084b0c104f364b518e9ebb0dc0eaddb1 | claimedAt=2026-08-10T15:29:32.179047+00:00 | nextCheckAt=2026-08-10T15:30:02.179047+00:00 | scanClaimExpiresAt=2026-08-10T15:29:47.179047+00:00 | ttlSeconds=15.0 | intervalSeconds=30
2026-08-10 20:29:32 | INFO | monitor_claim | Device scan claimed | deviceId=6a79ee5cdb8727cabe0f7e07 | claimId=53df71e380974c0fa077d864558c2648 | claimedAt=2026-08-10T15:29:32.179047+00:00 | nextCheckAt=2026-08-10T15:30:02.179047+00:00 | scanClaimExpiresAt=2026-08-10T15:29:47.179047+00:00 | ttlSeconds=15.0 | intervalSeconds=30
2026-08-10 20:29:32 | INFO | monitor_claim | Device scan claimed | deviceId=6a79ee5cdb8727cabe0f7e08 | claimId=bc64d87e2f2646bb8cb39cdcfbd347e8 | claimedAt=2026-08-10T15:29:32.179047+00:00 | nextCheckAt=2026-08-10T15:30:02.179047+00:00 | scanClaimExpiresAt=2026-08-10T15:29:47.179047+00:00 | ttlSeconds=15.0 | intervalSeconds=30
2026-08-10 20:29:32 | INFO | monitor_claim | Device scan claimed | deviceId=6a79ee5cdb8727cabe0f7e09 | claimId=5338a1239a024b5780f97e2e34c82c1e | claimedAt=2026-08-10T15:29:32.179047+00:00 | nextCheckAt=2026-08-10T15:30:02.179047+00:00 | scanClaimExpiresAt=2026-08-10T15:29:47.179047+00:00 | ttlSeconds=15.0 | intervalSeconds=30
2026-08-10 20:29:32 | INFO | monitor_claim | Device scan claimed | deviceId=6a79ee5cdb8727cabe0f7e0a | claimId=ca5a3f2e948c4dbba77682215be4c3e0 | claimedAt=2026-08-10T15:29:32.179047+00:00 | nextCheckAt=2026-08-10T15:30:02.179047+00:00 | scanClaimExpiresAt=2026-08-10T15:29:47.179047+00:00 | ttlSeconds=15.0 | intervalSeconds=30
2026-08-10 20:29:32 | INFO | monitor_claim | Device scan claimed | deviceId=6a79ee5cdb8727cabe0f7e0b | claimId=055d7af4cc4b4504b4e95725d37e0014 | claimedAt=2026-08-10T15:29:32.179047+00:00 | nextCheckAt=2026-08-10T15:30:02.179047+00:00 | scanClaimExpiresAt=2026-08-10T15:29:47.179047+00:00 | ttlSeconds=15.0 | intervalSeconds=30
2026-08-10 20:29:32 | INFO | monitor_claim | Device scan claimed | deviceId=6a79ee5cdb8727cabe0f7e0c | claimId=850d6235aaa0495bb4ea3c29a0da8a7c | claimedAt=2026-08-10T15:29:32.179047+00:00 | nextCheckAt=2026-08-10T15:30:02.179047+00:00 | scanClaimExpiresAt=2026-08-10T15:29:47.179047+00:00 | ttlSeconds=15.0 | intervalSeconds=30
2026-08-10 20:29:32 | INFO | monitor_claim | Device scan claimed | deviceId=6a79ee5cdb8727cabe0f7e0d | claimId=4d660f8bd858454da57e510e87d9ff28 | claimedAt=2026-08-10T15:29:32.179047+00:00 | nextCheckAt=2026-08-10T15:30:02.179047+00:00 | scanClaimExpiresAt=2026-08-10T15:29:47.179047+00:00 | ttlSeconds=15.0 | intervalSeconds=30
2026-08-10 20:29:32 | INFO | monitor_claim | Device scan claimed | deviceId=6a79ee5cdb8727cabe0f7e0e | claimId=20acbbc5032146debfd41ffc6ab99c44 | claimedAt=2026-08-10T15:29:32.179047+00:00 | nextCheckAt=2026-08-10T15:30:02.179047+00:00 | scanClaimExpiresAt=2026-08-10T15:29:47.179047+00:00 | ttlSeconds=15.0 | intervalSeconds=30
2026-08-10 20:29:32 | INFO | monitor_claim | Device scan claimed | deviceId=6a79ee5cdb8727cabe0f7e0f | claimId=00ca1aa4c0f04901bea74ebacfbf51cf | claimedAt=2026-08-10T15:29:32.179047+00:00 | nextCheckAt=2026-08-10T15:30:02.179047+00:00 | scanClaimExpiresAt=2026-08-10T15:29:47.179047+00:00 | ttlSeconds=15.0 | intervalSeconds=30
2026-08-10 20:29:32 | INFO | monitor_claim | Device scan claimed | deviceId=6a79ee5cdb8727cabe0f7e10 | claimId=adb1e727db624e4ab9023ee6f493dbda | claimedAt=2026-08-10T15:29:32.179047+00:00 | nextCheckAt=2026-08-10T15:30:02.179047+00:00 | scanClaimExpiresAt=2026-08-10T15:29:47.179047+00:00 | ttlSeconds=15.0 | intervalSeconds=30
2026-08-10 20:29:32 | INFO | monitor_claim | Device scan claimed | deviceId=6a79ee5cdb8727cabe0f7e11 | claimId=1d0732c3042345b9a736ab1601050732 | claimedAt=2026-08-10T15:29:32.179047+00:00 | nextCheckAt=2026-08-10T15:30:02.179047+00:00 | scanClaimExpiresAt=2026-08-10T15:29:47.179047+00:00 | ttlSeconds=15.0 | intervalSeconds=30
2026-08-10 20:29:32 | INFO | monitor_claim | Device scan claimed | deviceId=6a79ee5cdb8727cabe0f7e12 | claimId=27e4776b679b46ca8a4a4303e8bdf432 | claimedAt=2026-08-10T15:29:32.179047+00:00 | nextCheckAt=2026-08-10T15:30:02.179047+00:00 | scanClaimExpiresAt=2026-08-10T15:29:47.179047+00:00 | ttlSeconds=15.0 | intervalSeconds=30
2026-08-10 20:29:35 | INFO | monitor_runtime | Dispatch scan completed | dispatchId=load | claimId=38c8f976e2f348ccbf60b542b479c07b | deviceId=6a79ee5cdb8727cabe0f7e04 | nextCheckAt=2026-08-10T15:30:02.179047+00:00 | claimedAt=2026-08-10T15:29:32.179047+00:00 | pingStartedAt=2026-08-10T15:29:32.182760+00:00 | pingCompletedAt=2026-08-10T15:29:35.182760+00:00 | queueWaitMs=1 | pingDurationMs=3000 | dueLagMs=1064 | outcome=scanned | workers_active=15 | queue_depth=0
2026-08-10 20:29:35 | INFO | monitor_runtime | Dispatch scan completed | dispatchId=load | claimId=e01eb22e4e304e459801429bc232012f | deviceId=6a79ee5cdb8727cabe0f7e05 | nextCheckAt=2026-08-10T15:30:02.179047+00:00 | claimedAt=2026-08-10T15:29:32.179047+00:00 | pingStartedAt=2026-08-10T15:29:32.183285+00:00 | pingCompletedAt=2026-08-10T15:29:35.183285+00:00 | queueWaitMs=0 | pingDurationMs=3000 | dueLagMs=1064 | outcome=scanned | workers_active=15 | queue_depth=0
2026-08-10 20:29:35 | INFO | monitor_runtime | Dispatch scan completed | dispatchId=load | claimId=084b0c104f364b518e9ebb0dc0eaddb1 | deviceId=6a79ee5cdb8727cabe0f7e06 | nextCheckAt=2026-08-10T15:30:02.179047+00:00 | claimedAt=2026-08-10T15:29:32.179047+00:00 | pingStartedAt=2026-08-10T15:29:32.185865+00:00 | pingCompletedAt=2026-08-10T15:29:35.185865+00:00 | queueWaitMs=0 | pingDurationMs=3000 | dueLagMs=1067 | outcome=scanned | workers_active=15 | queue_depth=0
2026-08-10 20:29:35 | INFO | monitor_claim | Device scan claim released | deviceId=6a79ee5cdb8727cabe0f7e04 | claimId=38c8f976e2f348ccbf60b542b479c07b
2026-08-10 20:29:35 | INFO | monitor_runtime | Dispatch scan completed | dispatchId=load | claimId=bc64d87e2f2646bb8cb39cdcfbd347e8 | deviceId=6a79ee5cdb8727cabe0f7e08 | nextCheckAt=2026-08-10T15:30:02.179047+00:00 | claimedAt=2026-08-10T15:29:32.179047+00:00 | pingStartedAt=2026-08-10T15:29:32.186530+00:00 | pingCompletedAt=2026-08-10T15:29:35.186530+00:00 | queueWaitMs=1 | pingDurationMs=3000 | dueLagMs=1068 | outcome=scanned | workers_active=15 | queue_depth=0
2026-08-10 20:29:35 | INFO | monitor_claim | Device scan claim released | deviceId=6a79ee5cdb8727cabe0f7e05 | claimId=e01eb22e4e304e459801429bc232012f
2026-08-10 20:29:35 | INFO | monitor_runtime | Dispatch scan completed | dispatchId=load | claimId=53df71e380974c0fa077d864558c2648 | deviceId=6a79ee5cdb8727cabe0f7e07 | nextCheckAt=2026-08-10T15:30:02.179047+00:00 | claimedAt=2026-08-10T15:29:32.179047+00:00 | pingStartedAt=2026-08-10T15:29:32.187544+00:00 | pingCompletedAt=2026-08-10T15:29:35.187544+00:00 | queueWaitMs=0 | pingDurationMs=3000 | dueLagMs=1069 | outcome=scanned | workers_active=15 | queue_depth=0
2026-08-10 20:29:35 | INFO | monitor_claim | Device scan claim released | deviceId=6a79ee5cdb8727cabe0f7e06 | claimId=084b0c104f364b518e9ebb0dc0eaddb1
2026-08-10 20:29:35 | INFO | monitor_claim | Device scan claim released | deviceId=6a79ee5cdb8727cabe0f7e08 | claimId=bc64d87e2f2646bb8cb39cdcfbd347e8
2026-08-10 20:29:35 | INFO | monitor_claim | Device scan claim released | deviceId=6a79ee5cdb8727cabe0f7e07 | claimId=53df71e380974c0fa077d864558c2648
2026-08-10 20:29:35 | INFO | monitor_runtime | Dispatch scan completed | dispatchId=load | claimId=5338a1239a024b5780f97e2e34c82c1e | deviceId=6a79ee5cdb8727cabe0f7e09 | nextCheckAt=2026-08-10T15:30:02.179047+00:00 | claimedAt=2026-08-10T15:29:32.179047+00:00 | pingStartedAt=2026-08-10T15:29:32.227790+00:00 | pingCompletedAt=2026-08-10T15:29:35.227790+00:00 | queueWaitMs=1 | pingDurationMs=3000 | dueLagMs=1109 | outcome=scanned | workers_active=10 | queue_depth=0
2026-08-10 20:29:35 | INFO | monitor_claim | Device scan claim released | deviceId=6a79ee5cdb8727cabe0f7e09 | claimId=5338a1239a024b5780f97e2e34c82c1e
2026-08-10 20:29:35 | INFO | monitor_runtime | Dispatch scan completed | dispatchId=load | claimId=ca5a3f2e948c4dbba77682215be4c3e0 | deviceId=6a79ee5cdb8727cabe0f7e0a | nextCheckAt=2026-08-10T15:30:02.179047+00:00 | claimedAt=2026-08-10T15:29:32.179047+00:00 | pingStartedAt=2026-08-10T15:29:32.228311+00:00 | pingCompletedAt=2026-08-10T15:29:35.228311+00:00 | queueWaitMs=0 | pingDurationMs=3000 | dueLagMs=1109 | outcome=scanned | workers_active=9 | queue_depth=0
2026-08-10 20:29:35 | INFO | monitor_claim | Device scan claim released | deviceId=6a79ee5cdb8727cabe0f7e0a | claimId=ca5a3f2e948c4dbba77682215be4c3e0
2026-08-10 20:29:35 | INFO | monitor_runtime | Dispatch scan completed | dispatchId=load | claimId=055d7af4cc4b4504b4e95725d37e0014 | deviceId=6a79ee5cdb8727cabe0f7e0b | nextCheckAt=2026-08-10T15:30:02.179047+00:00 | claimedAt=2026-08-10T15:29:32.179047+00:00 | pingStartedAt=2026-08-10T15:29:32.229833+00:00 | pingCompletedAt=2026-08-10T15:29:35.229833+00:00 | queueWaitMs=1 | pingDurationMs=3000 | dueLagMs=1111 | outcome=scanned | workers_active=8 | queue_depth=0
2026-08-10 20:29:35 | INFO | monitor_runtime | Dispatch scan completed | dispatchId=load | claimId=850d6235aaa0495bb4ea3c29a0da8a7c | deviceId=6a79ee5cdb8727cabe0f7e0c | nextCheckAt=2026-08-10T15:30:02.179047+00:00 | claimedAt=2026-08-10T15:29:32.179047+00:00 | pingStartedAt=2026-08-10T15:29:32.230871+00:00 | pingCompletedAt=2026-08-10T15:29:35.230871+00:00 | queueWaitMs=1 | pingDurationMs=3000 | dueLagMs=1112 | outcome=scanned | workers_active=8 | queue_depth=0
2026-08-10 20:29:35 | INFO | monitor_claim | Device scan claim released | deviceId=6a79ee5cdb8727cabe0f7e0b | claimId=055d7af4cc4b4504b4e95725d37e0014
2026-08-10 20:29:35 | INFO | monitor_runtime | Dispatch scan completed | dispatchId=load | claimId=4d660f8bd858454da57e510e87d9ff28 | deviceId=6a79ee5cdb8727cabe0f7e0d | nextCheckAt=2026-08-10T15:30:02.179047+00:00 | claimedAt=2026-08-10T15:29:32.179047+00:00 | pingStartedAt=2026-08-10T15:29:32.231887+00:00 | pingCompletedAt=2026-08-10T15:29:35.231887+00:00 | queueWaitMs=0 | pingDurationMs=3000 | dueLagMs=1113 | outcome=scanned | workers_active=8 | queue_depth=0
2026-08-10 20:29:35 | INFO | monitor_claim | Device scan claim released | deviceId=6a79ee5cdb8727cabe0f7e0c | claimId=850d6235aaa0495bb4ea3c29a0da8a7c
2026-08-10 20:29:35 | INFO | monitor_runtime | Dispatch scan completed | dispatchId=load | claimId=20acbbc5032146debfd41ffc6ab99c44 | deviceId=6a79ee5cdb8727cabe0f7e0e | nextCheckAt=2026-08-10T15:30:02.179047+00:00 | claimedAt=2026-08-10T15:29:32.179047+00:00 | pingStartedAt=2026-08-10T15:29:32.232403+00:00 | pingCompletedAt=2026-08-10T15:29:35.232403+00:00 | queueWaitMs=0 | pingDurationMs=3000 | dueLagMs=1113 | outcome=scanned | workers_active=8 | queue_depth=0
2026-08-10 20:29:35 | INFO | monitor_claim | Device scan claim released | deviceId=6a79ee5cdb8727cabe0f7e0d | claimId=4d660f8bd858454da57e510e87d9ff28
2026-08-10 20:29:35 | INFO | monitor_runtime | Dispatch scan completed | dispatchId=load | claimId=1d0732c3042345b9a736ab1601050732 | deviceId=6a79ee5cdb8727cabe0f7e11 | nextCheckAt=2026-08-10T15:30:02.179047+00:00 | claimedAt=2026-08-10T15:29:32.179047+00:00 | pingStartedAt=2026-08-10T15:29:32.234417+00:00 | pingCompletedAt=2026-08-10T15:29:35.234417+00:00 | queueWaitMs=1 | pingDurationMs=3000 | dueLagMs=1115 | outcome=scanned | workers_active=5 | queue_depth=0
2026-08-10 20:29:35 | INFO | monitor_claim | Device scan claim released | deviceId=6a79ee5cdb8727cabe0f7e0e | claimId=20acbbc5032146debfd41ffc6ab99c44
2026-08-10 20:29:35 | INFO | monitor_runtime | Dispatch scan completed | dispatchId=load | claimId=27e4776b679b46ca8a4a4303e8bdf432 | deviceId=6a79ee5cdb8727cabe0f7e12 | nextCheckAt=2026-08-10T15:30:02.179047+00:00 | claimedAt=2026-08-10T15:29:32.179047+00:00 | pingStartedAt=2026-08-10T15:29:32.235735+00:00 | pingCompletedAt=2026-08-10T15:29:35.235735+00:00 | queueWaitMs=1 | pingDurationMs=3000 | dueLagMs=1117 | outcome=scanned | workers_active=5 | queue_depth=0
2026-08-10 20:29:35 | INFO | monitor_claim | Device scan claim released | deviceId=6a79ee5cdb8727cabe0f7e11 | claimId=1d0732c3042345b9a736ab1601050732
2026-08-10 20:29:35 | INFO | monitor_runtime | Dispatch scan completed | dispatchId=load | claimId=adb1e727db624e4ab9023ee6f493dbda | deviceId=6a79ee5cdb8727cabe0f7e10 | nextCheckAt=2026-08-10T15:30:02.179047+00:00 | claimedAt=2026-08-10T15:29:32.179047+00:00 | pingStartedAt=2026-08-10T15:29:32.235735+00:00 | pingCompletedAt=2026-08-10T15:29:35.235735+00:00 | queueWaitMs=2 | pingDurationMs=3000 | dueLagMs=1117 | outcome=scanned | workers_active=5 | queue_depth=0
2026-08-10 20:29:35 | INFO | monitor_runtime | Dispatch scan completed | dispatchId=load | claimId=00ca1aa4c0f04901bea74ebacfbf51cf | deviceId=6a79ee5cdb8727cabe0f7e0f | nextCheckAt=2026-08-10T15:30:02.179047+00:00 | claimedAt=2026-08-10T15:29:32.179047+00:00 | pingStartedAt=2026-08-10T15:29:32.236752+00:00 | pingCompletedAt=2026-08-10T15:29:35.236752+00:00 | queueWaitMs=1 | pingDurationMs=3000 | dueLagMs=1118 | outcome=scanned | workers_active=5 | queue_depth=0
2026-08-10 20:29:35 | INFO | monitor_claim | Device scan claim released | deviceId=6a79ee5cdb8727cabe0f7e12 | claimId=27e4776b679b46ca8a4a4303e8bdf432
2026-08-10 20:29:35 | INFO | monitor_claim | Device scan claim released | deviceId=6a79ee5cdb8727cabe0f7e10 | claimId=adb1e727db624e4ab9023ee6f493dbda
2026-08-10 20:29:35 | INFO | monitor_claim | Device scan claim released | deviceId=6a79ee5cdb8727cabe0f7e0f | claimId=00ca1aa4c0f04901bea74ebacfbf51cf
2026-08-10 20:29:35 | INFO | monitor_runtime | Monitor runtime stopped | wait=True | drainedQueued=0 | processed=15 | failures=0
  -> PASS wave=3.12s overlap=0 ping_p50=3000.0 bottleneck=none
[inherit] devices=15 mix=intermittent c=30 -> PASS (from c=20)
[inherit] devices=15 mix=intermittent c=40 -> PASS (from c=30)
[inherit] devices=15 mix=intermittent c=50 -> PASS (from c=40)
[inherit] devices=15 mix=intermittent c=60 -> PASS (from c=50)
[inherit] devices=15 mix=intermittent c=64 -> PASS (from c=60)
[run] devices=15 mix=slow concurrency=20 ...
2026-08-10 20:29:35 | INFO | monitor_runtime | Monitor runtime started | workers=20 | queueMax=20
2026-08-10 20:29:35 | INFO | monitor_claim | Device scan claimed | deviceId=6a79ee5fdb8727cabe0f7e13 | claimId=1233a4d0bc944460a55b6bec1eaa0a0f | claimedAt=2026-08-10T15:29:35.262141+00:00 | nextCheckAt=2026-08-10T15:30:05.262141+00:00 | scanClaimExpiresAt=2026-08-10T15:29:50.262141+00:00 | ttlSeconds=15.0 | intervalSeconds=30
2026-08-10 20:29:35 | INFO | monitor_claim | Device scan claimed | deviceId=6a79ee5fdb8727cabe0f7e14 | claimId=5444469fa243477589882999b1e3bc67 | claimedAt=2026-08-10T15:29:35.262141+00:00 | nextCheckAt=2026-08-10T15:30:05.262141+00:00 | scanClaimExpiresAt=2026-08-10T15:29:50.262141+00:00 | ttlSeconds=15.0 | intervalSeconds=30
2026-08-10 20:29:35 | INFO | monitor_claim | Device scan claimed | deviceId=6a79ee5fdb8727cabe0f7e15 | claimId=b61f8c5a896942d39c0f011fa5a15dc7 | claimedAt=2026-08-10T15:29:35.262141+00:00 | nextCheckAt=2026-08-10T15:30:05.262141+00:00 | scanClaimExpiresAt=2026-08-10T15:29:50.262141+00:00 | ttlSeconds=15.0 | intervalSeconds=30
2026-08-10 20:29:35 | INFO | monitor_claim | Device scan claimed | deviceId=6a79ee5fdb8727cabe0f7e16 | claimId=92514ed9dfb2457284281adc197e0e95 | claimedAt=2026-08-10T15:29:35.262141+00:00 | nextCheckAt=2026-08-10T15:30:05.262141+00:00 | scanClaimExpiresAt=2026-08-10T15:29:50.262141+00:00 | ttlSeconds=15.0 | intervalSeconds=30
2026-08-10 20:29:35 | INFO | monitor_claim | Device scan claimed | deviceId=6a79ee5fdb8727cabe0f7e17 | claimId=c9aea71866bc48508d57b6381c3bb3a2 | claimedAt=2026-08-10T15:29:35.262141+00:00 | nextCheckAt=2026-08-10T15:30:05.262141+00:00 | scanClaimExpiresAt=2026-08-10T15:29:50.262141+00:00 | ttlSeconds=15.0 | intervalSeconds=30
2026-08-10 20:29:35 | INFO | monitor_claim | Device scan claimed | deviceId=6a79ee5fdb8727cabe0f7e18 | claimId=f90704e592a5461da3e9eddb3edd00be | claimedAt=2026-08-10T15:29:35.262141+00:00 | nextCheckAt=2026-08-10T15:30:05.262141+00:00 | scanClaimExpiresAt=2026-08-10T15:29:50.262141+00:00 | ttlSeconds=15.0 | intervalSeconds=30
2026-08-10 20:29:35 | INFO | monitor_claim | Device scan claimed | deviceId=6a79ee5fdb8727cabe0f7e19 | claimId=3f85e3a84e6342d5b1982446d27b7f8a | claimedAt=2026-08-10T15:29:35.262141+00:00 | nextCheckAt=2026-08-10T15:30:05.262141+00:00 | scanClaimExpiresAt=2026-08-10T15:29:50.262141+00:00 | ttlSeconds=15.0 | intervalSeconds=30
2026-08-10 20:29:35 | INFO | monitor_claim | Device scan claimed | deviceId=6a79ee5fdb8727cabe0f7e1a | claimId=370b06304ef44edf830c1f3ad44164b5 | claimedAt=2026-08-10T15:29:35.262141+00:00 | nextCheckAt=2026-08-10T15:30:05.262141+00:00 | scanClaimExpiresAt=2026-08-10T15:29:50.262141+00:00 | ttlSeconds=15.0 | intervalSeconds=30
2026-08-10 20:29:35 | INFO | monitor_claim | Device scan claimed | deviceId=6a79ee5fdb8727cabe0f7e1b | claimId=eaec20713ce44bdabe2a81c303d71c68 | claimedAt=2026-08-10T15:29:35.262141+00:00 | nextCheckAt=2026-08-10T15:30:05.262141+00:00 | scanClaimExpiresAt=2026-08-10T15:29:50.262141+00:00 | ttlSeconds=15.0 | intervalSeconds=30
2026-08-10 20:29:35 | INFO | monitor_claim | Device scan claimed | deviceId=6a79ee5fdb8727cabe0f7e1c | claimId=39562f0719fd4c91a5501b60113deb70 | claimedAt=2026-08-10T15:29:35.262141+00:00 | nextCheckAt=2026-08-10T15:30:05.262141+00:00 | scanClaimExpiresAt=2026-08-10T15:29:50.262141+00:00 | ttlSeconds=15.0 | intervalSeconds=30
2026-08-10 20:29:35 | INFO | monitor_claim | Device scan claimed | deviceId=6a79ee5fdb8727cabe0f7e1d | claimId=6cddc6d011ec4536893086daa9976f07 | claimedAt=2026-08-10T15:29:35.262141+00:00 | nextCheckAt=2026-08-10T15:30:05.262141+00:00 | scanClaimExpiresAt=2026-08-10T15:29:50.262141+00:00 | ttlSeconds=15.0 | intervalSeconds=30
2026-08-10 20:29:35 | INFO | monitor_claim | Device scan claimed | deviceId=6a79ee5fdb8727cabe0f7e1e | claimId=98b06738d646485aac063ce124dda3f9 | claimedAt=2026-08-10T15:29:35.262141+00:00 | nextCheckAt=2026-08-10T15:30:05.262141+00:00 | scanClaimExpiresAt=2026-08-10T15:29:50.262141+00:00 | ttlSeconds=15.0 | intervalSeconds=30
2026-08-10 20:29:35 | INFO | monitor_claim | Device scan claimed | deviceId=6a79ee5fdb8727cabe0f7e1f | claimId=f16d55ebf58a4c8aa7adf189cd6791fa | claimedAt=2026-08-10T15:29:35.262141+00:00 | nextCheckAt=2026-08-10T15:30:05.262141+00:00 | scanClaimExpiresAt=2026-08-10T15:29:50.262141+00:00 | ttlSeconds=15.0 | intervalSeconds=30
2026-08-10 20:29:35 | INFO | monitor_claim | Device scan claimed | deviceId=6a79ee5fdb8727cabe0f7e20 | claimId=b9789246f99748bb86b5b98e8b7c9362 | claimedAt=2026-08-10T15:29:35.262141+00:00 | nextCheckAt=2026-08-10T15:30:05.262141+00:00 | scanClaimExpiresAt=2026-08-10T15:29:50.262141+00:00 | ttlSeconds=15.0 | intervalSeconds=30
2026-08-10 20:29:35 | INFO | monitor_claim | Device scan claimed | deviceId=6a79ee5fdb8727cabe0f7e21 | claimId=1d35d595a66e440cae4bfd6e42f74536 | claimedAt=2026-08-10T15:29:35.262141+00:00 | nextCheckAt=2026-08-10T15:30:05.262141+00:00 | scanClaimExpiresAt=2026-08-10T15:29:50.262141+00:00 | ttlSeconds=15.0 | intervalSeconds=30
2026-08-10 20:29:35 | INFO | monitor_runtime | Dispatch scan completed | dispatchId=load | claimId=1233a4d0bc944460a55b6bec1eaa0a0f | deviceId=6a79ee5fdb8727cabe0f7e13 | nextCheckAt=2026-08-10T15:30:05.262141+00:00 | claimedAt=2026-08-10T15:29:35.262141+00:00 | pingStartedAt=2026-08-10T15:29:35.265076+00:00 | pingCompletedAt=2026-08-10T15:29:35.465076+00:00 | queueWaitMs=0 | pingDurationMs=200 | dueLagMs=1015 | outcome=scanned | workers_active=15 | queue_depth=0
2026-08-10 20:29:35 | INFO | monitor_claim | Device scan claim released | deviceId=6a79ee5fdb8727cabe0f7e13 | claimId=1233a4d0bc944460a55b6bec1eaa0a0f
2026-08-10 20:29:35 | INFO | monitor_runtime | Dispatch scan completed | dispatchId=load | claimId=3f85e3a84e6342d5b1982446d27b7f8a | deviceId=6a79ee5fdb8727cabe0f7e19 | nextCheckAt=2026-08-10T15:30:05.262141+00:00 | claimedAt=2026-08-10T15:29:35.262141+00:00 | pingStartedAt=2026-08-10T15:29:35.276562+00:00 | pingCompletedAt=2026-08-10T15:29:35.476562+00:00 | queueWaitMs=5 | pingDurationMs=200 | dueLagMs=1027 | outcome=scanned | workers_active=14 | queue_depth=0
2026-08-10 20:29:35 | INFO | monitor_claim | Device scan claim released | deviceId=6a79ee5fdb8727cabe0f7e19 | claimId=3f85e3a84e6342d5b1982446d27b7f8a
2026-08-10 20:29:35 | INFO | monitor_runtime | Dispatch scan completed | dispatchId=load | claimId=f16d55ebf58a4c8aa7adf189cd6791fa | deviceId=6a79ee5fdb8727cabe0f7e1f | nextCheckAt=2026-08-10T15:30:05.262141+00:00 | claimedAt=2026-08-10T15:29:35.262141+00:00 | pingStartedAt=2026-08-10T15:29:35.280578+00:00 | pingCompletedAt=2026-08-10T15:29:35.480578+00:00 | queueWaitMs=0 | pingDurationMs=200 | dueLagMs=1031 | outcome=scanned | workers_active=13 | queue_depth=0
2026-08-10 20:29:35 | INFO | monitor_claim | Device scan claim released | deviceId=6a79ee5fdb8727cabe0f7e1f | claimId=f16d55ebf58a4c8aa7adf189cd6791fa
2026-08-10 20:29:35 | INFO | monitor_runtime | Dispatch scan completed | dispatchId=load | claimId=5444469fa243477589882999b1e3bc67 | deviceId=6a79ee5fdb8727cabe0f7e14 | nextCheckAt=2026-08-10T15:30:05.262141+00:00 | claimedAt=2026-08-10T15:29:35.262141+00:00 | pingStartedAt=2026-08-10T15:29:35.266087+00:00 | pingCompletedAt=2026-08-10T15:29:35.516087+00:00 | queueWaitMs=0 | pingDurationMs=250 | dueLagMs=1016 | outcome=scanned | workers_active=12 | queue_depth=0
2026-08-10 20:29:35 | INFO | monitor_claim | Device scan claim released | deviceId=6a79ee5fdb8727cabe0f7e14 | claimId=5444469fa243477589882999b1e3bc67
2026-08-10 20:29:35 | INFO | monitor_runtime | Dispatch scan completed | dispatchId=load | claimId=370b06304ef44edf830c1f3ad44164b5 | deviceId=6a79ee5fdb8727cabe0f7e1a | nextCheckAt=2026-08-10T15:30:05.262141+00:00 | claimedAt=2026-08-10T15:29:35.262141+00:00 | pingStartedAt=2026-08-10T15:29:35.276711+00:00 | pingCompletedAt=2026-08-10T15:29:35.526711+00:00 | queueWaitMs=5 | pingDurationMs=250 | dueLagMs=1027 | outcome=scanned | workers_active=11 | queue_depth=0
2026-08-10 20:29:35 | INFO | monitor_claim | Device scan claim released | deviceId=6a79ee5fdb8727cabe0f7e1a | claimId=370b06304ef44edf830c1f3ad44164b5
2026-08-10 20:29:35 | INFO | monitor_runtime | Dispatch scan completed | dispatchId=load | claimId=b9789246f99748bb86b5b98e8b7c9362 | deviceId=6a79ee5fdb8727cabe0f7e20 | nextCheckAt=2026-08-10T15:30:05.262141+00:00 | claimedAt=2026-08-10T15:29:35.262141+00:00 | pingStartedAt=2026-08-10T15:29:35.281578+00:00 | pingCompletedAt=2026-08-10T15:29:35.531578+00:00 | queueWaitMs=0 | pingDurationMs=250 | dueLagMs=1032 | outcome=scanned | workers_active=10 | queue_depth=0
2026-08-10 20:29:35 | INFO | monitor_claim | Device scan claim released | deviceId=6a79ee5fdb8727cabe0f7e20 | claimId=b9789246f99748bb86b5b98e8b7c9362
2026-08-10 20:29:35 | INFO | monitor_runtime | Dispatch scan completed | dispatchId=load | claimId=b61f8c5a896942d39c0f011fa5a15dc7 | deviceId=6a79ee5fdb8727cabe0f7e15 | nextCheckAt=2026-08-10T15:30:05.262141+00:00 | claimedAt=2026-08-10T15:29:35.262141+00:00 | pingStartedAt=2026-08-10T15:29:35.266625+00:00 | pingCompletedAt=2026-08-10T15:29:35.566625+00:00 | queueWaitMs=0 | pingDurationMs=300 | dueLagMs=1017 | outcome=scanned | workers_active=9 | queue_depth=0
2026-08-10 20:29:35 | INFO | monitor_claim | Device scan claim released | deviceId=6a79ee5fdb8727cabe0f7e15 | claimId=b61f8c5a896942d39c0f011fa5a15dc7
2026-08-10 20:29:35 | INFO | monitor_runtime | Dispatch scan completed | dispatchId=load | claimId=eaec20713ce44bdabe2a81c303d71c68 | deviceId=6a79ee5fdb8727cabe0f7e1b | nextCheckAt=2026-08-10T15:30:05.262141+00:00 | claimedAt=2026-08-10T15:29:35.262141+00:00 | pingStartedAt=2026-08-10T15:29:35.277158+00:00 | pingCompletedAt=2026-08-10T15:29:35.577158+00:00 | queueWaitMs=4 | pingDurationMs=300 | dueLagMs=1028 | outcome=scanned | workers_active=8 | queue_depth=0
2026-08-10 20:29:35 | INFO | monitor_claim | Device scan claim released | deviceId=6a79ee5fdb8727cabe0f7e1b | claimId=eaec20713ce44bdabe2a81c303d71c68
2026-08-10 20:29:35 | INFO | monitor_runtime | Dispatch scan completed | dispatchId=load | claimId=1d35d595a66e440cae4bfd6e42f74536 | deviceId=6a79ee5fdb8727cabe0f7e21 | nextCheckAt=2026-08-10T15:30:05.262141+00:00 | claimedAt=2026-08-10T15:29:35.262141+00:00 | pingStartedAt=2026-08-10T15:29:35.281560+00:00 | pingCompletedAt=2026-08-10T15:29:35.581560+00:00 | queueWaitMs=0 | pingDurationMs=300 | dueLagMs=1032 | outcome=scanned | workers_active=7 | queue_depth=0
2026-08-10 20:29:35 | INFO | monitor_claim | Device scan claim released | deviceId=6a79ee5fdb8727cabe0f7e21 | claimId=1d35d595a66e440cae4bfd6e42f74536
2026-08-10 20:29:35 | INFO | monitor_runtime | Dispatch scan completed | dispatchId=load | claimId=92514ed9dfb2457284281adc197e0e95 | deviceId=6a79ee5fdb8727cabe0f7e16 | nextCheckAt=2026-08-10T15:30:05.262141+00:00 | claimedAt=2026-08-10T15:29:35.262141+00:00 | pingStartedAt=2026-08-10T15:29:35.267123+00:00 | pingCompletedAt=2026-08-10T15:29:35.617123+00:00 | queueWaitMs=0 | pingDurationMs=350 | dueLagMs=1017 | outcome=scanned | workers_active=6 | queue_depth=0
2026-08-10 20:29:35 | INFO | monitor_claim | Device scan claim released | deviceId=6a79ee5fdb8727cabe0f7e16 | claimId=92514ed9dfb2457284281adc197e0e95
2026-08-10 20:29:35 | INFO | monitor_runtime | Dispatch scan completed | dispatchId=load | claimId=39562f0719fd4c91a5501b60113deb70 | deviceId=6a79ee5fdb8727cabe0f7e1c | nextCheckAt=2026-08-10T15:30:05.262141+00:00 | claimedAt=2026-08-10T15:29:35.262141+00:00 | pingStartedAt=2026-08-10T15:29:35.278168+00:00 | pingCompletedAt=2026-08-10T15:29:35.628168+00:00 | queueWaitMs=1 | pingDurationMs=350 | dueLagMs=1029 | outcome=scanned | workers_active=5 | queue_depth=0
2026-08-10 20:29:35 | INFO | monitor_claim | Device scan claim released | deviceId=6a79ee5fdb8727cabe0f7e1c | claimId=39562f0719fd4c91a5501b60113deb70
2026-08-10 20:29:35 | INFO | monitor_runtime | Dispatch scan completed | dispatchId=load | claimId=c9aea71866bc48508d57b6381c3bb3a2 | deviceId=6a79ee5fdb8727cabe0f7e17 | nextCheckAt=2026-08-10T15:30:05.262141+00:00 | claimedAt=2026-08-10T15:29:35.262141+00:00 | pingStartedAt=2026-08-10T15:29:35.273097+00:00 | pingCompletedAt=2026-08-10T15:29:35.673097+00:00 | queueWaitMs=1 | pingDurationMs=400 | dueLagMs=1023 | outcome=scanned | workers_active=4 | queue_depth=0
2026-08-10 20:29:35 | INFO | monitor_claim | Device scan claim released | deviceId=6a79ee5fdb8727cabe0f7e17 | claimId=c9aea71866bc48508d57b6381c3bb3a2
2026-08-10 20:29:35 | INFO | monitor_runtime | Dispatch scan completed | dispatchId=load | claimId=6cddc6d011ec4536893086daa9976f07 | deviceId=6a79ee5fdb8727cabe0f7e1d | nextCheckAt=2026-08-10T15:30:05.262141+00:00 | claimedAt=2026-08-10T15:29:35.262141+00:00 | pingStartedAt=2026-08-10T15:29:35.279096+00:00 | pingCompletedAt=2026-08-10T15:29:35.679096+00:00 | queueWaitMs=1 | pingDurationMs=400 | dueLagMs=1029 | outcome=scanned | workers_active=3 | queue_depth=0
2026-08-10 20:29:35 | INFO | monitor_claim | Device scan claim released | deviceId=6a79ee5fdb8727cabe0f7e1d | claimId=6cddc6d011ec4536893086daa9976f07
2026-08-10 20:29:35 | INFO | monitor_runtime | Dispatch scan completed | dispatchId=load | claimId=f90704e592a5461da3e9eddb3edd00be | deviceId=6a79ee5fdb8727cabe0f7e18 | nextCheckAt=2026-08-10T15:30:05.262141+00:00 | claimedAt=2026-08-10T15:29:35.262141+00:00 | pingStartedAt=2026-08-10T15:29:35.276413+00:00 | pingCompletedAt=2026-08-10T15:29:35.726413+00:00 | queueWaitMs=7 | pingDurationMs=450 | dueLagMs=1027 | outcome=scanned | workers_active=2 | queue_depth=0
2026-08-10 20:29:35 | INFO | monitor_claim | Device scan claim released | deviceId=6a79ee5fdb8727cabe0f7e18 | claimId=f90704e592a5461da3e9eddb3edd00be
2026-08-10 20:29:35 | INFO | monitor_runtime | Dispatch scan completed | dispatchId=load | claimId=98b06738d646485aac063ce124dda3f9 | deviceId=6a79ee5fdb8727cabe0f7e1e | nextCheckAt=2026-08-10T15:30:05.262141+00:00 | claimedAt=2026-08-10T15:29:35.262141+00:00 | pingStartedAt=2026-08-10T15:29:35.280466+00:00 | pingCompletedAt=2026-08-10T15:29:35.730466+00:00 | queueWaitMs=1 | pingDurationMs=450 | dueLagMs=1031 | outcome=scanned | workers_active=1 | queue_depth=0
2026-08-10 20:29:35 | INFO | monitor_claim | Device scan claim released | deviceId=6a79ee5fdb8727cabe0f7e1e | claimId=98b06738d646485aac063ce124dda3f9
2026-08-10 20:29:35 | INFO | monitor_runtime | Monitor runtime stopped | wait=True | drainedQueued=0 | processed=15 | failures=0
  -> PASS wave=0.49s overlap=0 ping_p50=300.00000000000006 bottleneck=none
[inherit] devices=15 mix=slow c=30 -> PASS (from c=20)
[inherit] devices=15 mix=slow c=40 -> PASS (from c=30)
[inherit] devices=15 mix=slow c=50 -> PASS (from c=40)
[inherit] devices=15 mix=slow c=60 -> PASS (from c=50)
[inherit] devices=15 mix=slow c=64 -> PASS (from c=60)
[run] devices=100 mix=all_up concurrency=20 ...
2026-08-10 20:29:35 | INFO | monitor_runtime | Monitor runtime started | workers=20 | queueMax=20
2026-08-10 20:29:35 | INFO | monitor_claim | Device scan claimed | deviceId=6a79ee5fdb8727cabe0f7e22 | claimId=cb34d3b669c246c4bf3036ff4e8892de | claimedAt=2026-08-10T15:29:35.776157+00:00 | nextCheckAt=2026-08-10T15:30:05.776157+00:00 | scanClaimExpiresAt=2026-08-10T15:29:50.776157+00:00 | ttlSeconds=15.0 | intervalSeconds=30
2026-08-10 20:29:35 | INFO | monitor_claim | Device scan claimed | deviceId=6a79ee5fdb8727cabe0f7e23 | claimId=6f8e6065b6b24a73a593611910d406a7 | claimedAt=2026-08-10T15:29:35.776157+00:00 | nextCheckAt=2026-08-10T15:30:05.776157+00:00 | scanClaimExpiresAt=2026-08-10T15:29:50.776157+00:00 | ttlSeconds=15.0 | intervalSeconds=30
2026-08-10 20:29:35 | INFO | monitor_claim | Device scan claimed | deviceId=6a79ee5fdb8727cabe0f7e24 | claimId=c807710ff9364e34a141a7496548d7d7 | claimedAt=2026-08-10T15:29:35.776157+00:00 | nextCheckAt=2026-08-10T15:30:05.776157+00:00 | scanClaimExpiresAt=2026-08-10T15:29:50.776157+00:00 | ttlSeconds=15.0 | intervalSeconds=30
2026-08-10 20:29:35 | INFO | monitor_claim | Device scan claimed | deviceId=6a79ee5fdb8727cabe0f7e25 | claimId=2e97ff68757541f5a65fa5f50fa96037 | claimedAt=2026-08-10T15:29:35.776157+00:00 | nextCheckAt=2026-08-10T15:30:05.776157+00:00 | scanClaimExpiresAt=2026-08-10T15:29:50.776157+00:00 | ttlSeconds=15.0 | intervalSeconds=30
2026-08-10 20:29:35 | INFO | monitor_claim | Device scan claimed | deviceId=6a79ee5fdb8727cabe0f7e26 | claimId=ee76f4cb0a7a4c039289ec298435e73f | claimedAt=2026-08-10T15:29:35.776157+00:00 | nextCheckAt=2026-08-10T15:30:05.776157+00:00 | scanClaimExpiresAt=2026-08-10T15:29:50.776157+00:00 | ttlSeconds=15.0 | intervalSeconds=30
2026-08-10 20:29:35 | INFO | monitor_claim | Device scan claimed | deviceId=6a79ee5fdb8727cabe0f7e27 | claimId=987d300ba78546069972993607b8c36f | claimedAt=2026-08-10T15:29:35.776157+00:00 | nextCheckAt=2026-08-10T15:30:05.776157+00:00 | scanClaimExpiresAt=2026-08-10T15:29:50.776157+00:00 | ttlSeconds=15.0 | intervalSeconds=30
2026-08-10 20:29:35 | INFO | monitor_claim | Device scan claimed | deviceId=6a79ee5fdb8727cabe0f7e28 | claimId=f1d9efa0177041d9a8feae2857bfdb4a | claimedAt=2026-08-10T15:29:35.776157+00:00 | nextCheckAt=2026-08-10T15:30:05.776157+00:00 | scanClaimExpiresAt=2026-08-10T15:29:50.776157+00:00 | ttlSeconds=15.0 | intervalSeconds=30
2026-08-10 20:29:35 | INFO | monitor_claim | Device scan claimed | deviceId=6a79ee5fdb8727cabe0f7e29 | claimId=670fdcb1307a4d55aa930402e54fe242 | claimedAt=2026-08-10T15:29:35.776157+00:00 | nextCheckAt=2026-08-10T15:30:05.776157+00:00 | scanClaimExpiresAt=2026-08-10T15:29:50.776157+00:00 | ttlSeconds=15.0 | intervalSeconds=30
2026-08-10 20:29:35 | INFO | monitor_claim | Device scan claimed | deviceId=6a79ee5fdb8727cabe0f7e2a | claimId=3514ec2214a34ab89b39abb3de5f9c9b | claimedAt=2026-08-10T15:29:35.776157+00:00 | nextCheckAt=2026-08-10T15:30:05.776157+00:00 | scanClaimExpiresAt=2026-08-10T15:29:50.776157+00:00 | ttlSeconds=15.0 | intervalSeconds=30
2026-08-10 20:29:35 | INFO | monitor_runtime | Dispatch scan completed | dispatchId=load | claimId=cb34d3b669c246c4bf3036ff4e8892de | deviceId=6a79ee5fdb8727cabe0f7e22 | nextCheckAt=2026-08-10T15:30:05.776157+00:00 | claimedAt=2026-08-10T15:29:35.776157+00:00 | pingStartedAt=2026-08-10T15:29:35.783699+00:00 | pingCompletedAt=2026-08-10T15:29:35.791699+00:00 | queueWaitMs=0 | pingDurationMs=8 | dueLagMs=1034 | outcome=scanned | workers_active=7 | queue_depth=1
2026-08-10 20:29:35 | INFO | monitor_claim | Device scan claimed | deviceId=6a79ee5fdb8727cabe0f7e2b | claimId=0231745dff244b17b977d90e94ee118e | claimedAt=2026-08-10T15:29:35.776157+00:00 | nextCheckAt=2026-08-10T15:30:05.776157+00:00 | scanClaimExpiresAt=2026-08-10T15:29:50.776157+00:00 | ttlSeconds=15.0 | intervalSeconds=30
2026-08-10 20:29:35 | INFO | monitor_claim | Device scan claim released | deviceId=6a79ee5fdb8727cabe0f7e22 | claimId=cb34d3b669c246c4bf3036ff4e8892de
2026-08-10 20:29:35 | INFO | monitor_runtime | Dispatch scan completed | dispatchId=load | claimId=6f8e6065b6b24a73a593611910d406a7 | deviceId=6a79ee5fdb8727cabe0f7e23 | nextCheckAt=2026-08-10T15:30:05.776157+00:00 | claimedAt=2026-08-10T15:29:35.776157+00:00 | pingStartedAt=2026-08-10T15:29:35.784434+00:00 | pingCompletedAt=2026-08-10T15:29:35.793434+00:00 | queueWaitMs=0 | pingDurationMs=9 | dueLagMs=1034 | outcome=scanned | workers_active=8 | queue_depth=0
2026-08-10 20:29:35 | INFO | monitor_claim | Device scan claimed | deviceId=6a79ee5fdb8727cabe0f7e2c | claimId=8f7d108e14fa4c5a854a8d0e32116433 | claimedAt=2026-08-10T15:29:35.776157+00:00 | nextCheckAt=2026-08-10T15:30:05.776157+00:00 | scanClaimExpiresAt=2026-08-10T15:29:50.776157+00:00 | ttlSeconds=15.0 | intervalSeconds=30
2026-08-10 20:29:35 | INFO | monitor_claim | Device scan claim released | deviceId=6a79ee5fdb8727cabe0f7e23 | claimId=6f8e6065b6b24a73a593611910d406a7
2026-08-10 20:29:35 | INFO | monitor_claim | Device scan claimed | deviceId=6a79ee5fdb8727cabe0f7e2d | claimId=a66170a16c9f42efbcd395428ea3f16c | claimedAt=2026-08-10T15:29:35.776157+00:00 | nextCheckAt=2026-08-10T15:30:05.776157+00:00 | scanClaimExpiresAt=2026-08-10T15:29:50.776157+00:00 | ttlSeconds=15.0 | intervalSeconds=30
2026-08-10 20:29:35 | INFO | monitor_claim | Device scan claimed | deviceId=6a79ee5fdb8727cabe0f7e2e | claimId=739e1ed3cfec4c0da0a300921262df84 | claimedAt=2026-08-10T15:29:35.776157+00:00 | nextCheckAt=2026-08-10T15:30:05.776157+00:00 | scanClaimExpiresAt=2026-08-10T15:29:50.776157+00:00 | ttlSeconds=15.0 | intervalSeconds=30
2026-08-10 20:29:35 | INFO | monitor_runtime | Dispatch scan completed | dispatchId=load | claimId=c807710ff9364e34a141a7496548d7d7 | deviceId=6a79ee5fdb8727cabe0f7e24 | nextCheckAt=2026-08-10T15:30:05.776157+00:00 | claimedAt=2026-08-10T15:29:35.776157+00:00 | pingStartedAt=2026-08-10T15:29:35.788942+00:00 | pingCompletedAt=2026-08-10T15:29:35.798942+00:00 | queueWaitMs=3 | pingDurationMs=10 | dueLagMs=1039 | outcome=scanned | workers_active=10 | queue_depth=0
2026-08-10 20:29:35 | INFO | monitor_claim | Device scan claimed | deviceId=6a79ee5fdb8727cabe0f7e2f | claimId=b025d05e3329492da9c92d5d84a825f8 | claimedAt=2026-08-10T15:29:35.776157+00:00 | nextCheckAt=2026-08-10T15:30:05.776157+00:00 | scanClaimExpiresAt=2026-08-10T15:29:50.776157+00:00 | ttlSeconds=15.0 | intervalSeconds=30
2026-08-10 20:29:35 | INFO | monitor_runtime | Dispatch scan completed | dispatchId=load | claimId=2e97ff68757541f5a65fa5f50fa96037 | deviceId=6a79ee5fdb8727cabe0f7e25 | nextCheckAt=2026-08-10T15:30:05.776157+00:00 | claimedAt=2026-08-10T15:29:35.776157+00:00 | pingStartedAt=2026-08-10T15:29:35.788974+00:00 | pingCompletedAt=2026-08-10T15:29:35.799974+00:00 | queueWaitMs=0 | pingDurationMs=11 | dueLagMs=1039 | outcome=scanned | workers_active=10 | queue_depth=0
2026-08-10 20:29:35 | INFO | monitor_claim | Device scan claim released | deviceId=6a79ee5fdb8727cabe0f7e24 | claimId=c807710ff9364e34a141a7496548d7d7
2026-08-10 20:29:35 | INFO | monitor_runtime | Dispatch scan completed | dispatchId=load | claimId=670fdcb1307a4d55aa930402e54fe242 | deviceId=6a79ee5fdb8727cabe0f7e29 | nextCheckAt=2026-08-10T15:30:05.776157+00:00 | claimedAt=2026-08-10T15:29:35.776157+00:00 | pingStartedAt=2026-08-10T15:29:35.793499+00:00 | pingCompletedAt=2026-08-10T15:29:35.801499+00:00 | queueWaitMs=1 | pingDurationMs=8 | dueLagMs=1043 | outcome=scanned | workers_active=10 | queue_depth=1
2026-08-10 20:29:35 | INFO | monitor_claim | Device scan claimed | deviceId=6a79ee5fdb8727cabe0f7e30 | claimId=bb8c714017064b70867e79c7d5c29d1a | claimedAt=2026-08-10T15:29:35.776157+00:00 | nextCheckAt=2026-08-10T15:30:05.776157+00:00 | scanClaimExpiresAt=2026-08-10T15:29:50.776157+00:00 | ttlSeconds=15.0 | intervalSeconds=30
2026-08-10 20:29:35 | INFO | monitor_runtime | Dispatch scan completed | dispatchId=load | claimId=ee76f4cb0a7a4c039289ec298435e73f | deviceId=6a79ee5fdb8727cabe0f7e26 | nextCheckAt=2026-08-10T15:30:05.776157+00:00 | claimedAt=2026-08-10T15:29:35.776157+00:00 | pingStartedAt=2026-08-10T15:29:35.791042+00:00 | pingCompletedAt=2026-08-10T15:29:35.803042+00:00 | queueWaitMs=1 | pingDurationMs=12 | dueLagMs=1041 | outcome=scanned | workers_active=11 | queue_depth=0
2026-08-10 20:29:35 | INFO | monitor_claim | Device scan claim released | deviceId=6a79ee5fdb8727cabe0f7e25 | claimId=2e97ff68757541f5a65fa5f50fa96037
2026-08-10 20:29:35 | INFO | monitor_runtime | Dispatch scan completed | dispatchId=load | claimId=3514ec2214a34ab89b39abb3de5f9c9b | deviceId=6a79ee5fdb8727cabe0f7e2a | nextCheckAt=2026-08-10T15:30:05.776157+00:00 | claimedAt=2026-08-10T15:29:35.776157+00:00 | pingStartedAt=2026-08-10T15:29:35.795558+00:00 | pingCompletedAt=2026-08-10T15:29:35.804558+00:00 | queueWaitMs=1 | pingDurationMs=9 | dueLagMs=1045 | outcome=scanned | workers_active=11 | queue_depth=1
2026-08-10 20:29:35 | INFO | monitor_claim | Device scan claim released | deviceId=6a79ee5fdb8727cabe0f7e29 | claimId=670fdcb1307a4d55aa930402e54fe242
2026-08-10 20:29:35 | INFO | monitor_runtime | Dispatch scan completed | dispatchId=load | claimId=987d300ba78546069972993607b8c36f | deviceId=6a79ee5fdb8727cabe0f7e27 | nextCheckAt=2026-08-10T15:30:05.776157+00:00 | claimedAt=2026-08-10T15:29:35.776157+00:00 | pingStartedAt=2026-08-10T15:29:35.791558+00:00 | pingCompletedAt=2026-08-10T15:29:35.804558+00:00 | queueWaitMs=0 | pingDurationMs=13 | dueLagMs=1041 | outcome=scanned | workers_active=11 | queue_depth=1
2026-08-10 20:29:35 | INFO | monitor_claim | Device scan claimed | deviceId=6a79ee5fdb8727cabe0f7e31 | claimId=eabec23bcaa64d7586db78a35515cb30 | claimedAt=2026-08-10T15:29:35.776157+00:00 | nextCheckAt=2026-08-10T15:30:05.776157+00:00 | scanClaimExpiresAt=2026-08-10T15:29:50.776157+00:00 | ttlSeconds=15.0 | intervalSeconds=30
2026-08-10 20:29:35 | INFO | monitor_runtime | Dispatch scan completed | dispatchId=load | claimId=f1d9efa0177041d9a8feae2857bfdb4a | deviceId=6a79ee5fdb8727cabe0f7e28 | nextCheckAt=2026-08-10T15:30:05.776157+00:00 | claimedAt=2026-08-10T15:29:35.776157+00:00 | pingStartedAt=2026-08-10T15:29:35.793594+00:00 | pingCompletedAt=2026-08-10T15:29:35.807594+00:00 | queueWaitMs=1 | pingDurationMs=14 | dueLagMs=1043 | outcome=scanned | workers_active=11 | queue_depth=0
2026-08-10 20:29:35 | INFO | monitor_claim | Device scan claim released | deviceId=6a79ee5fdb8727cabe0f7e26 | claimId=ee76f4cb0a7a4c039289ec298435e73f
2026-08-10 20:29:35 | INFO | monitor_runtime | Dispatch scan completed | dispatchId=load | claimId=0231745dff244b17b977d90e94ee118e | deviceId=6a79ee5fdb8727cabe0f7e2b | nextCheckAt=2026-08-10T15:30:05.776157+00:00 | claimedAt=2026-08-10T15:29:35.776157+00:00 | pingStartedAt=2026-08-10T15:29:35.798721+00:00 | pingCompletedAt=2026-08-10T15:29:35.808721+00:00 | queueWaitMs=1 | pingDurationMs=10 | dueLagMs=1049 | outcome=scanned | workers_active=11 | queue_depth=0
2026-08-10 20:29:35 | INFO | monitor_claim | Device scan claim released | deviceId=6a79ee5fdb8727cabe0f7e2a | claimId=3514ec2214a34ab89b39abb3de5f9c9b
2026-08-10 20:29:35 | INFO | monitor_runtime | Dispatch scan completed | dispatchId=load | claimId=8f7d108e14fa4c5a854a8d0e32116433 | deviceId=6a79ee5fdb8727cabe0f7e2c | nextCheckAt=2026-08-10T15:30:05.776157+00:00 | claimedAt=2026-08-10T15:29:35.776157+00:00 | pingStartedAt=2026-08-10T15:29:35.799746+00:00 | pingCompletedAt=2026-08-10T15:29:35.810746+00:00 | queueWaitMs=1 | pingDurationMs=11 | dueLagMs=1050 | outcome=scanned | workers_active=11 | queue_depth=1
2026-08-10 20:29:35 | INFO | monitor_claim | Device scan claim released | deviceId=6a79ee5fdb8727cabe0f7e27 | claimId=987d300ba78546069972993607b8c36f
2026-08-10 20:29:35 | INFO | monitor_runtime | Dispatch scan completed | dispatchId=load | claimId=a66170a16c9f42efbcd395428ea3f16c | deviceId=6a79ee5fdb8727cabe0f7e2d | nextCheckAt=2026-08-10T15:30:05.776157+00:00 | claimedAt=2026-08-10T15:29:35.776157+00:00 | pingStartedAt=2026-08-10T15:29:35.799750+00:00 | pingCompletedAt=2026-08-10T15:29:35.811750+00:00 | queueWaitMs=0 | pingDurationMs=12 | dueLagMs=1050 | outcome=scanned | workers_active=11 | queue_depth=1
2026-08-10 20:29:35 | INFO | monitor_claim | Device scan claimed | deviceId=6a79ee5fdb8727cabe0f7e32 | claimId=511d0233b90f42d3b5cbf8f34a8cda6e | claimedAt=2026-08-10T15:29:35.776157+00:00 | nextCheckAt=2026-08-10T15:30:05.776157+00:00 | scanClaimExpiresAt=2026-08-10T15:29:50.776157+00:00 | ttlSeconds=15.0 | intervalSeconds=30
2026-08-10 20:29:35 | INFO | monitor_claim | Device scan claim released | deviceId=6a79ee5fdb8727cabe0f7e28 | claimId=f1d9efa0177041d9a8feae2857bfdb4a
2026-08-10 20:29:35 | INFO | monitor_runtime | Dispatch scan completed | dispatchId=load | claimId=739e1ed3cfec4c0da0a300921262df84 | deviceId=6a79ee5fdb8727cabe0f7e2e | nextCheckAt=2026-08-10T15:30:05.776157+00:00 | claimedAt=2026-08-10T15:29:35.776157+00:00 | pingStartedAt=2026-08-10T15:29:35.803303+00:00 | pingCompletedAt=2026-08-10T15:29:35.816303+00:00 | queueWaitMs=2 | pingDurationMs=13 | dueLagMs=1053 | outcome=scanned | workers_active=10 | queue_depth=0
2026-08-10 20:29:35 | INFO | monitor_claim | Device scan claim released | deviceId=6a79ee5fdb8727cabe0f7e2b | claimId=0231745dff244b17b977d90e94ee118e
2026-08-10 20:29:35 | INFO | monitor_runtime | Dispatch scan completed | dispatchId=load | claimId=b025d05e3329492da9c92d5d84a825f8 | deviceId=6a79ee5fdb8727cabe0f7e2f | nextCheckAt=2026-08-10T15:30:05.776157+00:00 | claimedAt=2026-08-10T15:29:35.776157+00:00 | pingStartedAt=2026-08-10T15:29:35.806886+00:00 | pingCompletedAt=2026-08-10T15:29:35.820886+00:00 | queueWaitMs=0 | pingDurationMs=14 | dueLagMs=1057 | outcome=scanned | workers_active=8 | queue_depth=0
2026-08-10 20:29:35 | INFO | monitor_claim | Device scan claim released | deviceId=6a79ee5fdb8727cabe0f7e2c | claimId=8f7d108e14fa4c5a854a8d0e32116433
2026-08-10 20:29:35 | INFO | monitor_runtime | Dispatch scan completed | dispatchId=load | claimId=bb8c714017064b70867e79c7d5c29d1a | deviceId=6a79ee5fdb8727cabe0f7e30 | nextCheckAt=2026-08-10T15:30:05.776157+00:00 | claimedAt=2026-08-10T15:29:35.776157+00:00 | pingStartedAt=2026-08-10T15:29:35.813911+00:00 | pingCompletedAt=2026-08-10T15:29:35.821911+00:00 | queueWaitMs=3 | pingDurationMs=8 | dueLagMs=1064 | outcome=scanned | workers_active=8 | queue_depth=0
2026-08-10 20:29:35 | INFO | monitor_claim | Device scan claimed | deviceId=6a79ee5fdb8727cabe0f7e33 | claimId=5e2c6608923344b79d08f0ff1fd1c95a | claimedAt=2026-08-10T15:29:35.776157+00:00 | nextCheckAt=2026-08-10T15:30:05.776157+00:00 | scanClaimExpiresAt=2026-08-10T15:29:50.776157+00:00 | ttlSeconds=15.0 | intervalSeconds=30
2026-08-10 20:29:35 | INFO | monitor_runtime | Dispatch scan completed | dispatchId=load | claimId=eabec23bcaa64d7586db78a35515cb30 | deviceId=6a79ee5fdb8727cabe0f7e31 | nextCheckAt=2026-08-10T15:30:05.776157+00:00 | claimedAt=2026-08-10T15:29:35.776157+00:00 | pingStartedAt=2026-08-10T15:29:35.816409+00:00 | pingCompletedAt=2026-08-10T15:29:35.825409+00:00 | queueWaitMs=0 | pingDurationMs=9 | dueLagMs=1066 | outcome=scanned | workers_active=7 | queue_depth=0
2026-08-10 20:29:35 | INFO | monitor_claim | Device scan claim released | deviceId=6a79ee5fdb8727cabe0f7e2d | claimId=a66170a16c9f42efbcd395428ea3f16c
2026-08-10 20:29:35 | INFO | monitor_claim | Device scan claim released | deviceId=6a79ee5fdb8727cabe0f7e2e | claimId=739e1ed3cfec4c0da0a300921262df84
2026-08-10 20:29:35 | INFO | monitor_claim | Device scan claim released | deviceId=6a79ee5fdb8727cabe0f7e2f | claimId=b025d05e3329492da9c92d5d84a825f8
2026-08-10 20:29:35 | INFO | monitor_claim | Device scan claim released | deviceId=6a79ee5fdb8727cabe0f7e30 | claimId=bb8c714017064b70867e79c7d5c29d1a
2026-08-10 20:29:35 | INFO | monitor_claim | Device scan claimed | deviceId=6a79ee5fdb8727cabe0f7e34 | claimId=c501abdf79094ad2a3b68d691717d8a3 | claimedAt=2026-08-10T15:29:35.776157+00:00 | nextCheckAt=2026-08-10T15:30:05.776157+00:00 | scanClaimExpiresAt=2026-08-10T15:29:50.776157+00:00 | ttlSeconds=15.0 | intervalSeconds=30
2026-08-10 20:29:35 | INFO | monitor_claim | Device scan claim released | deviceId=6a79ee5fdb8727cabe0f7e31 | claimId=eabec23bcaa64d7586db78a35515cb30
2026-08-10 20:29:35 | INFO | monitor_claim | Device scan claimed | deviceId=6a79ee5fdb8727cabe0f7e35 | claimId=6ed7ab36b6d34003b277138ce7ecdb7e | claimedAt=2026-08-10T15:29:35.776157+00:00 | nextCheckAt=2026-08-10T15:30:05.776157+00:00 | scanClaimExpiresAt=2026-08-10T15:29:50.776157+00:00 | ttlSeconds=15.0 | intervalSeconds=30
2026-08-10 20:29:35 | INFO | monitor_claim | Device scan claimed | deviceId=6a79ee5fdb8727cabe0f7e36 | claimId=d287a5ea3b5e4a43a0513006545e0173 | claimedAt=2026-08-10T15:29:35.829572+00:00 | nextCheckAt=2026-08-10T15:30:05.829572+00:00 | scanClaimExpiresAt=2026-08-10T15:29:50.829572+00:00 | ttlSeconds=15.0 | intervalSeconds=30
2026-08-10 20:29:35 | INFO | monitor_runtime | Dispatch scan completed | dispatchId=load | claimId=511d0233b90f42d3b5cbf8f34a8cda6e | deviceId=6a79ee5fdb8727cabe0f7e32 | nextCheckAt=2026-08-10T15:30:05.776157+00:00 | claimedAt=2026-08-10T15:29:35.776157+00:00 | pingStartedAt=2026-08-10T15:29:35.826773+00:00 | pingCompletedAt=2026-08-10T15:29:35.836773+00:00 | queueWaitMs=0 | pingDurationMs=10 | dueLagMs=1077 | outcome=scanned | workers_active=4 | queue_depth=0
2026-08-10 20:29:35 | INFO | monitor_claim | Device scan claimed | deviceId=6a79ee5fdb8727cabe0f7e37 | claimId=04e5d51dbbb44408bdcfbf14c103564a | claimedAt=2026-08-10T15:29:35.829572+00:00 | nextCheckAt=2026-08-10T15:30:05.829572+00:00 | scanClaimExpiresAt=2026-08-10T15:29:50.829572+00:00 | ttlSeconds=15.0 | intervalSeconds=30
2026-08-10 20:29:35 | INFO | monitor_claim | Device scan claim released | deviceId=6a79ee5fdb8727cabe0f7e32 | claimId=511d0233b90f42d3b5cbf8f34a8cda6e
2026-08-10 20:29:35 | INFO | monitor_claim | Device scan claimed | deviceId=6a79ee5fdb8727cabe0f7e38 | claimId=73114f154de046409a69fff07521e870 | claimedAt=2026-08-10T15:29:35.829572+00:00 | nextCheckAt=2026-08-10T15:30:05.829572+00:00 | scanClaimExpiresAt=2026-08-10T15:29:50.829572+00:00 | ttlSeconds=15.0 | intervalSeconds=30
2026-08-10 20:29:35 | INFO | monitor_claim | Device scan claimed | deviceId=6a79ee5fdb8727cabe0f7e39 | claimId=3ec008acc6134c7480542f39e2525019 | claimedAt=2026-08-10T15:29:35.829572+00:00 | nextCheckAt=2026-08-10T15:30:05.829572+00:00 | scanClaimExpiresAt=2026-08-10T15:29:50.829572+00:00 | ttlSeconds=15.0 | intervalSeconds=30
2026-08-10 20:29:35 | INFO | monitor_runtime | Dispatch scan completed | dispatchId=load | claimId=5e2c6608923344b79d08f0ff1fd1c95a | deviceId=6a79ee5fdb8727cabe0f7e33 | nextCheckAt=2026-08-10T15:30:05.776157+00:00 | claimedAt=2026-08-10T15:29:35.776157+00:00 | pingStartedAt=2026-08-10T15:29:35.829271+00:00 | pingCompletedAt=2026-08-10T15:29:35.840271+00:00 | queueWaitMs=1 | pingDurationMs=11 | dueLagMs=1079 | outcome=scanned | workers_active=6 | queue_depth=0
2026-08-10 20:29:35 | INFO | monitor_claim | Device scan claimed | deviceId=6a79ee5fdb8727cabe0f7e3a | claimId=e4ab4f33537d4eccaafc24d68dabb2db | claimedAt=2026-08-10T15:29:35.829572+00:00 | nextCheckAt=2026-08-10T15:30:05.829572+00:00 | scanClaimExpiresAt=2026-08-10T15:29:50.829572+00:00 | ttlSeconds=15.0 | intervalSeconds=30
2026-08-10 20:29:35 | INFO | monitor_runtime | Dispatch scan completed | dispatchId=load | claimId=c501abdf79094ad2a3b68d691717d8a3 | deviceId=6a79ee5fdb8727cabe0f7e34 | nextCheckAt=2026-08-10T15:30:05.776157+00:00 | claimedAt=2026-08-10T15:29:35.776157+00:00 | pingStartedAt=2026-08-10T15:29:35.829810+00:00 | pingCompletedAt=2026-08-10T15:29:35.841810+00:00 | queueWaitMs=1 | pingDurationMs=12 | dueLagMs=1080 | outcome=scanned | workers_active=6 | queue_depth=1
2026-08-10 20:29:35 | INFO | monitor_claim | Device scan claim released | deviceId=6a79ee5fdb8727cabe0f7e33 | claimId=5e2c6608923344b79d08f0ff1fd1c95a
2026-08-10 20:29:35 | INFO | monitor_claim | Device scan claimed | deviceId=6a79ee5fdb8727cabe0f7e3b | claimId=2ab0241a77254b82bd0ceb45b824476d | claimedAt=2026-08-10T15:29:35.829572+00:00 | nextCheckAt=2026-08-10T15:30:05.829572+00:00 | scanClaimExpiresAt=2026-08-10T15:29:50.829572+00:00 | ttlSeconds=15.0 | intervalSeconds=30
2026-08-10 20:29:35 | INFO | monitor_claim | Device scan claim released | deviceId=6a79ee5fdb8727cabe0f7e34 | claimId=c501abdf79094ad2a3b68d691717d8a3
2026-08-10 20:29:35 | INFO | monitor_claim | Device scan claimed | deviceId=6a79ee5fdb8727cabe0f7e3c | claimId=f44e88b472f640448855feb0abc1fd54 | claimedAt=2026-08-10T15:29:35.829572+00:00 | nextCheckAt=2026-08-10T15:30:05.829572+00:00 | scanClaimExpiresAt=2026-08-10T15:29:50.829572+00:00 | ttlSeconds=15.0 | intervalSeconds=30
2026-08-10 20:29:35 | INFO | monitor_claim | Device scan claimed | deviceId=6a79ee5fdb8727cabe0f7e3d | claimId=d6ad2af7f14540709286da198b2358be | claimedAt=2026-08-10T15:29:35.829572+00:00 | nextCheckAt=2026-08-10T15:30:05.829572+00:00 | scanClaimExpiresAt=2026-08-10T15:29:50.829572+00:00 | ttlSeconds=15.0 | intervalSeconds=30
2026-08-10 20:29:35 | INFO | monitor_claim | Device scan claimed | deviceId=6a79ee5fdb8727cabe0f7e3e | claimId=c03ec18178424c879b5444888a78cca7 | claimedAt=2026-08-10T15:29:35.829572+00:00 | nextCheckAt=2026-08-10T15:30:05.829572+00:00 | scanClaimExpiresAt=2026-08-10T15:29:50.829572+00:00 | ttlSeconds=15.0 | intervalSeconds=30
2026-08-10 20:29:35 | INFO | monitor_claim | Device scan claimed | deviceId=6a79ee5fdb8727cabe0f7e3f | claimId=9b5742c0951e45f1833200167e76015c | claimedAt=2026-08-10T15:29:35.829572+00:00 | nextCheckAt=2026-08-10T15:30:05.829572+00:00 | scanClaimExpiresAt=2026-08-10T15:29:50.829572+00:00 | ttlSeconds=15.0 | intervalSeconds=30
2026-08-10 20:29:35 | INFO | monitor_claim | Device scan claimed | deviceId=6a79ee5fdb8727cabe0f7e40 | claimId=d8a3cac2c8fd43919f8e1e4bdea9ab72 | claimedAt=2026-08-10T15:29:35.829572+00:00 | nextCheckAt=2026-08-10T15:30:05.829572+00:00 | scanClaimExpiresAt=2026-08-10T15:29:50.829572+00:00 | ttlSeconds=15.0 | intervalSeconds=30
2026-08-10 20:29:35 | INFO | monitor_claim | Device scan claimed | deviceId=6a79ee5fdb8727cabe0f7e41 | claimId=ba385b810f4d4d5f802ad2d028cac86a | claimedAt=2026-08-10T15:29:35.829572+00:00 | nextCheckAt=2026-08-10T15:30:05.829572+00:00 | scanClaimExpiresAt=2026-08-10T15:29:50.829572+00:00 | ttlSeconds=15.0 | intervalSeconds=30
2026-08-10 20:29:35 | INFO | monitor_runtime | Dispatch scan completed | dispatchId=load | claimId=04e5d51dbbb44408bdcfbf14c103564a | deviceId=6a79ee5fdb8727cabe0f7e37 | nextCheckAt=2026-08-10T15:30:05.829572+00:00 | claimedAt=2026-08-10T15:29:35.829572+00:00 | pingStartedAt=2026-08-10T15:29:35.839932+00:00 | pingCompletedAt=2026-08-10T15:29:35.847932+00:00 | queueWaitMs=0 | pingDurationMs=8 | dueLagMs=1090 | outcome=scanned | workers_active=12 | queue_depth=0
2026-08-10 20:29:35 | INFO | monitor_claim | Device scan claimed | deviceId=6a79ee5fdb8727cabe0f7e42 | claimId=75cca9b81c21402882bbf8bd372eba94 | claimedAt=2026-08-10T15:29:35.829572+00:00 | nextCheckAt=2026-08-10T15:30:05.829572+00:00 | scanClaimExpiresAt=2026-08-10T15:29:50.829572+00:00 | ttlSeconds=15.0 | intervalSeconds=30
2026-08-10 20:29:35 | INFO | monitor_claim | Device scan claim released | deviceId=6a79ee5fdb8727cabe0f7e37 | claimId=04e5d51dbbb44408bdcfbf14c103564a
2026-08-10 20:29:35 | INFO | monitor_runtime | Dispatch scan completed | dispatchId=load | claimId=73114f154de046409a69fff07521e870 | deviceId=6a79ee5fdb8727cabe0f7e38 | nextCheckAt=2026-08-10T15:30:05.829572+00:00 | claimedAt=2026-08-10T15:29:35.829572+00:00 | pingStartedAt=2026-08-10T15:29:35.840454+00:00 | pingCompletedAt=2026-08-10T15:29:35.849454+00:00 | queueWaitMs=1 | pingDurationMs=9 | dueLagMs=1090 | outcome=scanned | workers_active=14 | queue_depth=0
2026-08-10 20:29:35 | INFO | monitor_claim | Device scan claimed | deviceId=6a79ee5fdb8727cabe0f7e43 | claimId=5530d3645a65407b844c099baf1c6d38 | claimedAt=2026-08-10T15:29:35.829572+00:00 | nextCheckAt=2026-08-10T15:30:05.829572+00:00 | scanClaimExpiresAt=2026-08-10T15:29:50.829572+00:00 | ttlSeconds=15.0 | intervalSeconds=30
2026-08-10 20:29:35 | INFO | monitor_claim | Device scan claim released | deviceId=6a79ee5fdb8727cabe0f7e38 | claimId=73114f154de046409a69fff07521e870
2026-08-10 20:29:35 | INFO | monitor_runtime | Dispatch scan completed | dispatchId=load | claimId=3ec008acc6134c7480542f39e2525019 | deviceId=6a79ee5fdb8727cabe0f7e39 | nextCheckAt=2026-08-10T15:30:05.829572+00:00 | claimedAt=2026-08-10T15:29:35.829572+00:00 | pingStartedAt=2026-08-10T15:29:35.842436+00:00 | pingCompletedAt=2026-08-10T15:29:35.852436+00:00 | queueWaitMs=1 | pingDurationMs=10 | dueLagMs=1092 | outcome=scanned | workers_active=13 | queue_depth=1
2026-08-10 20:29:35 | INFO | monitor_claim | Device scan claimed | deviceId=6a79ee5fdb8727cabe0f7e44 | claimId=ca23696b185649efa8aae33378e20d22 | claimedAt=2026-08-10T15:29:35.829572+00:00 | nextCheckAt=2026-08-10T15:30:05.829572+00:00 | scanClaimExpiresAt=2026-08-10T15:29:50.829572+00:00 | ttlSeconds=15.0 | intervalSeconds=30
2026-08-10 20:29:35 | INFO | monitor_runtime | Dispatch scan completed | dispatchId=load | claimId=6ed7ab36b6d34003b277138ce7ecdb7e | deviceId=6a79ee5fdb8727cabe0f7e35 | nextCheckAt=2026-08-10T15:30:05.776157+00:00 | claimedAt=2026-08-10T15:29:35.776157+00:00 | pingStartedAt=2026-08-10T15:29:35.840967+00:00 | pingCompletedAt=2026-08-10T15:29:35.853967+00:00 | queueWaitMs=7 | pingDurationMs=13 | dueLagMs=1091 | outcome=scanned | workers_active=14 | queue_depth=0
2026-08-10 20:29:35 | INFO | monitor_claim | Device scan claim released | deviceId=6a79ee5fdb8727cabe0f7e39 | claimId=3ec008acc6134c7480542f39e2525019
2026-08-10 20:29:35 | INFO | monitor_runtime | Dispatch scan completed | dispatchId=load | claimId=d287a5ea3b5e4a43a0513006545e0173 | deviceId=6a79ee5fdb8727cabe0f7e36 | nextCheckAt=2026-08-10T15:30:05.829572+00:00 | claimedAt=2026-08-10T15:29:35.829572+00:00 | pingStartedAt=2026-08-10T15:29:35.839967+00:00 | pingCompletedAt=2026-08-10T15:29:35.853967+00:00 | queueWaitMs=0 | pingDurationMs=14 | dueLagMs=1090 | outcome=scanned | workers_active=14 | queue_depth=0
2026-08-10 20:29:35 | INFO | monitor_claim | Device scan claimed | deviceId=6a79ee5fdb8727cabe0f7e45 | claimId=f02c2af81ba54fb5b7d5ded5fefb2bcc | claimedAt=2026-08-10T15:29:35.829572+00:00 | nextCheckAt=2026-08-10T15:30:05.829572+00:00 | scanClaimExpiresAt=2026-08-10T15:29:50.829572+00:00 | ttlSeconds=15.0 | intervalSeconds=30
2026-08-10 20:29:35 | INFO | monitor_runtime | Dispatch scan completed | dispatchId=load | claimId=c03ec18178424c879b5444888a78cca7 | deviceId=6a79ee5fdb8727cabe0f7e3e | nextCheckAt=2026-08-10T15:30:05.829572+00:00 | claimedAt=2026-08-10T15:29:35.829572+00:00 | pingStartedAt=2026-08-10T15:29:35.845967+00:00 | pingCompletedAt=2026-08-10T15:29:35.853967+00:00 | queueWaitMs=0 | pingDurationMs=8 | dueLagMs=1096 | outcome=scanned | workers_active=14 | queue_depth=0
2026-08-10 20:29:35 | INFO | monitor_claim | Device scan claim released | deviceId=6a79ee5fdb8727cabe0f7e35 | claimId=6ed7ab36b6d34003b277138ce7ecdb7e
2026-08-10 20:29:35 | INFO | monitor_runtime | Dispatch scan completed | dispatchId=load | claimId=e4ab4f33537d4eccaafc24d68dabb2db | deviceId=6a79ee5fdb8727cabe0f7e3a | nextCheckAt=2026-08-10T15:30:05.829572+00:00 | claimedAt=2026-08-10T15:29:35.829572+00:00 | pingStartedAt=2026-08-10T15:29:35.842967+00:00 | pingCompletedAt=2026-08-10T15:29:35.853967+00:00 | queueWaitMs=0 | pingDurationMs=11 | dueLagMs=1093 | outcome=scanned | workers_active=14 | queue_depth=0
2026-08-10 20:29:35 | INFO | monitor_claim | Device scan claim released | deviceId=6a79ee5fdb8727cabe0f7e36 | claimId=d287a5ea3b5e4a43a0513006545e0173
2026-08-10 20:29:35 | INFO | monitor_runtime | Dispatch scan completed | dispatchId=load | claimId=9b5742c0951e45f1833200167e76015c | deviceId=6a79ee5fdb8727cabe0f7e3f | nextCheckAt=2026-08-10T15:30:05.829572+00:00 | claimedAt=2026-08-10T15:29:35.829572+00:00 | pingStartedAt=2026-08-10T15:29:35.846501+00:00 | pingCompletedAt=2026-08-10T15:29:35.855501+00:00 | queueWaitMs=0 | pingDurationMs=9 | dueLagMs=1096 | outcome=scanned | workers_active=13 | queue_depth=0
2026-08-10 20:29:35 | INFO | monitor_claim | Device scan claimed | deviceId=6a79ee5fdb8727cabe0f7e46 | claimId=23a2554d591b42758e592b673297a6a1 | claimedAt=2026-08-10T15:29:35.859566+00:00 | nextCheckAt=2026-08-10T15:30:05.859566+00:00 | scanClaimExpiresAt=2026-08-10T15:29:50.859566+00:00 | ttlSeconds=15.0 | intervalSeconds=30
2026-08-10 20:29:35 | INFO | monitor_runtime | Dispatch scan completed | dispatchId=load | claimId=2ab0241a77254b82bd0ceb45b824476d | deviceId=6a79ee5fdb8727cabe0f7e3b | nextCheckAt=2026-08-10T15:30:05.829572+00:00 | claimedAt=2026-08-10T15:29:35.829572+00:00 | pingStartedAt=2026-08-10T15:29:35.844617+00:00 | pingCompletedAt=2026-08-10T15:29:35.856617+00:00 | queueWaitMs=0 | pingDurationMs=12 | dueLagMs=1094 | outcome=scanned | workers_active=13 | queue_depth=0
2026-08-10 20:29:35 | INFO | monitor_claim | Device scan claim released | deviceId=6a79ee5fdb8727cabe0f7e3e | claimId=c03ec18178424c879b5444888a78cca7
2026-08-10 20:29:35 | INFO | monitor_runtime | Dispatch scan completed | dispatchId=load | claimId=f44e88b472f640448855feb0abc1fd54 | deviceId=6a79ee5fdb8727cabe0f7e3c | nextCheckAt=2026-08-10T15:30:05.829572+00:00 | claimedAt=2026-08-10T15:29:35.829572+00:00 | pingStartedAt=2026-08-10T15:29:35.845126+00:00 | pingCompletedAt=2026-08-10T15:29:35.858126+00:00 | queueWaitMs=1 | pingDurationMs=13 | dueLagMs=1095 | outcome=scanned | workers_active=14 | queue_depth=0
2026-08-10 20:29:35 | INFO | monitor_claim | Device scan claim released | deviceId=6a79ee5fdb8727cabe0f7e3a | claimId=e4ab4f33537d4eccaafc24d68dabb2db
2026-08-10 20:29:35 | INFO | monitor_runtime | Dispatch scan completed | dispatchId=load | claimId=d8a3cac2c8fd43919f8e1e4bdea9ab72 | deviceId=6a79ee5fdb8727cabe0f7e40 | nextCheckAt=2026-08-10T15:30:05.829572+00:00 | claimedAt=2026-08-10T15:29:35.829572+00:00 | pingStartedAt=2026-08-10T15:29:35.848126+00:00 | pingCompletedAt=2026-08-10T15:29:35.858126+00:00 | queueWaitMs=0 | pingDurationMs=10 | dueLagMs=1098 | outcome=scanned | workers_active=13 | queue_depth=0
2026-08-10 20:29:35 | INFO | monitor_claim | Device scan claim released | deviceId=6a79ee5fdb8727cabe0f7e3f | claimId=9b5742c0951e45f1833200167e76015c
2026-08-10 20:29:35 | INFO | monitor_runtime | Dispatch scan completed | dispatchId=load | claimId=75cca9b81c21402882bbf8bd372eba94 | deviceId=6a79ee5fdb8727cabe0f7e42 | nextCheckAt=2026-08-10T15:30:05.829572+00:00 | claimedAt=2026-08-10T15:29:35.829572+00:00 | pingStartedAt=2026-08-10T15:29:35.852916+00:00 | pingCompletedAt=2026-08-10T15:29:35.864916+00:00 | queueWaitMs=1 | pingDurationMs=12 | dueLagMs=1103 | outcome=scanned | workers_active=13 | queue_depth=1
2026-08-10 20:29:35 | INFO | monitor_claim | Device scan claimed | deviceId=6a79ee5fdb8727cabe0f7e47 | claimId=06c3ac8bccf5421899794aaa17d17ea0 | claimedAt=2026-08-10T15:29:35.859566+00:00 | nextCheckAt=2026-08-10T15:30:05.859566+00:00 | scanClaimExpiresAt=2026-08-10T15:29:50.859566+00:00 | ttlSeconds=15.0 | intervalSeconds=30
2026-08-10 20:29:35 | INFO | monitor_runtime | Dispatch scan completed | dispatchId=load | claimId=ba385b810f4d4d5f802ad2d028cac86a | deviceId=6a79ee5fdb8727cabe0f7e41 | nextCheckAt=2026-08-10T15:30:05.829572+00:00 | claimedAt=2026-08-10T15:29:35.829572+00:00 | pingStartedAt=2026-08-10T15:29:35.853916+00:00 | pingCompletedAt=2026-08-10T15:29:35.864916+00:00 | queueWaitMs=0 | pingDurationMs=11 | dueLagMs=1104 | outcome=scanned | workers_active=14 | queue_depth=0
2026-08-10 20:29:35 | INFO | monitor_claim | Device scan claim released | deviceId=6a79ee5fdb8727cabe0f7e3b | claimId=2ab0241a77254b82bd0ceb45b824476d
2026-08-10 20:29:35 | INFO | monitor_runtime | Dispatch scan completed | dispatchId=load | claimId=d6ad2af7f14540709286da198b2358be | deviceId=6a79ee5fdb8727cabe0f7e3d | nextCheckAt=2026-08-10T15:30:05.829572+00:00 | claimedAt=2026-08-10T15:29:35.829572+00:00 | pingStartedAt=2026-08-10T15:29:35.852114+00:00 | pingCompletedAt=2026-08-10T15:29:35.866114+00:00 | queueWaitMs=0 | pingDurationMs=14 | dueLagMs=1102 | outcome=scanned | workers_active=14 | queue_depth=0
2026-08-10 20:29:35 | INFO | monitor_claim | Device scan claim released | deviceId=6a79ee5fdb8727cabe0f7e3c | claimId=f44e88b472f640448855feb0abc1fd54
2026-08-10 20:29:35 | INFO | monitor_runtime | Dispatch scan completed | dispatchId=load | claimId=5530d3645a65407b844c099baf1c6d38 | deviceId=6a79ee5fdb8727cabe0f7e43 | nextCheckAt=2026-08-10T15:30:05.829572+00:00 | claimedAt=2026-08-10T15:29:35.829572+00:00 | pingStartedAt=2026-08-10T15:29:35.857960+00:00 | pingCompletedAt=2026-08-10T15:29:35.870960+00:00 | queueWaitMs=3 | pingDurationMs=13 | dueLagMs=1108 | outcome=scanned | workers_active=12 | queue_depth=0
2026-08-10 20:29:35 | INFO | monitor_claim | Device scan claim released | deviceId=6a79ee5fdb8727cabe0f7e40 | claimId=d8a3cac2c8fd43919f8e1e4bdea9ab72
2026-08-10 20:29:35 | INFO | monitor_runtime | Dispatch scan completed | dispatchId=load | claimId=ca23696b185649efa8aae33378e20d22 | deviceId=6a79ee5fdb8727cabe0f7e44 | nextCheckAt=2026-08-10T15:30:05.829572+00:00 | claimedAt=2026-08-10T15:29:35.829572+00:00 | pingStartedAt=2026-08-10T15:29:35.858470+00:00 | pingCompletedAt=2026-08-10T15:29:35.872470+00:00 | queueWaitMs=1 | pingDurationMs=14 | dueLagMs=1108 | outcome=scanned | workers_active=11 | queue_depth=0
2026-08-10 20:29:35 | INFO | monitor_claim | Device scan claim released | deviceId=6a79ee5fdb8727cabe0f7e42 | claimId=75cca9b81c21402882bbf8bd372eba94
2026-08-10 20:29:35 | INFO | monitor_runtime | Dispatch scan completed | dispatchId=load | claimId=f02c2af81ba54fb5b7d5ded5fefb2bcc | deviceId=6a79ee5fdb8727cabe0f7e45 | nextCheckAt=2026-08-10T15:30:05.829572+00:00 | claimedAt=2026-08-10T15:29:35.829572+00:00 | pingStartedAt=2026-08-10T15:29:35.865782+00:00 | pingCompletedAt=2026-08-10T15:29:35.873782+00:00 | queueWaitMs=5 | pingDurationMs=8 | dueLagMs=1116 | outcome=scanned | workers_active=10 | queue_depth=1
2026-08-10 20:29:35 | INFO | monitor_claim | Device scan claimed | deviceId=6a79ee5fdb8727cabe0f7e48 | claimId=f4419cd7c17d410dbbd1cd517b8f5356 | claimedAt=2026-08-10T15:29:35.859566+00:00 | nextCheckAt=2026-08-10T15:30:05.859566+00:00 | scanClaimExpiresAt=2026-08-10T15:29:50.859566+00:00 | ttlSeconds=15.0 | intervalSeconds=30
2026-08-10 20:29:35 | INFO | monitor_claim | Device scan claim released | deviceId=6a79ee5fdb8727cabe0f7e41 | claimId=ba385b810f4d4d5f802ad2d028cac86a
2026-08-10 20:29:35 | INFO | monitor_claim | Device scan claim released | deviceId=6a79ee5fdb8727cabe0f7e3d | claimId=d6ad2af7f14540709286da198b2358be
2026-08-10 20:29:35 | INFO | monitor_claim | Device scan claim released | deviceId=6a79ee5fdb8727cabe0f7e43 | claimId=5530d3645a65407b844c099baf1c6d38
2026-08-10 20:29:35 | INFO | monitor_claim | Device scan claim released | deviceId=6a79ee5fdb8727cabe0f7e44 | claimId=ca23696b185649efa8aae33378e20d22
2026-08-10 20:29:35 | INFO | monitor_claim | Device scan claim released | deviceId=6a79ee5fdb8727cabe0f7e45 | claimId=f02c2af81ba54fb5b7d5ded5fefb2bcc
2026-08-10 20:29:35 | INFO | monitor_claim | Device scan claimed | deviceId=6a79ee5fdb8727cabe0f7e49 | claimId=e7b85604b4d0453e8cf077d3f7df63af | claimedAt=2026-08-10T15:29:35.859566+00:00 | nextCheckAt=2026-08-10T15:30:05.859566+00:00 | scanClaimExpiresAt=2026-08-10T15:29:50.859566+00:00 | ttlSeconds=15.0 | intervalSeconds=30
2026-08-10 20:29:35 | INFO | monitor_claim | Device scan claimed | deviceId=6a79ee5fdb8727cabe0f7e4a | claimId=32925de3dfb94f64b99d9c03651c141a | claimedAt=2026-08-10T15:29:35.859566+00:00 | nextCheckAt=2026-08-10T15:30:05.859566+00:00 | scanClaimExpiresAt=2026-08-10T15:29:50.859566+00:00 | ttlSeconds=15.0 | intervalSeconds=30
2026-08-10 20:29:35 | INFO | monitor_claim | Device scan claimed | deviceId=6a79ee5fdb8727cabe0f7e4b | claimId=f64589cddeb5484dbb47e009c323f8ef | claimedAt=2026-08-10T15:29:35.859566+00:00 | nextCheckAt=2026-08-10T15:30:05.859566+00:00 | scanClaimExpiresAt=2026-08-10T15:29:50.859566+00:00 | ttlSeconds=15.0 | intervalSeconds=30
2026-08-10 20:29:35 | INFO | monitor_claim | Device scan claimed | deviceId=6a79ee5fdb8727cabe0f7e4c | claimId=f62fcfda8ac84d618f66ab48e83148cd | claimedAt=2026-08-10T15:29:35.878682+00:00 | nextCheckAt=2026-08-10T15:30:05.878682+00:00 | scanClaimExpiresAt=2026-08-10T15:29:50.878682+00:00 | ttlSeconds=15.0 | intervalSeconds=30
2026-08-10 20:29:35 | INFO | monitor_runtime | Dispatch scan completed | dispatchId=load | claimId=23a2554d591b42758e592b673297a6a1 | deviceId=6a79ee5fdb8727cabe0f7e46 | nextCheckAt=2026-08-10T15:30:05.859566+00:00 | claimedAt=2026-08-10T15:29:35.859566+00:00 | pingStartedAt=2026-08-10T15:29:35.873245+00:00 | pingCompletedAt=2026-08-10T15:29:35.882245+00:00 | queueWaitMs=2 | pingDurationMs=9 | dueLagMs=1123 | outcome=scanned | workers_active=6 | queue_depth=0
2026-08-10 20:29:35 | INFO | monitor_claim | Device scan claimed | deviceId=6a79ee5fdb8727cabe0f7e4d | claimId=396e0bd13bd549f5b80df32d214a761c | claimedAt=2026-08-10T15:29:35.878682+00:00 | nextCheckAt=2026-08-10T15:30:05.878682+00:00 | scanClaimExpiresAt=2026-08-10T15:29:50.878682+00:00 | ttlSeconds=15.0 | intervalSeconds=30
2026-08-10 20:29:35 | INFO | monitor_claim | Device scan claim released | deviceId=6a79ee5fdb8727cabe0f7e46 | claimId=23a2554d591b42758e592b673297a6a1
2026-08-10 20:29:35 | INFO | monitor_claim | Device scan claimed | deviceId=6a79ee5fdb8727cabe0f7e4e | claimId=69b1f14f4d3e4729be40817e6ecd00ec | claimedAt=2026-08-10T15:29:35.878682+00:00 | nextCheckAt=2026-08-10T15:30:05.878682+00:00 | scanClaimExpiresAt=2026-08-10T15:29:50.878682+00:00 | ttlSeconds=15.0 | intervalSeconds=30
2026-08-10 20:29:35 | INFO | monitor_claim | Device scan claimed | deviceId=6a79ee5fdb8727cabe0f7e4f | claimId=0bd07fdc94b14e1bb625fac68b991d06 | claimedAt=2026-08-10T15:29:35.878682+00:00 | nextCheckAt=2026-08-10T15:30:05.878682+00:00 | scanClaimExpiresAt=2026-08-10T15:29:50.878682+00:00 | ttlSeconds=15.0 | intervalSeconds=30
2026-08-10 20:29:35 | INFO | monitor_claim | Device scan claimed | deviceId=6a79ee5fdb8727cabe0f7e50 | claimId=4c2ee4c2a5a446899d81662bcdb4219e | claimedAt=2026-08-10T15:29:35.878682+00:00 | nextCheckAt=2026-08-10T15:30:05.878682+00:00 | scanClaimExpiresAt=2026-08-10T15:29:50.878682+00:00 | ttlSeconds=15.0 | intervalSeconds=30
2026-08-10 20:29:35 | INFO | monitor_runtime | Dispatch scan completed | dispatchId=load | claimId=06c3ac8bccf5421899794aaa17d17ea0 | deviceId=6a79ee5fdb8727cabe0f7e47 | nextCheckAt=2026-08-10T15:30:05.859566+00:00 | claimedAt=2026-08-10T15:29:35.859566+00:00 | pingStartedAt=2026-08-10T15:29:35.876124+00:00 | pingCompletedAt=2026-08-10T15:29:35.886124+00:00 | queueWaitMs=0 | pingDurationMs=10 | dueLagMs=1126 | outcome=scanned | workers_active=9 | queue_depth=0
2026-08-10 20:29:35 | INFO | monitor_claim | Device scan claimed | deviceId=6a79ee5fdb8727cabe0f7e51 | claimId=6a403de00d88455c93422d15d459124a | claimedAt=2026-08-10T15:29:35.878682+00:00 | nextCheckAt=2026-08-10T15:30:05.878682+00:00 | scanClaimExpiresAt=2026-08-10T15:29:50.878682+00:00 | ttlSeconds=15.0 | intervalSeconds=30
2026-08-10 20:29:35 | INFO | monitor_claim | Device scan claim released | deviceId=6a79ee5fdb8727cabe0f7e47 | claimId=06c3ac8bccf5421899794aaa17d17ea0
2026-08-10 20:29:35 | INFO | monitor_runtime | Dispatch scan completed | dispatchId=load | claimId=f4419cd7c17d410dbbd1cd517b8f5356 | deviceId=6a79ee5fdb8727cabe0f7e48 | nextCheckAt=2026-08-10T15:30:05.859566+00:00 | claimedAt=2026-08-10T15:29:35.859566+00:00 | pingStartedAt=2026-08-10T15:29:35.878635+00:00 | pingCompletedAt=2026-08-10T15:29:35.889635+00:00 | queueWaitMs=0 | pingDurationMs=11 | dueLagMs=1128 | outcome=scanned | workers_active=10 | queue_depth=1
2026-08-10 20:29:35 | INFO | monitor_claim | Device scan claimed | deviceId=6a79ee5fdb8727cabe0f7e52 | claimId=62c2ee6265f54239b6ffe66ca499a14c | claimedAt=2026-08-10T15:29:35.878682+00:00 | nextCheckAt=2026-08-10T15:30:05.878682+00:00 | scanClaimExpiresAt=2026-08-10T15:29:50.878682+00:00 | ttlSeconds=15.0 | intervalSeconds=30
2026-08-10 20:29:35 | INFO | monitor_runtime | Dispatch scan completed | dispatchId=load | claimId=e7b85604b4d0453e8cf077d3f7df63af | deviceId=6a79ee5fdb8727cabe0f7e49 | nextCheckAt=2026-08-10T15:30:05.859566+00:00 | claimedAt=2026-08-10T15:29:35.859566+00:00 | pingStartedAt=2026-08-10T15:29:35.879648+00:00 | pingCompletedAt=2026-08-10T15:29:35.891648+00:00 | queueWaitMs=0 | pingDurationMs=12 | dueLagMs=1130 | outcome=scanned | workers_active=10 | queue_depth=0
2026-08-10 20:29:35 | INFO | monitor_claim | Device scan claim released | deviceId=6a79ee5fdb8727cabe0f7e48 | claimId=f4419cd7c17d410dbbd1cd517b8f5356
2026-08-10 20:29:35 | INFO | monitor_runtime | Dispatch scan completed | dispatchId=load | claimId=f62fcfda8ac84d618f66ab48e83148cd | deviceId=6a79ee5fdb8727cabe0f7e4c | nextCheckAt=2026-08-10T15:30:05.878682+00:00 | claimedAt=2026-08-10T15:29:35.878682+00:00 | pingStartedAt=2026-08-10T15:29:35.884678+00:00 | pingCompletedAt=2026-08-10T15:29:35.892678+00:00 | queueWaitMs=1 | pingDurationMs=8 | dueLagMs=1135 | outcome=scanned | workers_active=10 | queue_depth=1
2026-08-10 20:29:35 | INFO | monitor_claim | Device scan claimed | deviceId=6a79ee5fdb8727cabe0f7e53 | claimId=65e4c329b05a409dbba6d26bd075c125 | claimedAt=2026-08-10T15:29:35.878682+00:00 | nextCheckAt=2026-08-10T15:30:05.878682+00:00 | scanClaimExpiresAt=2026-08-10T15:29:50.878682+00:00 | ttlSeconds=15.0 | intervalSeconds=30
2026-08-10 20:29:35 | INFO | monitor_runtime | Dispatch scan completed | dispatchId=load | claimId=396e0bd13bd549f5b80df32d214a761c | deviceId=6a79ee5fdb8727cabe0f7e4d | nextCheckAt=2026-08-10T15:30:05.878682+00:00 | claimedAt=2026-08-10T15:29:35.878682+00:00 | pingStartedAt=2026-08-10T15:29:35.884192+00:00 | pingCompletedAt=2026-08-10T15:29:35.893192+00:00 | queueWaitMs=0 | pingDurationMs=9 | dueLagMs=1134 | outcome=scanned | workers_active=11 | queue_depth=0
2026-08-10 20:29:35 | INFO | monitor_runtime | Dispatch scan completed | dispatchId=load | claimId=32925de3dfb94f64b99d9c03651c141a | deviceId=6a79ee5fdb8727cabe0f7e4a | nextCheckAt=2026-08-10T15:30:05.859566+00:00 | claimedAt=2026-08-10T15:29:35.859566+00:00 | pingStartedAt=2026-08-10T15:29:35.880192+00:00 | pingCompletedAt=2026-08-10T15:29:35.893192+00:00 | queueWaitMs=0 | pingDurationMs=13 | dueLagMs=1130 | outcome=scanned | workers_active=11 | queue_depth=0
2026-08-10 20:29:35 | INFO | monitor_claim | Device scan claim released | deviceId=6a79ee5fdb8727cabe0f7e49 | claimId=e7b85604b4d0453e8cf077d3f7df63af
2026-08-10 20:29:35 | INFO | monitor_runtime | Dispatch scan completed | dispatchId=load | claimId=f64589cddeb5484dbb47e009c323f8ef | deviceId=6a79ee5fdb8727cabe0f7e4b | nextCheckAt=2026-08-10T15:30:05.859566+00:00 | claimedAt=2026-08-10T15:29:35.859566+00:00 | pingStartedAt=2026-08-10T15:29:35.883589+00:00 | pingCompletedAt=2026-08-10T15:29:35.897589+00:00 | queueWaitMs=3 | pingDurationMs=14 | dueLagMs=1133 | outcome=scanned | workers_active=11 | queue_depth=0
2026-08-10 20:29:35 | INFO | monitor_runtime | Dispatch scan completed | dispatchId=load | claimId=69b1f14f4d3e4729be40817e6ecd00ec | deviceId=6a79ee5fdb8727cabe0f7e4e | nextCheckAt=2026-08-10T15:30:05.878682+00:00 | claimedAt=2026-08-10T15:29:35.878682+00:00 | pingStartedAt=2026-08-10T15:29:35.888117+00:00 | pingCompletedAt=2026-08-10T15:29:35.898117+00:00 | queueWaitMs=2 | pingDurationMs=10 | dueLagMs=1138 | outcome=scanned | workers_active=11 | queue_depth=0
2026-08-10 20:29:35 | INFO | monitor_claim | Device scan claim released | deviceId=6a79ee5fdb8727cabe0f7e4c | claimId=f62fcfda8ac84d618f66ab48e83148cd
2026-08-10 20:29:35 | INFO | monitor_runtime | Dispatch scan completed | dispatchId=load | claimId=0bd07fdc94b14e1bb625fac68b991d06 | deviceId=6a79ee5fdb8727cabe0f7e4f | nextCheckAt=2026-08-10T15:30:05.878682+00:00 | claimedAt=2026-08-10T15:29:35.878682+00:00 | pingStartedAt=2026-08-10T15:29:35.888140+00:00 | pingCompletedAt=2026-08-10T15:29:35.899140+00:00 | queueWaitMs=2 | pingDurationMs=11 | dueLagMs=1138 | outcome=scanned | workers_active=11 | queue_depth=0
2026-08-10 20:29:35 | INFO | monitor_claim | Device scan claim released | deviceId=6a79ee5fdb8727cabe0f7e4d | claimId=396e0bd13bd549f5b80df32d214a761c
2026-08-10 20:29:35 | INFO | monitor_runtime | Dispatch scan completed | dispatchId=load | claimId=4c2ee4c2a5a446899d81662bcdb4219e | deviceId=6a79ee5fdb8727cabe0f7e50 | nextCheckAt=2026-08-10T15:30:05.878682+00:00 | claimedAt=2026-08-10T15:29:35.878682+00:00 | pingStartedAt=2026-08-10T15:29:35.892232+00:00 | pingCompletedAt=2026-08-10T15:29:35.904232+00:00 | queueWaitMs=1 | pingDurationMs=12 | dueLagMs=1142 | outcome=scanned | workers_active=9 | queue_depth=0
2026-08-10 20:29:35 | INFO | monitor_claim | Device scan claimed | deviceId=6a79ee5fdb8727cabe0f7e54 | claimId=1e2098c382394da590be1359d0607988 | claimedAt=2026-08-10T15:29:35.878682+00:00 | nextCheckAt=2026-08-10T15:30:05.878682+00:00 | scanClaimExpiresAt=2026-08-10T15:29:50.878682+00:00 | ttlSeconds=15.0 | intervalSeconds=30
2026-08-10 20:29:35 | INFO | monitor_runtime | Dispatch scan completed | dispatchId=load | claimId=6a403de00d88455c93422d15d459124a | deviceId=6a79ee5fdb8727cabe0f7e51 | nextCheckAt=2026-08-10T15:30:05.878682+00:00 | claimedAt=2026-08-10T15:29:35.878682+00:00 | pingStartedAt=2026-08-10T15:29:35.891232+00:00 | pingCompletedAt=2026-08-10T15:29:35.904232+00:00 | queueWaitMs=1 | pingDurationMs=13 | dueLagMs=1141 | outcome=scanned | workers_active=8 | queue_depth=0
2026-08-10 20:29:35 | INFO | monitor_claim | Device scan claim released | deviceId=6a79ee5fdb8727cabe0f7e4a | claimId=32925de3dfb94f64b99d9c03651c141a
2026-08-10 20:29:35 | INFO | monitor_runtime | Dispatch scan completed | dispatchId=load | claimId=65e4c329b05a409dbba6d26bd075c125 | deviceId=6a79ee5fdb8727cabe0f7e53 | nextCheckAt=2026-08-10T15:30:05.878682+00:00 | claimedAt=2026-08-10T15:29:35.878682+00:00 | pingStartedAt=2026-08-10T15:29:35.898213+00:00 | pingCompletedAt=2026-08-10T15:29:35.906213+00:00 | queueWaitMs=2 | pingDurationMs=8 | dueLagMs=1148 | outcome=scanned | workers_active=8 | queue_depth=1
2026-08-10 20:29:35 | INFO | monitor_claim | Device scan claim released | deviceId=6a79ee5fdb8727cabe0f7e4b | claimId=f64589cddeb5484dbb47e009c323f8ef
2026-08-10 20:29:35 | INFO | monitor_runtime | Dispatch scan completed | dispatchId=load | claimId=62c2ee6265f54239b6ffe66ca499a14c | deviceId=6a79ee5fdb8727cabe0f7e52 | nextCheckAt=2026-08-10T15:30:05.878682+00:00 | claimedAt=2026-08-10T15:29:35.878682+00:00 | pingStartedAt=2026-08-10T15:29:35.893755+00:00 | pingCompletedAt=2026-08-10T15:29:35.907755+00:00 | queueWaitMs=1 | pingDurationMs=14 | dueLagMs=1144 | outcome=scanned | workers_active=9 | queue_depth=0
2026-08-10 20:29:35 | INFO | monitor_claim | Device scan claim released | deviceId=6a79ee5fdb8727cabe0f7e4e | claimId=69b1f14f4d3e4729be40817e6ecd00ec
2026-08-10 20:29:35 | INFO | monitor_claim | Device scan claim released | deviceId=6a79ee5fdb8727cabe0f7e4f | claimId=0bd07fdc94b14e1bb625fac68b991d06
2026-08-10 20:29:35 | INFO | monitor_claim | Device scan claim released | deviceId=6a79ee5fdb8727cabe0f7e50 | claimId=4c2ee4c2a5a446899d81662bcdb4219e
2026-08-10 20:29:35 | INFO | monitor_claim | Device scan claimed | deviceId=6a79ee5fdb8727cabe0f7e55 | claimId=ceb480ce14cb4c91aa0a57f50fdc2965 | claimedAt=2026-08-10T15:29:35.878682+00:00 | nextCheckAt=2026-08-10T15:30:05.878682+00:00 | scanClaimExpiresAt=2026-08-10T15:29:50.878682+00:00 | ttlSeconds=15.0 | intervalSeconds=30
2026-08-10 20:29:35 | INFO | monitor_claim | Device scan claim released | deviceId=6a79ee5fdb8727cabe0f7e51 | claimId=6a403de00d88455c93422d15d459124a
2026-08-10 20:29:35 | INFO | monitor_claim | Device scan claim released | deviceId=6a79ee5fdb8727cabe0f7e53 | claimId=65e4c329b05a409dbba6d26bd075c125
2026-08-10 20:29:35 | INFO | monitor_claim | Device scan claim released | deviceId=6a79ee5fdb8727cabe0f7e52 | claimId=62c2ee6265f54239b6ffe66ca499a14c
2026-08-10 20:29:35 | INFO | monitor_claim | Device scan claimed | deviceId=6a79ee5fdb8727cabe0f7e56 | claimId=eebca739aaed45f9ae9d01c463d4be8a | claimedAt=2026-08-10T15:29:35.878682+00:00 | nextCheckAt=2026-08-10T15:30:05.878682+00:00 | scanClaimExpiresAt=2026-08-10T15:29:50.878682+00:00 | ttlSeconds=15.0 | intervalSeconds=30
2026-08-10 20:29:35 | INFO | monitor_claim | Device scan claimed | deviceId=6a79ee5fdb8727cabe0f7e57 | claimId=5701e56d91404b69a917c3052d26e82b | claimedAt=2026-08-10T15:29:35.878682+00:00 | nextCheckAt=2026-08-10T15:30:05.878682+00:00 | scanClaimExpiresAt=2026-08-10T15:29:50.878682+00:00 | ttlSeconds=15.0 | intervalSeconds=30
2026-08-10 20:29:35 | INFO | monitor_claim | Device scan claimed | deviceId=6a79ee5fdb8727cabe0f7e58 | claimId=fe79ed649c50454795e75d2d51d58679 | claimedAt=2026-08-10T15:29:35.878682+00:00 | nextCheckAt=2026-08-10T15:30:05.878682+00:00 | scanClaimExpiresAt=2026-08-10T15:29:50.878682+00:00 | ttlSeconds=15.0 | intervalSeconds=30
2026-08-10 20:29:35 | INFO | monitor_claim | Device scan claimed | deviceId=6a79ee5fdb8727cabe0f7e59 | claimId=9f9ed49c5de5441d91c44eaa69d6e317 | claimedAt=2026-08-10T15:29:35.878682+00:00 | nextCheckAt=2026-08-10T15:30:05.878682+00:00 | scanClaimExpiresAt=2026-08-10T15:29:50.878682+00:00 | ttlSeconds=15.0 | intervalSeconds=30
2026-08-10 20:29:35 | INFO | monitor_claim | Device scan claimed | deviceId=6a79ee5fdb8727cabe0f7e5a | claimId=2db860e654e840529cea340518882322 | claimedAt=2026-08-10T15:29:35.914935+00:00 | nextCheckAt=2026-08-10T15:30:05.914935+00:00 | scanClaimExpiresAt=2026-08-10T15:29:50.914935+00:00 | ttlSeconds=15.0 | intervalSeconds=30
2026-08-10 20:29:35 | INFO | monitor_runtime | Dispatch scan completed | dispatchId=load | claimId=1e2098c382394da590be1359d0607988 | deviceId=6a79ee5fdb8727cabe0f7e54 | nextCheckAt=2026-08-10T15:30:05.878682+00:00 | claimedAt=2026-08-10T15:29:35.878682+00:00 | pingStartedAt=2026-08-10T15:29:35.911450+00:00 | pingCompletedAt=2026-08-10T15:29:35.920450+00:00 | queueWaitMs=1 | pingDurationMs=9 | dueLagMs=1161 | outcome=scanned | workers_active=6 | queue_depth=0
2026-08-10 20:29:35 | INFO | monitor_claim | Device scan claimed | deviceId=6a79ee5fdb8727cabe0f7e5b | claimId=bdf26382e0c742dbb8c32ff2700b1d3a | claimedAt=2026-08-10T15:29:35.914935+00:00 | nextCheckAt=2026-08-10T15:30:05.914935+00:00 | scanClaimExpiresAt=2026-08-10T15:29:50.914935+00:00 | ttlSeconds=15.0 | intervalSeconds=30
2026-08-10 20:29:35 | INFO | monitor_claim | Device scan claim released | deviceId=6a79ee5fdb8727cabe0f7e54 | claimId=1e2098c382394da590be1359d0607988
2026-08-10 20:29:35 | INFO | monitor_claim | Device scan claimed | deviceId=6a79ee5fdb8727cabe0f7e5c | claimId=81067e96b15a4067aa90cce7f00f2338 | claimedAt=2026-08-10T15:29:35.914935+00:00 | nextCheckAt=2026-08-10T15:30:05.914935+00:00 | scanClaimExpiresAt=2026-08-10T15:29:50.914935+00:00 | ttlSeconds=15.0 | intervalSeconds=30
2026-08-10 20:29:35 | INFO | monitor_claim | Device scan claimed | deviceId=6a79ee5fdb8727cabe0f7e5d | claimId=768e014f5b114eb8a0a22d12f318b089 | claimedAt=2026-08-10T15:29:35.914935+00:00 | nextCheckAt=2026-08-10T15:30:05.914935+00:00 | scanClaimExpiresAt=2026-08-10T15:29:50.914935+00:00 | ttlSeconds=15.0 | intervalSeconds=30
2026-08-10 20:29:35 | INFO | monitor_claim | Device scan claimed | deviceId=6a79ee5fdb8727cabe0f7e5e | claimId=b632e5775ecc4c0ab120b372b595af4d | claimedAt=2026-08-10T15:29:35.914935+00:00 | nextCheckAt=2026-08-10T15:30:05.914935+00:00 | scanClaimExpiresAt=2026-08-10T15:29:50.914935+00:00 | ttlSeconds=15.0 | intervalSeconds=30
2026-08-10 20:29:35 | INFO | monitor_runtime | Dispatch scan completed | dispatchId=load | claimId=ceb480ce14cb4c91aa0a57f50fdc2965 | deviceId=6a79ee5fdb8727cabe0f7e55 | nextCheckAt=2026-08-10T15:30:05.878682+00:00 | claimedAt=2026-08-10T15:29:35.878682+00:00 | pingStartedAt=2026-08-10T15:29:35.913107+00:00 | pingCompletedAt=2026-08-10T15:29:35.923107+00:00 | queueWaitMs=0 | pingDurationMs=10 | dueLagMs=1163 | outcome=scanned | workers_active=7 | queue_depth=2
2026-08-10 20:29:35 | INFO | monitor_claim | Device scan claim released | deviceId=6a79ee5fdb8727cabe0f7e55 | claimId=ceb480ce14cb4c91aa0a57f50fdc2965
2026-08-10 20:29:35 | INFO | monitor_runtime | Dispatch scan completed | dispatchId=load | claimId=eebca739aaed45f9ae9d01c463d4be8a | deviceId=6a79ee5fdb8727cabe0f7e56 | nextCheckAt=2026-08-10T15:30:05.878682+00:00 | claimedAt=2026-08-10T15:29:35.878682+00:00 | pingStartedAt=2026-08-10T15:29:35.914147+00:00 | pingCompletedAt=2026-08-10T15:29:35.925147+00:00 | queueWaitMs=1 | pingDurationMs=11 | dueLagMs=1164 | outcome=scanned | workers_active=10 | queue_depth=0
2026-08-10 20:29:35 | INFO | monitor_claim | Device scan claimed | deviceId=6a79ee5fdb8727cabe0f7e5f | claimId=41d31c899ec44cd7bec5544b5cf42c4b | claimedAt=2026-08-10T15:29:35.914935+00:00 | nextCheckAt=2026-08-10T15:30:05.914935+00:00 | scanClaimExpiresAt=2026-08-10T15:29:50.914935+00:00 | ttlSeconds=15.0 | intervalSeconds=30
2026-08-10 20:29:35 | INFO | monitor_claim | Device scan claim released | deviceId=6a79ee5fdb8727cabe0f7e56 | claimId=eebca739aaed45f9ae9d01c463d4be8a
2026-08-10 20:29:35 | INFO | monitor_runtime | Dispatch scan completed | dispatchId=load | claimId=5701e56d91404b69a917c3052d26e82b | deviceId=6a79ee5fdb8727cabe0f7e57 | nextCheckAt=2026-08-10T15:30:05.878682+00:00 | claimedAt=2026-08-10T15:29:35.878682+00:00 | pingStartedAt=2026-08-10T15:29:35.915184+00:00 | pingCompletedAt=2026-08-10T15:29:35.927184+00:00 | queueWaitMs=0 | pingDurationMs=12 | dueLagMs=1165 | outcome=scanned | workers_active=10 | queue_depth=0
2026-08-10 20:29:35 | INFO | monitor_claim | Device scan claimed | deviceId=6a79ee5fdb8727cabe0f7e60 | claimId=b203762c1e7e49afab8e1c5a27553e46 | claimedAt=2026-08-10T15:29:35.914935+00:00 | nextCheckAt=2026-08-10T15:30:05.914935+00:00 | scanClaimExpiresAt=2026-08-10T15:29:50.914935+00:00 | ttlSeconds=15.0 | intervalSeconds=30
2026-08-10 20:29:35 | INFO | monitor_claim | Device scan claim released | deviceId=6a79ee5fdb8727cabe0f7e57 | claimId=5701e56d91404b69a917c3052d26e82b
2026-08-10 20:29:35 | INFO | monitor_runtime | Dispatch scan completed | dispatchId=load | claimId=fe79ed649c50454795e75d2d51d58679 | deviceId=6a79ee5fdb8727cabe0f7e58 | nextCheckAt=2026-08-10T15:30:05.878682+00:00 | claimedAt=2026-08-10T15:29:35.878682+00:00 | pingStartedAt=2026-08-10T15:29:35.915728+00:00 | pingCompletedAt=2026-08-10T15:29:35.928728+00:00 | queueWaitMs=1 | pingDurationMs=13 | dueLagMs=1166 | outcome=scanned | workers_active=9 | queue_depth=1
2026-08-10 20:29:35 | INFO | monitor_claim | Device scan claimed | deviceId=6a79ee5fdb8727cabe0f7e61 | claimId=3a6d662cd8e74fbdb01f20701d378c64 | claimedAt=2026-08-10T15:29:35.914935+00:00 | nextCheckAt=2026-08-10T15:30:05.914935+00:00 | scanClaimExpiresAt=2026-08-10T15:29:50.914935+00:00 | ttlSeconds=15.0 | intervalSeconds=30
2026-08-10 20:29:35 | INFO | monitor_runtime | Dispatch scan completed | dispatchId=load | claimId=2db860e654e840529cea340518882322 | deviceId=6a79ee5fdb8727cabe0f7e5a | nextCheckAt=2026-08-10T15:30:05.914935+00:00 | claimedAt=2026-08-10T15:29:35.914935+00:00 | pingStartedAt=2026-08-10T15:29:35.922272+00:00 | pingCompletedAt=2026-08-10T15:29:35.930272+00:00 | queueWaitMs=1 | pingDurationMs=8 | dueLagMs=1172 | outcome=scanned | workers_active=9 | queue_depth=0
2026-08-10 20:29:35 | INFO | monitor_claim | Device scan claim released | deviceId=6a79ee5fdb8727cabe0f7e58 | claimId=fe79ed649c50454795e75d2d51d58679
2026-08-10 20:29:35 | INFO | monitor_claim | Device scan claim released | deviceId=6a79ee5fdb8727cabe0f7e5a | claimId=2db860e654e840529cea340518882322
2026-08-10 20:29:35 | INFO | monitor_runtime | Dispatch scan completed | dispatchId=load | claimId=bdf26382e0c742dbb8c32ff2700b1d3a | deviceId=6a79ee5fdb8727cabe0f7e5b | nextCheckAt=2026-08-10T15:30:05.914935+00:00 | claimedAt=2026-08-10T15:29:35.914935+00:00 | pingStartedAt=2026-08-10T15:29:35.923308+00:00 | pingCompletedAt=2026-08-10T15:29:35.932308+00:00 | queueWaitMs=1 | pingDurationMs=9 | dueLagMs=1173 | outcome=scanned | workers_active=10 | queue_depth=0
2026-08-10 20:29:35 | INFO | monitor_claim | Device scan claimed | deviceId=6a79ee5fdb8727cabe0f7e62 | claimId=902bd979268c4b639bc0b17995a5eb49 | claimedAt=2026-08-10T15:29:35.914935+00:00 | nextCheckAt=2026-08-10T15:30:05.914935+00:00 | scanClaimExpiresAt=2026-08-10T15:29:50.914935+00:00 | ttlSeconds=15.0 | intervalSeconds=30
2026-08-10 20:29:35 | INFO | monitor_runtime | Dispatch scan completed | dispatchId=load | claimId=81067e96b15a4067aa90cce7f00f2338 | deviceId=6a79ee5fdb8727cabe0f7e5c | nextCheckAt=2026-08-10T15:30:05.914935+00:00 | claimedAt=2026-08-10T15:29:35.914935+00:00 | pingStartedAt=2026-08-10T15:29:35.925410+00:00 | pingCompletedAt=2026-08-10T15:29:35.935410+00:00 | queueWaitMs=0 | pingDurationMs=10 | dueLagMs=1175 | outcome=scanned | workers_active=8 | queue_depth=1
2026-08-10 20:29:35 | INFO | monitor_claim | Device scan claim released | deviceId=6a79ee5fdb8727cabe0f7e5b | claimId=bdf26382e0c742dbb8c32ff2700b1d3a
2026-08-10 20:29:35 | INFO | monitor_runtime | Dispatch scan completed | dispatchId=load | claimId=9f9ed49c5de5441d91c44eaa69d6e317 | deviceId=6a79ee5fdb8727cabe0f7e59 | nextCheckAt=2026-08-10T15:30:05.878682+00:00 | claimedAt=2026-08-10T15:29:35.878682+00:00 | pingStartedAt=2026-08-10T15:29:35.921410+00:00 | pingCompletedAt=2026-08-10T15:29:35.935410+00:00 | queueWaitMs=5 | pingDurationMs=14 | dueLagMs=1171 | outcome=scanned | workers_active=9 | queue_depth=0
2026-08-10 20:29:35 | INFO | monitor_claim | Device scan claimed | deviceId=6a79ee5fdb8727cabe0f7e63 | claimId=8dd610b6ae4f4e47a68ff385c890dbef | claimedAt=2026-08-10T15:29:35.914935+00:00 | nextCheckAt=2026-08-10T15:30:05.914935+00:00 | scanClaimExpiresAt=2026-08-10T15:29:50.914935+00:00 | ttlSeconds=15.0 | intervalSeconds=30
2026-08-10 20:29:35 | INFO | monitor_runtime | Dispatch scan completed | dispatchId=load | claimId=768e014f5b114eb8a0a22d12f318b089 | deviceId=6a79ee5fdb8727cabe0f7e5d | nextCheckAt=2026-08-10T15:30:05.914935+00:00 | claimedAt=2026-08-10T15:29:35.914935+00:00 | pingStartedAt=2026-08-10T15:29:35.925421+00:00 | pingCompletedAt=2026-08-10T15:29:35.936421+00:00 | queueWaitMs=1 | pingDurationMs=11 | dueLagMs=1175 | outcome=scanned | workers_active=9 | queue_depth=0
2026-08-10 20:29:35 | INFO | monitor_claim | Device scan claim released | deviceId=6a79ee5fdb8727cabe0f7e5c | claimId=81067e96b15a4067aa90cce7f00f2338
2026-08-10 20:29:35 | INFO | monitor_runtime | Dispatch scan completed | dispatchId=load | claimId=b632e5775ecc4c0ab120b372b595af4d | deviceId=6a79ee5fdb8727cabe0f7e5e | nextCheckAt=2026-08-10T15:30:05.914935+00:00 | claimedAt=2026-08-10T15:29:35.914935+00:00 | pingStartedAt=2026-08-10T15:29:35.925934+00:00 | pingCompletedAt=2026-08-10T15:29:35.937934+00:00 | queueWaitMs=1 | pingDurationMs=12 | dueLagMs=1176 | outcome=scanned | workers_active=9 | queue_depth=0
2026-08-10 20:29:35 | INFO | monitor_runtime | Dispatch scan completed | dispatchId=load | claimId=3a6d662cd8e74fbdb01f20701d378c64 | deviceId=6a79ee5fdb8727cabe0f7e61 | nextCheckAt=2026-08-10T15:30:05.914935+00:00 | claimedAt=2026-08-10T15:29:35.914935+00:00 | pingStartedAt=2026-08-10T15:29:35.933084+00:00 | pingCompletedAt=2026-08-10T15:29:35.941084+00:00 | queueWaitMs=0 | pingDurationMs=8 | dueLagMs=1183 | outcome=scanned | workers_active=9 | queue_depth=0
2026-08-10 20:29:35 | INFO | monitor_claim | Device scan claim released | deviceId=6a79ee5fdb8727cabe0f7e59 | claimId=9f9ed49c5de5441d91c44eaa69d6e317
2026-08-10 20:29:35 | INFO | monitor_runtime | Dispatch scan completed | dispatchId=load | claimId=41d31c899ec44cd7bec5544b5cf42c4b | deviceId=6a79ee5fdb8727cabe0f7e5f | nextCheckAt=2026-08-10T15:30:05.914935+00:00 | claimedAt=2026-08-10T15:29:35.914935+00:00 | pingStartedAt=2026-08-10T15:29:35.928084+00:00 | pingCompletedAt=2026-08-10T15:29:35.941084+00:00 | queueWaitMs=1 | pingDurationMs=13 | dueLagMs=1178 | outcome=scanned | workers_active=9 | queue_depth=0
2026-08-10 20:29:35 | INFO | monitor_claim | Device scan claimed | deviceId=6a79ee5fdb8727cabe0f7e64 | claimId=036987605c2f4ba783a1a836c5e62dec | claimedAt=2026-08-10T15:29:35.914935+00:00 | nextCheckAt=2026-08-10T15:30:05.914935+00:00 | scanClaimExpiresAt=2026-08-10T15:29:50.914935+00:00 | ttlSeconds=15.0 | intervalSeconds=30
2026-08-10 20:29:35 | INFO | monitor_runtime | Dispatch scan completed | dispatchId=load | claimId=b203762c1e7e49afab8e1c5a27553e46 | deviceId=6a79ee5fdb8727cabe0f7e60 | nextCheckAt=2026-08-10T15:30:05.914935+00:00 | claimedAt=2026-08-10T15:29:35.914935+00:00 | pingStartedAt=2026-08-10T15:29:35.930159+00:00 | pingCompletedAt=2026-08-10T15:29:35.944159+00:00 | queueWaitMs=1 | pingDurationMs=14 | dueLagMs=1180 | outcome=scanned | workers_active=7 | queue_depth=0
2026-08-10 20:29:35 | INFO | monitor_runtime | Dispatch scan completed | dispatchId=load | claimId=902bd979268c4b639bc0b17995a5eb49 | deviceId=6a79ee5fdb8727cabe0f7e62 | nextCheckAt=2026-08-10T15:30:05.914935+00:00 | claimedAt=2026-08-10T15:29:35.914935+00:00 | pingStartedAt=2026-08-10T15:29:35.937206+00:00 | pingCompletedAt=2026-08-10T15:29:35.946206+00:00 | queueWaitMs=1 | pingDurationMs=9 | dueLagMs=1187 | outcome=scanned | workers_active=8 | queue_depth=0
2026-08-10 20:29:35 | INFO | monitor_claim | Device scan claim released | deviceId=6a79ee5fdb8727cabe0f7e5d | claimId=768e014f5b114eb8a0a22d12f318b089
2026-08-10 20:29:35 | INFO | monitor_claim | Device scan claim released | deviceId=6a79ee5fdb8727cabe0f7e5e | claimId=b632e5775ecc4c0ab120b372b595af4d
2026-08-10 20:29:35 | INFO | monitor_claim | Device scan claim released | deviceId=6a79ee5fdb8727cabe0f7e61 | claimId=3a6d662cd8e74fbdb01f20701d378c64
2026-08-10 20:29:35 | INFO | monitor_claim | Device scan claim released | deviceId=6a79ee5fdb8727cabe0f7e5f | claimId=41d31c899ec44cd7bec5544b5cf42c4b
2026-08-10 20:29:35 | INFO | monitor_claim | Device scan claimed | deviceId=6a79ee5fdb8727cabe0f7e65 | claimId=15e0ea69d4e5449bac0ed50b929c8284 | claimedAt=2026-08-10T15:29:35.914935+00:00 | nextCheckAt=2026-08-10T15:30:05.914935+00:00 | scanClaimExpiresAt=2026-08-10T15:29:50.914935+00:00 | ttlSeconds=15.0 | intervalSeconds=30
2026-08-10 20:29:35 | INFO | monitor_claim | Device scan claim released | deviceId=6a79ee5fdb8727cabe0f7e60 | claimId=b203762c1e7e49afab8e1c5a27553e46
2026-08-10 20:29:35 | INFO | monitor_claim | Device scan claim released | deviceId=6a79ee5fdb8727cabe0f7e62 | claimId=902bd979268c4b639bc0b17995a5eb49
2026-08-10 20:29:35 | INFO | monitor_runtime | Dispatch scan completed | dispatchId=load | claimId=8dd610b6ae4f4e47a68ff385c890dbef | deviceId=6a79ee5fdb8727cabe0f7e63 | nextCheckAt=2026-08-10T15:30:05.914935+00:00 | claimedAt=2026-08-10T15:29:35.914935+00:00 | pingStartedAt=2026-08-10T15:29:35.940294+00:00 | pingCompletedAt=2026-08-10T15:29:35.950294+00:00 | queueWaitMs=0 | pingDurationMs=10 | dueLagMs=1190 | outcome=scanned | workers_active=4 | queue_depth=0
2026-08-10 20:29:35 | INFO | monitor_claim | Device scan claimed | deviceId=6a79ee5fdb8727cabe0f7e66 | claimId=5b85d77891734c55bda0c4c454a98279 | claimedAt=2026-08-10T15:29:35.914935+00:00 | nextCheckAt=2026-08-10T15:30:05.914935+00:00 | scanClaimExpiresAt=2026-08-10T15:29:50.914935+00:00 | ttlSeconds=15.0 | intervalSeconds=30
2026-08-10 20:29:35 | INFO | monitor_claim | Device scan claim released | deviceId=6a79ee5fdb8727cabe0f7e63 | claimId=8dd610b6ae4f4e47a68ff385c890dbef
2026-08-10 20:29:35 | INFO | monitor_claim | Device scan claimed | deviceId=6a79ee5fdb8727cabe0f7e67 | claimId=25e302bc38d84d70bd756fb66e5dfc1a | claimedAt=2026-08-10T15:29:35.914935+00:00 | nextCheckAt=2026-08-10T15:30:05.914935+00:00 | scanClaimExpiresAt=2026-08-10T15:29:50.914935+00:00 | ttlSeconds=15.0 | intervalSeconds=30
2026-08-10 20:29:35 | INFO | monitor_claim | Device scan claimed | deviceId=6a79ee5fdb8727cabe0f7e68 | claimId=bf1b8960e5854b888fae4ab5540ffe25 | claimedAt=2026-08-10T15:29:35.952308+00:00 | nextCheckAt=2026-08-10T15:30:05.952308+00:00 | scanClaimExpiresAt=2026-08-10T15:29:50.952308+00:00 | ttlSeconds=15.0 | intervalSeconds=30
2026-08-10 20:29:35 | INFO | monitor_runtime | Dispatch scan completed | dispatchId=load | claimId=036987605c2f4ba783a1a836c5e62dec | deviceId=6a79ee5fdb8727cabe0f7e64 | nextCheckAt=2026-08-10T15:30:05.914935+00:00 | claimedAt=2026-08-10T15:29:35.914935+00:00 | pingStartedAt=2026-08-10T15:29:35.946786+00:00 | pingCompletedAt=2026-08-10T15:29:35.957786+00:00 | queueWaitMs=2 | pingDurationMs=11 | dueLagMs=1197 | outcome=scanned | workers_active=4 | queue_depth=0
2026-08-10 20:29:35 | INFO | monitor_claim | Device scan claimed | deviceId=6a79ee5fdb8727cabe0f7e69 | claimId=de3edede52a1437d93be713d364898a0 | claimedAt=2026-08-10T15:29:35.952308+00:00 | nextCheckAt=2026-08-10T15:30:05.952308+00:00 | scanClaimExpiresAt=2026-08-10T15:29:50.952308+00:00 | ttlSeconds=15.0 | intervalSeconds=30
2026-08-10 20:29:35 | INFO | monitor_claim | Device scan claim released | deviceId=6a79ee5fdb8727cabe0f7e64 | claimId=036987605c2f4ba783a1a836c5e62dec
2026-08-10 20:29:35 | INFO | monitor_runtime | Dispatch scan completed | dispatchId=load | claimId=15e0ea69d4e5449bac0ed50b929c8284 | deviceId=6a79ee5fdb8727cabe0f7e65 | nextCheckAt=2026-08-10T15:30:05.914935+00:00 | claimedAt=2026-08-10T15:29:35.914935+00:00 | pingStartedAt=2026-08-10T15:29:35.950371+00:00 | pingCompletedAt=2026-08-10T15:29:35.962371+00:00 | queueWaitMs=1 | pingDurationMs=12 | dueLagMs=1200 | outcome=scanned | workers_active=6 | queue_depth=0
2026-08-10 20:29:35 | INFO | monitor_claim | Device scan claimed | deviceId=6a79ee5fdb8727cabe0f7e6a | claimId=f7bb60abe4404358a8c6ea4b15a7b328 | claimedAt=2026-08-10T15:29:35.952308+00:00 | nextCheckAt=2026-08-10T15:30:05.952308+00:00 | scanClaimExpiresAt=2026-08-10T15:29:50.952308+00:00 | ttlSeconds=15.0 | intervalSeconds=30
2026-08-10 20:29:35 | INFO | monitor_claim | Device scan claim released | deviceId=6a79ee5fdb8727cabe0f7e65 | claimId=15e0ea69d4e5449bac0ed50b929c8284
2026-08-10 20:29:35 | INFO | monitor_claim | Device scan claimed | deviceId=6a79ee5fdb8727cabe0f7e6b | claimId=248b58c7db924df890abf063742269bb | claimedAt=2026-08-10T15:29:35.952308+00:00 | nextCheckAt=2026-08-10T15:30:05.952308+00:00 | scanClaimExpiresAt=2026-08-10T15:29:50.952308+00:00 | ttlSeconds=15.0 | intervalSeconds=30
2026-08-10 20:29:35 | INFO | monitor_claim | Device scan claimed | deviceId=6a79ee5fdb8727cabe0f7e6c | claimId=a2b32b1c9239479eb49d4e1aa48dccb0 | claimedAt=2026-08-10T15:29:35.952308+00:00 | nextCheckAt=2026-08-10T15:30:05.952308+00:00 | scanClaimExpiresAt=2026-08-10T15:29:50.952308+00:00 | ttlSeconds=15.0 | intervalSeconds=30
2026-08-10 20:29:35 | INFO | monitor_runtime | Dispatch scan completed | dispatchId=load | claimId=5b85d77891734c55bda0c4c454a98279 | deviceId=6a79ee5fdb8727cabe0f7e66 | nextCheckAt=2026-08-10T15:30:05.914935+00:00 | claimedAt=2026-08-10T15:29:35.914935+00:00 | pingStartedAt=2026-08-10T15:29:35.952994+00:00 | pingCompletedAt=2026-08-10T15:29:35.965994+00:00 | queueWaitMs=0 | pingDurationMs=13 | dueLagMs=1203 | outcome=scanned | workers_active=6 | queue_depth=0
2026-08-10 20:29:35 | INFO | monitor_claim | Device scan claimed | deviceId=6a79ee5fdb8727cabe0f7e6d | claimId=e7d2ce34fccb4fa68dafa97aaaca33a8 | claimedAt=2026-08-10T15:29:35.952308+00:00 | nextCheckAt=2026-08-10T15:30:05.952308+00:00 | scanClaimExpiresAt=2026-08-10T15:29:50.952308+00:00 | ttlSeconds=15.0 | intervalSeconds=30
2026-08-10 20:29:35 | INFO | monitor_claim | Device scan claim released | deviceId=6a79ee5fdb8727cabe0f7e66 | claimId=5b85d77891734c55bda0c4c454a98279
2026-08-10 20:29:35 | INFO | monitor_runtime | Dispatch scan completed | dispatchId=load | claimId=bf1b8960e5854b888fae4ab5540ffe25 | deviceId=6a79ee5fdb8727cabe0f7e68 | nextCheckAt=2026-08-10T15:30:05.952308+00:00 | claimedAt=2026-08-10T15:29:35.952308+00:00 | pingStartedAt=2026-08-10T15:29:35.961276+00:00 | pingCompletedAt=2026-08-10T15:29:35.969276+00:00 | queueWaitMs=1 | pingDurationMs=8 | dueLagMs=1211 | outcome=scanned | workers_active=8 | queue_depth=0
2026-08-10 20:29:35 | INFO | monitor_claim | Device scan claimed | deviceId=6a79ee5fdb8727cabe0f7e6e | claimId=391a60f030e14c67b954d93c43e2848e | claimedAt=2026-08-10T15:29:35.952308+00:00 | nextCheckAt=2026-08-10T15:30:05.952308+00:00 | scanClaimExpiresAt=2026-08-10T15:29:50.952308+00:00 | ttlSeconds=15.0 | intervalSeconds=30
2026-08-10 20:29:35 | INFO | monitor_claim | Device scan claim released | deviceId=6a79ee5fdb8727cabe0f7e68 | claimId=bf1b8960e5854b888fae4ab5540ffe25
2026-08-10 20:29:35 | INFO | monitor_claim | Device scan claimed | deviceId=6a79ee5fdb8727cabe0f7e6f | claimId=f363e70e7bfc452d934f0199644d9b57 | claimedAt=2026-08-10T15:29:35.952308+00:00 | nextCheckAt=2026-08-10T15:30:05.952308+00:00 | scanClaimExpiresAt=2026-08-10T15:29:50.952308+00:00 | ttlSeconds=15.0 | intervalSeconds=30
2026-08-10 20:29:35 | INFO | monitor_runtime | Dispatch scan completed | dispatchId=load | claimId=de3edede52a1437d93be713d364898a0 | deviceId=6a79ee5fdb8727cabe0f7e69 | nextCheckAt=2026-08-10T15:30:05.952308+00:00 | claimedAt=2026-08-10T15:29:35.952308+00:00 | pingStartedAt=2026-08-10T15:29:35.963808+00:00 | pingCompletedAt=2026-08-10T15:29:35.972808+00:00 | queueWaitMs=0 | pingDurationMs=9 | dueLagMs=1214 | outcome=scanned | workers_active=7 | queue_depth=0
2026-08-10 20:29:35 | INFO | monitor_claim | Device scan claimed | deviceId=6a79ee5fdb8727cabe0f7e70 | claimId=9dbb18af1fcd4386bd64b6deb525d33f | claimedAt=2026-08-10T15:29:35.952308+00:00 | nextCheckAt=2026-08-10T15:30:05.952308+00:00 | scanClaimExpiresAt=2026-08-10T15:29:50.952308+00:00 | ttlSeconds=15.0 | intervalSeconds=30
2026-08-10 20:29:35 | INFO | monitor_runtime | Dispatch scan completed | dispatchId=load | claimId=25e302bc38d84d70bd756fb66e5dfc1a | deviceId=6a79ee5fdb8727cabe0f7e67 | nextCheckAt=2026-08-10T15:30:05.914935+00:00 | claimedAt=2026-08-10T15:29:35.914935+00:00 | pingStartedAt=2026-08-10T15:29:35.958808+00:00 | pingCompletedAt=2026-08-10T15:29:35.972808+00:00 | queueWaitMs=4 | pingDurationMs=14 | dueLagMs=1209 | outcome=scanned | workers_active=7 | queue_depth=0
2026-08-10 20:29:35 | INFO | monitor_claim | Device scan claim released | deviceId=6a79ee5fdb8727cabe0f7e69 | claimId=de3edede52a1437d93be713d364898a0
2026-08-10 20:29:35 | INFO | monitor_runtime | Dispatch scan completed | dispatchId=load | claimId=f7bb60abe4404358a8c6ea4b15a7b328 | deviceId=6a79ee5fdb8727cabe0f7e6a | nextCheckAt=2026-08-10T15:30:05.952308+00:00 | claimedAt=2026-08-10T15:29:35.952308+00:00 | pingStartedAt=2026-08-10T15:29:35.965351+00:00 | pingCompletedAt=2026-08-10T15:29:35.975351+00:00 | queueWaitMs=1 | pingDurationMs=10 | dueLagMs=1215 | outcome=scanned | workers_active=8 | queue_depth=0
2026-08-10 20:29:35 | INFO | monitor_claim | Device scan claimed | deviceId=6a79ee5fdb8727cabe0f7e71 | claimId=6d08546608b74d43aee023f1fdf65169 | claimedAt=2026-08-10T15:29:35.952308+00:00 | nextCheckAt=2026-08-10T15:30:05.952308+00:00 | scanClaimExpiresAt=2026-08-10T15:29:50.952308+00:00 | ttlSeconds=15.0 | intervalSeconds=30
2026-08-10 20:29:35 | INFO | monitor_runtime | Dispatch scan completed | dispatchId=load | claimId=248b58c7db924df890abf063742269bb | deviceId=6a79ee5fdb8727cabe0f7e6b | nextCheckAt=2026-08-10T15:30:05.952308+00:00 | claimedAt=2026-08-10T15:29:35.952308+00:00 | pingStartedAt=2026-08-10T15:29:35.966081+00:00 | pingCompletedAt=2026-08-10T15:29:35.977081+00:00 | queueWaitMs=0 | pingDurationMs=11 | dueLagMs=1216 | outcome=scanned | workers_active=9 | queue_depth=0
2026-08-10 20:29:35 | INFO | monitor_claim | Device scan claim released | deviceId=6a79ee5fdb8727cabe0f7e67 | claimId=25e302bc38d84d70bd756fb66e5dfc1a
2026-08-10 20:29:35 | INFO | monitor_runtime | Dispatch scan completed | dispatchId=load | claimId=a2b32b1c9239479eb49d4e1aa48dccb0 | deviceId=6a79ee5fdb8727cabe0f7e6c | nextCheckAt=2026-08-10T15:30:05.952308+00:00 | claimedAt=2026-08-10T15:29:35.952308+00:00 | pingStartedAt=2026-08-10T15:29:35.967614+00:00 | pingCompletedAt=2026-08-10T15:29:35.979614+00:00 | queueWaitMs=1 | pingDurationMs=12 | dueLagMs=1217 | outcome=scanned | workers_active=9 | queue_depth=0
2026-08-10 20:29:35 | INFO | monitor_claim | Device scan claim released | deviceId=6a79ee5fdb8727cabe0f7e6a | claimId=f7bb60abe4404358a8c6ea4b15a7b328
2026-08-10 20:29:35 | INFO | monitor_claim | Device scan claimed | deviceId=6a79ee5fdb8727cabe0f7e72 | claimId=01986bc00c8d4356899edeb5d64fa80e | claimedAt=2026-08-10T15:29:35.952308+00:00 | nextCheckAt=2026-08-10T15:30:05.952308+00:00 | scanClaimExpiresAt=2026-08-10T15:29:50.952308+00:00 | ttlSeconds=15.0 | intervalSeconds=30
2026-08-10 20:29:35 | INFO | monitor_claim | Device scan claim released | deviceId=6a79ee5fdb8727cabe0f7e6b | claimId=248b58c7db924df890abf063742269bb
2026-08-10 20:29:35 | INFO | monitor_runtime | Dispatch scan completed | dispatchId=load | claimId=e7d2ce34fccb4fa68dafa97aaaca33a8 | deviceId=6a79ee5fdb8727cabe0f7e6d | nextCheckAt=2026-08-10T15:30:05.952308+00:00 | claimedAt=2026-08-10T15:29:35.952308+00:00 | pingStartedAt=2026-08-10T15:29:35.969547+00:00 | pingCompletedAt=2026-08-10T15:29:35.982547+00:00 | queueWaitMs=1 | pingDurationMs=13 | dueLagMs=1219 | outcome=scanned | workers_active=8 | queue_depth=0
2026-08-10 20:29:35 | INFO | monitor_claim | Device scan claim released | deviceId=6a79ee5fdb8727cabe0f7e6c | claimId=a2b32b1c9239479eb49d4e1aa48dccb0
2026-08-10 20:29:35 | INFO | monitor_runtime | Dispatch scan completed | dispatchId=load | claimId=f363e70e7bfc452d934f0199644d9b57 | deviceId=6a79ee5fdb8727cabe0f7e6f | nextCheckAt=2026-08-10T15:30:05.952308+00:00 | claimedAt=2026-08-10T15:29:35.952308+00:00 | pingStartedAt=2026-08-10T15:29:35.975081+00:00 | pingCompletedAt=2026-08-10T15:29:35.983081+00:00 | queueWaitMs=0 | pingDurationMs=8 | dueLagMs=1225 | outcome=scanned | workers_active=8 | queue_depth=0
2026-08-10 20:29:35 | INFO | monitor_claim | Device scan claimed | deviceId=6a79ee5fdb8727cabe0f7e73 | claimId=c3c2427b4ff84c42a02929fbbf0a6001 | claimedAt=2026-08-10T15:29:35.952308+00:00 | nextCheckAt=2026-08-10T15:30:05.952308+00:00 | scanClaimExpiresAt=2026-08-10T15:29:50.952308+00:00 | ttlSeconds=15.0 | intervalSeconds=30
2026-08-10 20:29:35 | INFO | monitor_claim | Device scan claim released | deviceId=6a79ee5fdb8727cabe0f7e6d | claimId=e7d2ce34fccb4fa68dafa97aaaca33a8
2026-08-10 20:29:35 | INFO | monitor_runtime | Dispatch scan completed | dispatchId=load | claimId=9dbb18af1fcd4386bd64b6deb525d33f | deviceId=6a79ee5fdb8727cabe0f7e70 | nextCheckAt=2026-08-10T15:30:05.952308+00:00 | claimedAt=2026-08-10T15:29:35.952308+00:00 | pingStartedAt=2026-08-10T15:29:35.978210+00:00 | pingCompletedAt=2026-08-10T15:29:35.987210+00:00 | queueWaitMs=1 | pingDurationMs=9 | dueLagMs=1228 | outcome=scanned | workers_active=7 | queue_depth=0
2026-08-10 20:29:35 | INFO | monitor_claim | Device scan claim released | deviceId=6a79ee5fdb8727cabe0f7e6f | claimId=f363e70e7bfc452d934f0199644d9b57
2026-08-10 20:29:35 | INFO | monitor_runtime | Dispatch scan completed | dispatchId=load | claimId=391a60f030e14c67b954d93c43e2848e | deviceId=6a79ee5fdb8727cabe0f7e6e | nextCheckAt=2026-08-10T15:30:05.952308+00:00 | claimedAt=2026-08-10T15:29:35.952308+00:00 | pingStartedAt=2026-08-10T15:29:35.973210+00:00 | pingCompletedAt=2026-08-10T15:29:35.987210+00:00 | queueWaitMs=2 | pingDurationMs=14 | dueLagMs=1223 | outcome=scanned | workers_active=7 | queue_depth=0
2026-08-10 20:29:35 | INFO | monitor_claim | Device scan claimed | deviceId=6a79ee5fdb8727cabe0f7e74 | claimId=d008a7f6ac264af7af877ae32c3860ee | claimedAt=2026-08-10T15:29:35.952308+00:00 | nextCheckAt=2026-08-10T15:30:05.952308+00:00 | scanClaimExpiresAt=2026-08-10T15:29:50.952308+00:00 | ttlSeconds=15.0 | intervalSeconds=30
2026-08-10 20:29:35 | INFO | monitor_runtime | Dispatch scan completed | dispatchId=load | claimId=6d08546608b74d43aee023f1fdf65169 | deviceId=6a79ee5fdb8727cabe0f7e71 | nextCheckAt=2026-08-10T15:30:05.952308+00:00 | claimedAt=2026-08-10T15:29:35.952308+00:00 | pingStartedAt=2026-08-10T15:29:35.980133+00:00 | pingCompletedAt=2026-08-10T15:29:35.990133+00:00 | queueWaitMs=1 | pingDurationMs=10 | dueLagMs=1230 | outcome=scanned | workers_active=5 | queue_depth=0
2026-08-10 20:29:35 | INFO | monitor_claim | Device scan claim released | deviceId=6a79ee5fdb8727cabe0f7e70 | claimId=9dbb18af1fcd4386bd64b6deb525d33f
2026-08-10 20:29:35 | INFO | monitor_claim | Device scan claim released | deviceId=6a79ee5fdb8727cabe0f7e6e | claimId=391a60f030e14c67b954d93c43e2848e
2026-08-10 20:29:35 | INFO | monitor_claim | Device scan claimed | deviceId=6a79ee5fdb8727cabe0f7e75 | claimId=206008a83db8429487a55a06b5019cc0 | claimedAt=2026-08-10T15:29:35.952308+00:00 | nextCheckAt=2026-08-10T15:30:05.952308+00:00 | scanClaimExpiresAt=2026-08-10T15:29:50.952308+00:00 | ttlSeconds=15.0 | intervalSeconds=30
2026-08-10 20:29:35 | INFO | monitor_claim | Device scan claim released | deviceId=6a79ee5fdb8727cabe0f7e71 | claimId=6d08546608b74d43aee023f1fdf65169
2026-08-10 20:29:35 | INFO | monitor_claim | Device scan claimed | deviceId=6a79ee5fdb8727cabe0f7e76 | claimId=a2c8d2e4535d4c92826f12d8f5ef1c33 | claimedAt=2026-08-10T15:29:35.952308+00:00 | nextCheckAt=2026-08-10T15:30:05.952308+00:00 | scanClaimExpiresAt=2026-08-10T15:29:50.952308+00:00 | ttlSeconds=15.0 | intervalSeconds=30
2026-08-10 20:29:35 | INFO | monitor_claim | Device scan claimed | deviceId=6a79ee5fdb8727cabe0f7e77 | claimId=42598e9772e04285a1e43b4e6d4d3a8b | claimedAt=2026-08-10T15:29:35.952308+00:00 | nextCheckAt=2026-08-10T15:30:05.952308+00:00 | scanClaimExpiresAt=2026-08-10T15:29:50.952308+00:00 | ttlSeconds=15.0 | intervalSeconds=30
2026-08-10 20:29:35 | INFO | monitor_claim | Device scan claimed | deviceId=6a79ee5fdb8727cabe0f7e78 | claimId=2c8dfb92544c42ec8bebac32b0b007f1 | claimedAt=2026-08-10T15:29:35.994139+00:00 | nextCheckAt=2026-08-10T15:30:05.994139+00:00 | scanClaimExpiresAt=2026-08-10T15:29:50.994139+00:00 | ttlSeconds=15.0 | intervalSeconds=30
2026-08-10 20:29:35 | INFO | monitor_runtime | Dispatch scan completed | dispatchId=load | claimId=01986bc00c8d4356899edeb5d64fa80e | deviceId=6a79ee5fdb8727cabe0f7e72 | nextCheckAt=2026-08-10T15:30:05.952308+00:00 | claimedAt=2026-08-10T15:29:35.952308+00:00 | pingStartedAt=2026-08-10T15:29:35.987175+00:00 | pingCompletedAt=2026-08-10T15:29:35.998175+00:00 | queueWaitMs=1 | pingDurationMs=11 | dueLagMs=1237 | outcome=scanned | workers_active=5 | queue_depth=1
2026-08-10 20:29:35 | INFO | monitor_claim | Device scan claimed | deviceId=6a79ee5fdb8727cabe0f7e79 | claimId=0a2d72e3c100490ea6f2954c2fceb9fd | claimedAt=2026-08-10T15:29:35.994139+00:00 | nextCheckAt=2026-08-10T15:30:05.994139+00:00 | scanClaimExpiresAt=2026-08-10T15:29:50.994139+00:00 | ttlSeconds=15.0 | intervalSeconds=30
2026-08-10 20:29:36 | INFO | monitor_runtime | Dispatch scan completed | dispatchId=load | claimId=c3c2427b4ff84c42a02929fbbf0a6001 | deviceId=6a79ee5fdb8727cabe0f7e73 | nextCheckAt=2026-08-10T15:30:05.952308+00:00 | claimedAt=2026-08-10T15:29:35.952308+00:00 | pingStartedAt=2026-08-10T15:29:35.988212+00:00 | pingCompletedAt=2026-08-10T15:29:36.000212+00:00 | queueWaitMs=1 | pingDurationMs=12 | dueLagMs=1238 | outcome=scanned | workers_active=7 | queue_depth=0
2026-08-10 20:29:36 | INFO | monitor_claim | Device scan claim released | deviceId=6a79ee5fdb8727cabe0f7e72 | claimId=01986bc00c8d4356899edeb5d64fa80e
2026-08-10 20:29:36 | INFO | monitor_claim | Device scan claimed | deviceId=6a79ee5fdb8727cabe0f7e7a | claimId=fb139e6db8884dc9b9969b5f2b1b9a90 | claimedAt=2026-08-10T15:29:35.994139+00:00 | nextCheckAt=2026-08-10T15:30:05.994139+00:00 | scanClaimExpiresAt=2026-08-10T15:29:50.994139+00:00 | ttlSeconds=15.0 | intervalSeconds=30
2026-08-10 20:29:36 | INFO | monitor_claim | Device scan claim released | deviceId=6a79ee5fdb8727cabe0f7e73 | claimId=c3c2427b4ff84c42a02929fbbf0a6001
2026-08-10 20:29:36 | INFO | monitor_claim | Device scan claimed | deviceId=6a79ee5fdb8727cabe0f7e7b | claimId=d752d2b6c3534b128c92db4fab0ba20a | claimedAt=2026-08-10T15:29:35.994139+00:00 | nextCheckAt=2026-08-10T15:30:05.994139+00:00 | scanClaimExpiresAt=2026-08-10T15:29:50.994139+00:00 | ttlSeconds=15.0 | intervalSeconds=30
2026-08-10 20:29:36 | INFO | monitor_claim | Device scan claimed | deviceId=6a79ee5fdb8727cabe0f7e7c | claimId=fba22c9a7e0e40d8bf3ca88c8bc99f5f | claimedAt=2026-08-10T15:29:35.994139+00:00 | nextCheckAt=2026-08-10T15:30:05.994139+00:00 | scanClaimExpiresAt=2026-08-10T15:29:50.994139+00:00 | ttlSeconds=15.0 | intervalSeconds=30
2026-08-10 20:29:36 | INFO | monitor_runtime | Dispatch scan completed | dispatchId=load | claimId=d008a7f6ac264af7af877ae32c3860ee | deviceId=6a79ee5fdb8727cabe0f7e74 | nextCheckAt=2026-08-10T15:30:05.952308+00:00 | claimedAt=2026-08-10T15:29:35.952308+00:00 | pingStartedAt=2026-08-10T15:29:35.992399+00:00 | pingCompletedAt=2026-08-10T15:29:36.005399+00:00 | queueWaitMs=1 | pingDurationMs=13 | dueLagMs=1242 | outcome=scanned | workers_active=8 | queue_depth=0
2026-08-10 20:29:36 | INFO | monitor_claim | Device scan claimed | deviceId=6a79ee5fdb8727cabe0f7e7d | claimId=6927a09665954ef194fe56fa68f2939b | claimedAt=2026-08-10T15:29:35.994139+00:00 | nextCheckAt=2026-08-10T15:30:05.994139+00:00 | scanClaimExpiresAt=2026-08-10T15:29:50.994139+00:00 | ttlSeconds=15.0 | intervalSeconds=30
2026-08-10 20:29:36 | INFO | monitor_claim | Device scan claimed | deviceId=6a79ee5fdb8727cabe0f7e7e | claimId=fe2e4c7c470f4e0ea108241f156bb538 | claimedAt=2026-08-10T15:29:35.994139+00:00 | nextCheckAt=2026-08-10T15:30:05.994139+00:00 | scanClaimExpiresAt=2026-08-10T15:29:50.994139+00:00 | ttlSeconds=15.0 | intervalSeconds=30
2026-08-10 20:29:36 | INFO | monitor_runtime | Dispatch scan completed | dispatchId=load | claimId=a2c8d2e4535d4c92826f12d8f5ef1c33 | deviceId=6a79ee5fdb8727cabe0f7e76 | nextCheckAt=2026-08-10T15:30:05.952308+00:00 | claimedAt=2026-08-10T15:29:35.952308+00:00 | pingStartedAt=2026-08-10T15:29:35.998886+00:00 | pingCompletedAt=2026-08-10T15:29:36.006886+00:00 | queueWaitMs=4 | pingDurationMs=8 | dueLagMs=1249 | outcome=scanned | workers_active=10 | queue_depth=0
2026-08-10 20:29:36 | INFO | monitor_claim | Device scan claim released | deviceId=6a79ee5fdb8727cabe0f7e74 | claimId=d008a7f6ac264af7af877ae32c3860ee
2026-08-10 20:29:36 | INFO | monitor_runtime | Dispatch scan completed | dispatchId=load | claimId=206008a83db8429487a55a06b5019cc0 | deviceId=6a79ee5fdb8727cabe0f7e75 | nextCheckAt=2026-08-10T15:30:05.952308+00:00 | claimedAt=2026-08-10T15:29:35.952308+00:00 | pingStartedAt=2026-08-10T15:29:35.994443+00:00 | pingCompletedAt=2026-08-10T15:29:36.008443+00:00 | queueWaitMs=0 | pingDurationMs=14 | dueLagMs=1244 | outcome=scanned | workers_active=10 | queue_depth=0
2026-08-10 20:29:36 | INFO | monitor_claim | Device scan claimed | deviceId=6a79ee5fdb8727cabe0f7e7f | claimId=6b6c1befe3a948ec8ba45f2f18cf41c0 | claimedAt=2026-08-10T15:29:35.994139+00:00 | nextCheckAt=2026-08-10T15:30:05.994139+00:00 | scanClaimExpiresAt=2026-08-10T15:29:50.994139+00:00 | ttlSeconds=15.0 | intervalSeconds=30
2026-08-10 20:29:36 | INFO | monitor_claim | Device scan claim released | deviceId=6a79ee5fdb8727cabe0f7e76 | claimId=a2c8d2e4535d4c92826f12d8f5ef1c33
2026-08-10 20:29:36 | INFO | monitor_runtime | Dispatch scan completed | dispatchId=load | claimId=42598e9772e04285a1e43b4e6d4d3a8b | deviceId=6a79ee5fdb8727cabe0f7e77 | nextCheckAt=2026-08-10T15:30:05.952308+00:00 | claimedAt=2026-08-10T15:29:35.952308+00:00 | pingStartedAt=2026-08-10T15:29:35.999443+00:00 | pingCompletedAt=2026-08-10T15:29:36.008443+00:00 | queueWaitMs=4 | pingDurationMs=9 | dueLagMs=1249 | outcome=scanned | workers_active=10 | queue_depth=0
2026-08-10 20:29:36 | INFO | monitor_claim | Device scan claimed | deviceId=6a79ee5fdb8727cabe0f7e80 | claimId=bf88a4710779444aae7b035ee458ded8 | claimedAt=2026-08-10T15:29:35.994139+00:00 | nextCheckAt=2026-08-10T15:30:05.994139+00:00 | scanClaimExpiresAt=2026-08-10T15:29:50.994139+00:00 | ttlSeconds=15.0 | intervalSeconds=30
2026-08-10 20:29:36 | INFO | monitor_claim | Device scan claim released | deviceId=6a79ee5fdb8727cabe0f7e75 | claimId=206008a83db8429487a55a06b5019cc0
2026-08-10 20:29:36 | INFO | monitor_runtime | Dispatch scan completed | dispatchId=load | claimId=2c8dfb92544c42ec8bebac32b0b007f1 | deviceId=6a79ee5fdb8727cabe0f7e78 | nextCheckAt=2026-08-10T15:30:05.994139+00:00 | claimedAt=2026-08-10T15:29:35.994139+00:00 | pingStartedAt=2026-08-10T15:29:36.001508+00:00 | pingCompletedAt=2026-08-10T15:29:36.011508+00:00 | queueWaitMs=1 | pingDurationMs=10 | dueLagMs=1251 | outcome=scanned | workers_active=11 | queue_depth=0
2026-08-10 20:29:36 | INFO | monitor_claim | Device scan claimed | deviceId=6a79ee5fdb8727cabe0f7e81 | claimId=2caa41df771f45d99c59b40e51ca3277 | claimedAt=2026-08-10T15:29:35.994139+00:00 | nextCheckAt=2026-08-10T15:30:05.994139+00:00 | scanClaimExpiresAt=2026-08-10T15:29:50.994139+00:00 | ttlSeconds=15.0 | intervalSeconds=30
2026-08-10 20:29:36 | INFO | monitor_runtime | Dispatch scan completed | dispatchId=load | claimId=0a2d72e3c100490ea6f2954c2fceb9fd | deviceId=6a79ee5fdb8727cabe0f7e79 | nextCheckAt=2026-08-10T15:30:05.994139+00:00 | claimedAt=2026-08-10T15:29:35.994139+00:00 | pingStartedAt=2026-08-10T15:29:36.002752+00:00 | pingCompletedAt=2026-08-10T15:29:36.013752+00:00 | queueWaitMs=0 | pingDurationMs=11 | dueLagMs=1253 | outcome=scanned | workers_active=10 | queue_depth=0
2026-08-10 20:29:36 | INFO | monitor_claim | Device scan claim released | deviceId=6a79ee5fdb8727cabe0f7e77 | claimId=42598e9772e04285a1e43b4e6d4d3a8b
2026-08-10 20:29:36 | INFO | monitor_runtime | Dispatch scan completed | dispatchId=load | claimId=6927a09665954ef194fe56fa68f2939b | deviceId=6a79ee5fdb8727cabe0f7e7d | nextCheckAt=2026-08-10T15:30:05.994139+00:00 | claimedAt=2026-08-10T15:29:35.994139+00:00 | pingStartedAt=2026-08-10T15:29:36.008358+00:00 | pingCompletedAt=2026-08-10T15:29:36.016358+00:00 | queueWaitMs=1 | pingDurationMs=8 | dueLagMs=1258 | outcome=scanned | workers_active=10 | queue_depth=0
2026-08-10 20:29:36 | INFO | monitor_claim | Device scan claim released | deviceId=6a79ee5fdb8727cabe0f7e78 | claimId=2c8dfb92544c42ec8bebac32b0b007f1
2026-08-10 20:29:36 | INFO | monitor_runtime | Dispatch scan completed | dispatchId=load | claimId=fb139e6db8884dc9b9969b5f2b1b9a90 | deviceId=6a79ee5fdb8727cabe0f7e7a | nextCheckAt=2026-08-10T15:30:05.994139+00:00 | claimedAt=2026-08-10T15:29:35.994139+00:00 | pingStartedAt=2026-08-10T15:29:36.004881+00:00 | pingCompletedAt=2026-08-10T15:29:36.016881+00:00 | queueWaitMs=0 | pingDurationMs=12 | dueLagMs=1255 | outcome=scanned | workers_active=10 | queue_depth=1
2026-08-10 20:29:36 | INFO | monitor_claim | Device scan claimed | deviceId=6a79ee5fdb8727cabe0f7e82 | claimId=2156e42e0aea4165a2b2efbf30647dc5 | claimedAt=2026-08-10T15:29:35.994139+00:00 | nextCheckAt=2026-08-10T15:30:05.994139+00:00 | scanClaimExpiresAt=2026-08-10T15:29:50.994139+00:00 | ttlSeconds=15.0 | intervalSeconds=30
2026-08-10 20:29:36 | INFO | monitor_runtime | Dispatch scan completed | dispatchId=load | claimId=d752d2b6c3534b128c92db4fab0ba20a | deviceId=6a79ee5fdb8727cabe0f7e7b | nextCheckAt=2026-08-10T15:30:05.994139+00:00 | claimedAt=2026-08-10T15:29:35.994139+00:00 | pingStartedAt=2026-08-10T15:29:36.005400+00:00 | pingCompletedAt=2026-08-10T15:29:36.018400+00:00 | queueWaitMs=0 | pingDurationMs=13 | dueLagMs=1255 | outcome=scanned | workers_active=10 | queue_depth=0
2026-08-10 20:29:36 | INFO | monitor_runtime | Dispatch scan completed | dispatchId=load | claimId=fba22c9a7e0e40d8bf3ca88c8bc99f5f | deviceId=6a79ee5fdb8727cabe0f7e7c | nextCheckAt=2026-08-10T15:30:05.994139+00:00 | claimedAt=2026-08-10T15:29:35.994139+00:00 | pingStartedAt=2026-08-10T15:29:36.006979+00:00 | pingCompletedAt=2026-08-10T15:29:36.020979+00:00 | queueWaitMs=0 | pingDurationMs=14 | dueLagMs=1257 | outcome=scanned | workers_active=9 | queue_depth=0
2026-08-10 20:29:36 | INFO | monitor_claim | Device scan claim released | deviceId=6a79ee5fdb8727cabe0f7e79 | claimId=0a2d72e3c100490ea6f2954c2fceb9fd
2026-08-10 20:29:36 | INFO | monitor_claim | Device scan claim released | deviceId=6a79ee5fdb8727cabe0f7e7d | claimId=6927a09665954ef194fe56fa68f2939b
2026-08-10 20:29:36 | INFO | monitor_runtime | Dispatch scan completed | dispatchId=load | claimId=fe2e4c7c470f4e0ea108241f156bb538 | deviceId=6a79ee5fdb8727cabe0f7e7e | nextCheckAt=2026-08-10T15:30:05.994139+00:00 | claimedAt=2026-08-10T15:29:35.994139+00:00 | pingStartedAt=2026-08-10T15:29:36.012994+00:00 | pingCompletedAt=2026-08-10T15:29:36.021994+00:00 | queueWaitMs=2 | pingDurationMs=9 | dueLagMs=1263 | outcome=scanned | workers_active=9 | queue_depth=0
2026-08-10 20:29:36 | INFO | monitor_runtime | Dispatch scan completed | dispatchId=load | claimId=6b6c1befe3a948ec8ba45f2f18cf41c0 | deviceId=6a79ee5fdb8727cabe0f7e7f | nextCheckAt=2026-08-10T15:30:05.994139+00:00 | claimedAt=2026-08-10T15:29:35.994139+00:00 | pingStartedAt=2026-08-10T15:29:36.014500+00:00 | pingCompletedAt=2026-08-10T15:29:36.024500+00:00 | queueWaitMs=1 | pingDurationMs=10 | dueLagMs=1264 | outcome=scanned | workers_active=9 | queue_depth=0
2026-08-10 20:29:36 | INFO | monitor_claim | Device scan claim released | deviceId=6a79ee5fdb8727cabe0f7e7a | claimId=fb139e6db8884dc9b9969b5f2b1b9a90
2026-08-10 20:29:36 | INFO | monitor_claim | Device scan claim released | deviceId=6a79ee5fdb8727cabe0f7e7b | claimId=d752d2b6c3534b128c92db4fab0ba20a
2026-08-10 20:29:36 | INFO | monitor_claim | Device scan claimed | deviceId=6a79ee5fdb8727cabe0f7e83 | claimId=f786b2754b564fd1ac8a34b52819d973 | claimedAt=2026-08-10T15:29:35.994139+00:00 | nextCheckAt=2026-08-10T15:30:05.994139+00:00 | scanClaimExpiresAt=2026-08-10T15:29:50.994139+00:00 | ttlSeconds=15.0 | intervalSeconds=30
2026-08-10 20:29:36 | INFO | monitor_claim | Device scan claim released | deviceId=6a79ee5fdb8727cabe0f7e7c | claimId=fba22c9a7e0e40d8bf3ca88c8bc99f5f
2026-08-10 20:29:36 | INFO | monitor_runtime | Dispatch scan completed | dispatchId=load | claimId=bf88a4710779444aae7b035ee458ded8 | deviceId=6a79ee5fdb8727cabe0f7e80 | nextCheckAt=2026-08-10T15:30:05.994139+00:00 | claimedAt=2026-08-10T15:29:35.994139+00:00 | pingStartedAt=2026-08-10T15:29:36.016024+00:00 | pingCompletedAt=2026-08-10T15:29:36.027024+00:00 | queueWaitMs=1 | pingDurationMs=11 | dueLagMs=1266 | outcome=scanned | workers_active=7 | queue_depth=0
2026-08-10 20:29:36 | INFO | monitor_claim | Device scan claim released | deviceId=6a79ee5fdb8727cabe0f7e7e | claimId=fe2e4c7c470f4e0ea108241f156bb538
2026-08-10 20:29:36 | INFO | monitor_claim | Device scan claim released | deviceId=6a79ee5fdb8727cabe0f7e7f | claimId=6b6c1befe3a948ec8ba45f2f18cf41c0
2026-08-10 20:29:36 | INFO | monitor_claim | Device scan claimed | deviceId=6a79ee5fdb8727cabe0f7e84 | claimId=82f3e993e6ca42dca7b221049c596cbd | claimedAt=2026-08-10T15:29:35.994139+00:00 | nextCheckAt=2026-08-10T15:30:05.994139+00:00 | scanClaimExpiresAt=2026-08-10T15:29:50.994139+00:00 | ttlSeconds=15.0 | intervalSeconds=30
2026-08-10 20:29:36 | INFO | monitor_claim | Device scan claim released | deviceId=6a79ee5fdb8727cabe0f7e80 | claimId=bf88a4710779444aae7b035ee458ded8
2026-08-10 20:29:36 | INFO | monitor_claim | Device scan claimed | deviceId=6a79ee5fdb8727cabe0f7e85 | claimId=80517c275476438aae3d304c1ccdac12 | claimedAt=2026-08-10T15:29:35.994139+00:00 | nextCheckAt=2026-08-10T15:30:05.994139+00:00 | scanClaimExpiresAt=2026-08-10T15:29:50.994139+00:00 | ttlSeconds=15.0 | intervalSeconds=30
2026-08-10 20:29:36 | INFO | monitor_runtime | Dispatch scan completed | dispatchId=load | claimId=2caa41df771f45d99c59b40e51ca3277 | deviceId=6a79ee5fdb8727cabe0f7e81 | nextCheckAt=2026-08-10T15:30:05.994139+00:00 | claimedAt=2026-08-10T15:29:35.994139+00:00 | pingStartedAt=2026-08-10T15:29:36.019785+00:00 | pingCompletedAt=2026-08-10T15:29:36.031785+00:00 | queueWaitMs=1 | pingDurationMs=12 | dueLagMs=1270 | outcome=scanned | workers_active=5 | queue_depth=0
2026-08-10 20:29:36 | INFO | monitor_claim | Device scan claim released | deviceId=6a79ee5fdb8727cabe0f7e81 | claimId=2caa41df771f45d99c59b40e51ca3277
2026-08-10 20:29:36 | INFO | monitor_runtime | Dispatch scan completed | dispatchId=load | claimId=2156e42e0aea4165a2b2efbf30647dc5 | deviceId=6a79ee5fdb8727cabe0f7e82 | nextCheckAt=2026-08-10T15:30:05.994139+00:00 | claimedAt=2026-08-10T15:29:35.994139+00:00 | pingStartedAt=2026-08-10T15:29:36.024062+00:00 | pingCompletedAt=2026-08-10T15:29:36.037062+00:00 | queueWaitMs=0 | pingDurationMs=13 | dueLagMs=1274 | outcome=scanned | workers_active=4 | queue_depth=0
2026-08-10 20:29:36 | INFO | monitor_claim | Device scan claim released | deviceId=6a79ee5fdb8727cabe0f7e82 | claimId=2156e42e0aea4165a2b2efbf30647dc5
2026-08-10 20:29:36 | INFO | monitor_runtime | Dispatch scan completed | dispatchId=load | claimId=82f3e993e6ca42dca7b221049c596cbd | deviceId=6a79ee5fdb8727cabe0f7e84 | nextCheckAt=2026-08-10T15:30:05.994139+00:00 | claimedAt=2026-08-10T15:29:35.994139+00:00 | pingStartedAt=2026-08-10T15:29:36.030649+00:00 | pingCompletedAt=2026-08-10T15:29:36.038649+00:00 | queueWaitMs=0 | pingDurationMs=8 | dueLagMs=1281 | outcome=scanned | workers_active=3 | queue_depth=0
2026-08-10 20:29:36 | INFO | monitor_claim | Device scan claim released | deviceId=6a79ee5fdb8727cabe0f7e84 | claimId=82f3e993e6ca42dca7b221049c596cbd
2026-08-10 20:29:36 | INFO | monitor_runtime | Dispatch scan completed | dispatchId=load | claimId=80517c275476438aae3d304c1ccdac12 | deviceId=6a79ee5fdb8727cabe0f7e85 | nextCheckAt=2026-08-10T15:30:05.994139+00:00 | claimedAt=2026-08-10T15:29:35.994139+00:00 | pingStartedAt=2026-08-10T15:29:36.032605+00:00 | pingCompletedAt=2026-08-10T15:29:36.041605+00:00 | queueWaitMs=2 | pingDurationMs=9 | dueLagMs=1282 | outcome=scanned | workers_active=2 | queue_depth=0
2026-08-10 20:29:36 | INFO | monitor_runtime | Dispatch scan completed | dispatchId=load | claimId=f786b2754b564fd1ac8a34b52819d973 | deviceId=6a79ee5fdb8727cabe0f7e83 | nextCheckAt=2026-08-10T15:30:05.994139+00:00 | claimedAt=2026-08-10T15:29:35.994139+00:00 | pingStartedAt=2026-08-10T15:29:36.028113+00:00 | pingCompletedAt=2026-08-10T15:29:36.042113+00:00 | queueWaitMs=1 | pingDurationMs=14 | dueLagMs=1278 | outcome=scanned | workers_active=2 | queue_depth=0
2026-08-10 20:29:36 | INFO | monitor_claim | Device scan claim released | deviceId=6a79ee5fdb8727cabe0f7e85 | claimId=80517c275476438aae3d304c1ccdac12
2026-08-10 20:29:36 | INFO | monitor_claim | Device scan claim released | deviceId=6a79ee5fdb8727cabe0f7e83 | claimId=f786b2754b564fd1ac8a34b52819d973
2026-08-10 20:29:36 | INFO | monitor_runtime | Monitor runtime stopped | wait=True | drainedQueued=0 | processed=100 | failures=0
  -> PASS wave=0.32s overlap=0 ping_p50=11.0 bottleneck=none
[inherit] devices=100 mix=all_up c=30 -> PASS (from c=20)
[inherit] devices=100 mix=all_up c=40 -> PASS (from c=30)
[inherit] devices=100 mix=all_up c=50 -> PASS (from c=40)
[inherit] devices=100 mix=all_up c=60 -> PASS (from c=50)
[inherit] devices=100 mix=all_up c=64 -> PASS (from c=60)
[run] devices=100 mix=half concurrency=20 ...
2026-08-10 20:29:36 | INFO | monitor_runtime | Monitor runtime started | workers=20 | queueMax=20
2026-08-10 20:29:36 | INFO | monitor_claim | Device scan claimed | deviceId=6a79ee60db8727cabe0f7e86 | claimId=a5c578ccc91c421a9b1a17b18e67367e | claimedAt=2026-08-10T15:29:36.107151+00:00 | nextCheckAt=2026-08-10T15:30:06.107151+00:00 | scanClaimExpiresAt=2026-08-10T15:29:51.107151+00:00 | ttlSeconds=15.0 | intervalSeconds=30
2026-08-10 20:29:36 | INFO | monitor_claim | Device scan claimed | deviceId=6a79ee60db8727cabe0f7e87 | claimId=ef07f27207f64d7291d6bd4df38ca761 | claimedAt=2026-08-10T15:29:36.107151+00:00 | nextCheckAt=2026-08-10T15:30:06.107151+00:00 | scanClaimExpiresAt=2026-08-10T15:29:51.107151+00:00 | ttlSeconds=15.0 | intervalSeconds=30
2026-08-10 20:29:36 | INFO | monitor_claim | Device scan claimed | deviceId=6a79ee60db8727cabe0f7e88 | claimId=d429a59b7e1e48239dc97758123fbcff | claimedAt=2026-08-10T15:29:36.107151+00:00 | nextCheckAt=2026-08-10T15:30:06.107151+00:00 | scanClaimExpiresAt=2026-08-10T15:29:51.107151+00:00 | ttlSeconds=15.0 | intervalSeconds=30
2026-08-10 20:29:36 | INFO | monitor_claim | Device scan claimed | deviceId=6a79ee60db8727cabe0f7e89 | claimId=bc7792d00f2748b9a50751baaab793ee | claimedAt=2026-08-10T15:29:36.107151+00:00 | nextCheckAt=2026-08-10T15:30:06.107151+00:00 | scanClaimExpiresAt=2026-08-10T15:29:51.107151+00:00 | ttlSeconds=15.0 | intervalSeconds=30
2026-08-10 20:29:36 | INFO | monitor_claim | Device scan claimed | deviceId=6a79ee60db8727cabe0f7e8a | claimId=ee1c19182e2c4da1ac223f0f10dad008 | claimedAt=2026-08-10T15:29:36.107151+00:00 | nextCheckAt=2026-08-10T15:30:06.107151+00:00 | scanClaimExpiresAt=2026-08-10T15:29:51.107151+00:00 | ttlSeconds=15.0 | intervalSeconds=30
2026-08-10 20:29:36 | INFO | monitor_claim | Device scan claimed | deviceId=6a79ee60db8727cabe0f7e8b | claimId=3a48d4d0a4954d919ee7c0a4b10a31a3 | claimedAt=2026-08-10T15:29:36.107151+00:00 | nextCheckAt=2026-08-10T15:30:06.107151+00:00 | scanClaimExpiresAt=2026-08-10T15:29:51.107151+00:00 | ttlSeconds=15.0 | intervalSeconds=30
2026-08-10 20:29:36 | INFO | monitor_claim | Device scan claimed | deviceId=6a79ee60db8727cabe0f7e8c | claimId=566143c0fb44452695e9026c51de3444 | claimedAt=2026-08-10T15:29:36.107151+00:00 | nextCheckAt=2026-08-10T15:30:06.107151+00:00 | scanClaimExpiresAt=2026-08-10T15:29:51.107151+00:00 | ttlSeconds=15.0 | intervalSeconds=30
2026-08-10 20:29:36 | INFO | monitor_claim | Device scan claimed | deviceId=6a79ee60db8727cabe0f7e8d | claimId=0ef974dc377a4d71a441ebb72188332b | claimedAt=2026-08-10T15:29:36.107151+00:00 | nextCheckAt=2026-08-10T15:30:06.107151+00:00 | scanClaimExpiresAt=2026-08-10T15:29:51.107151+00:00 | ttlSeconds=15.0 | intervalSeconds=30
2026-08-10 20:29:36 | INFO | monitor_claim | Device scan claimed | deviceId=6a79ee60db8727cabe0f7e8e | claimId=1722b0336c1747009038938cd60e8b90 | claimedAt=2026-08-10T15:29:36.107151+00:00 | nextCheckAt=2026-08-10T15:30:06.107151+00:00 | scanClaimExpiresAt=2026-08-10T15:29:51.107151+00:00 | ttlSeconds=15.0 | intervalSeconds=30
2026-08-10 20:29:36 | INFO | monitor_claim | Device scan claimed | deviceId=6a79ee60db8727cabe0f7e8f | claimId=19765c4944874f0d9858906a911591d0 | claimedAt=2026-08-10T15:29:36.107151+00:00 | nextCheckAt=2026-08-10T15:30:06.107151+00:00 | scanClaimExpiresAt=2026-08-10T15:29:51.107151+00:00 | ttlSeconds=15.0 | intervalSeconds=30
2026-08-10 20:29:36 | INFO | monitor_claim | Device scan claimed | deviceId=6a79ee60db8727cabe0f7e90 | claimId=1ed6416c4a2b4799a272e0f590bb7df8 | claimedAt=2026-08-10T15:29:36.107151+00:00 | nextCheckAt=2026-08-10T15:30:06.107151+00:00 | scanClaimExpiresAt=2026-08-10T15:29:51.107151+00:00 | ttlSeconds=15.0 | intervalSeconds=30
2026-08-10 20:29:36 | INFO | monitor_claim | Device scan claimed | deviceId=6a79ee60db8727cabe0f7e91 | claimId=50e5f79f25f647a58a2f41dc98bc8711 | claimedAt=2026-08-10T15:29:36.107151+00:00 | nextCheckAt=2026-08-10T15:30:06.107151+00:00 | scanClaimExpiresAt=2026-08-10T15:29:51.107151+00:00 | ttlSeconds=15.0 | intervalSeconds=30
2026-08-10 20:29:36 | INFO | monitor_claim | Device scan claimed | deviceId=6a79ee60db8727cabe0f7e92 | claimId=6b2043b0ab2848c886ae3b5520828b06 | claimedAt=2026-08-10T15:29:36.107151+00:00 | nextCheckAt=2026-08-10T15:30:06.107151+00:00 | scanClaimExpiresAt=2026-08-10T15:29:51.107151+00:00 | ttlSeconds=15.0 | intervalSeconds=30
2026-08-10 20:29:36 | INFO | monitor_claim | Device scan claimed | deviceId=6a79ee60db8727cabe0f7e93 | claimId=cc94ee7ce91444fe943a8682b4702c4f | claimedAt=2026-08-10T15:29:36.107151+00:00 | nextCheckAt=2026-08-10T15:30:06.107151+00:00 | scanClaimExpiresAt=2026-08-10T15:29:51.107151+00:00 | ttlSeconds=15.0 | intervalSeconds=30
2026-08-10 20:29:36 | INFO | monitor_runtime | Dispatch scan completed | dispatchId=load | claimId=a5c578ccc91c421a9b1a17b18e67367e | deviceId=6a79ee60db8727cabe0f7e86 | nextCheckAt=2026-08-10T15:30:06.107151+00:00 | claimedAt=2026-08-10T15:29:36.107151+00:00 | pingStartedAt=2026-08-10T15:29:36.117959+00:00 | pingCompletedAt=2026-08-10T15:29:36.127959+00:00 | queueWaitMs=0 | pingDurationMs=10 | dueLagMs=1031 | outcome=scanned | workers_active=13 | queue_depth=0
2026-08-10 20:29:36 | INFO | monitor_claim | Device scan claimed | deviceId=6a79ee60db8727cabe0f7e94 | claimId=a14f55a5382a4664b048e1b80046ac94 | claimedAt=2026-08-10T15:29:36.107151+00:00 | nextCheckAt=2026-08-10T15:30:06.107151+00:00 | scanClaimExpiresAt=2026-08-10T15:29:51.107151+00:00 | ttlSeconds=15.0 | intervalSeconds=30
2026-08-10 20:29:36 | INFO | monitor_runtime | Dispatch scan completed | dispatchId=load | claimId=d429a59b7e1e48239dc97758123fbcff | deviceId=6a79ee60db8727cabe0f7e88 | nextCheckAt=2026-08-10T15:30:06.107151+00:00 | claimedAt=2026-08-10T15:29:36.107151+00:00 | pingStartedAt=2026-08-10T15:29:36.118981+00:00 | pingCompletedAt=2026-08-10T15:29:36.128981+00:00 | queueWaitMs=1 | pingDurationMs=10 | dueLagMs=1032 | outcome=scanned | workers_active=13 | queue_depth=1
2026-08-10 20:29:36 | INFO | monitor_claim | Device scan claim released | deviceId=6a79ee60db8727cabe0f7e86 | claimId=a5c578ccc91c421a9b1a17b18e67367e
2026-08-10 20:29:36 | INFO | monitor_runtime | Dispatch scan completed | dispatchId=load | claimId=ee1c19182e2c4da1ac223f0f10dad008 | deviceId=6a79ee60db8727cabe0f7e8a | nextCheckAt=2026-08-10T15:30:06.107151+00:00 | claimedAt=2026-08-10T15:29:36.107151+00:00 | pingStartedAt=2026-08-10T15:29:36.121012+00:00 | pingCompletedAt=2026-08-10T15:29:36.131012+00:00 | queueWaitMs=1 | pingDurationMs=10 | dueLagMs=1034 | outcome=scanned | workers_active=15 | queue_depth=0
2026-08-10 20:29:36 | INFO | monitor_claim | Device scan claimed | deviceId=6a79ee60db8727cabe0f7e95 | claimId=0c6090a695334def9184f6bb2f1d75c1 | claimedAt=2026-08-10T15:29:36.107151+00:00 | nextCheckAt=2026-08-10T15:30:06.107151+00:00 | scanClaimExpiresAt=2026-08-10T15:29:51.107151+00:00 | ttlSeconds=15.0 | intervalSeconds=30
2026-08-10 20:29:36 | INFO | monitor_runtime | Dispatch scan completed | dispatchId=load | claimId=566143c0fb44452695e9026c51de3444 | deviceId=6a79ee60db8727cabe0f7e8c | nextCheckAt=2026-08-10T15:30:06.107151+00:00 | claimedAt=2026-08-10T15:29:36.107151+00:00 | pingStartedAt=2026-08-10T15:29:36.122533+00:00 | pingCompletedAt=2026-08-10T15:29:36.132533+00:00 | queueWaitMs=0 | pingDurationMs=10 | dueLagMs=1035 | outcome=scanned | workers_active=14 | queue_depth=0
2026-08-10 20:29:36 | INFO | monitor_claim | Device scan claim released | deviceId=6a79ee60db8727cabe0f7e88 | claimId=d429a59b7e1e48239dc97758123fbcff
2026-08-10 20:29:36 | INFO | monitor_claim | Device scan claim released | deviceId=6a79ee60db8727cabe0f7e8a | claimId=ee1c19182e2c4da1ac223f0f10dad008
2026-08-10 20:29:36 | INFO | monitor_runtime | Dispatch scan completed | dispatchId=load | claimId=1722b0336c1747009038938cd60e8b90 | deviceId=6a79ee60db8727cabe0f7e8e | nextCheckAt=2026-08-10T15:30:06.107151+00:00 | claimedAt=2026-08-10T15:29:36.107151+00:00 | pingStartedAt=2026-08-10T15:29:36.124123+00:00 | pingCompletedAt=2026-08-10T15:29:36.134123+00:00 | queueWaitMs=0 | pingDurationMs=10 | dueLagMs=1037 | outcome=scanned | workers_active=14 | queue_depth=0
2026-08-10 20:29:36 | INFO | monitor_claim | Device scan claimed | deviceId=6a79ee60db8727cabe0f7e96 | claimId=7fc5699dbb674f9cb431a8105dc7d607 | claimedAt=2026-08-10T15:29:36.107151+00:00 | nextCheckAt=2026-08-10T15:30:06.107151+00:00 | scanClaimExpiresAt=2026-08-10T15:29:51.107151+00:00 | ttlSeconds=15.0 | intervalSeconds=30
2026-08-10 20:29:36 | INFO | monitor_runtime | Dispatch scan completed | dispatchId=load | claimId=1ed6416c4a2b4799a272e0f590bb7df8 | deviceId=6a79ee60db8727cabe0f7e90 | nextCheckAt=2026-08-10T15:30:06.107151+00:00 | claimedAt=2026-08-10T15:29:36.107151+00:00 | pingStartedAt=2026-08-10T15:29:36.125633+00:00 | pingCompletedAt=2026-08-10T15:29:36.135633+00:00 | queueWaitMs=1 | pingDurationMs=10 | dueLagMs=1038 | outcome=scanned | workers_active=14 | queue_depth=0
2026-08-10 20:29:36 | INFO | monitor_claim | Device scan claim released | deviceId=6a79ee60db8727cabe0f7e8c | claimId=566143c0fb44452695e9026c51de3444
2026-08-10 20:29:36 | INFO | monitor_runtime | Dispatch scan completed | dispatchId=load | claimId=6b2043b0ab2848c886ae3b5520828b06 | deviceId=6a79ee60db8727cabe0f7e92 | nextCheckAt=2026-08-10T15:30:06.107151+00:00 | claimedAt=2026-08-10T15:29:36.107151+00:00 | pingStartedAt=2026-08-10T15:29:36.128648+00:00 | pingCompletedAt=2026-08-10T15:29:36.138648+00:00 | queueWaitMs=2 | pingDurationMs=10 | dueLagMs=1041 | outcome=scanned | workers_active=14 | queue_depth=0
2026-08-10 20:29:36 | INFO | monitor_claim | Device scan claim released | deviceId=6a79ee60db8727cabe0f7e8e | claimId=1722b0336c1747009038938cd60e8b90
2026-08-10 20:29:36 | INFO | monitor_claim | Device scan claimed | deviceId=6a79ee60db8727cabe0f7e97 | claimId=51a8350b606a408fb7bc315bb48bbecb | claimedAt=2026-08-10T15:29:36.107151+00:00 | nextCheckAt=2026-08-10T15:30:06.107151+00:00 | scanClaimExpiresAt=2026-08-10T15:29:51.107151+00:00 | ttlSeconds=15.0 | intervalSeconds=30
2026-08-10 20:29:36 | INFO | monitor_claim | Device scan claim released | deviceId=6a79ee60db8727cabe0f7e90 | claimId=1ed6416c4a2b4799a272e0f590bb7df8
2026-08-10 20:29:36 | INFO | monitor_claim | Device scan claim released | deviceId=6a79ee60db8727cabe0f7e92 | claimId=6b2043b0ab2848c886ae3b5520828b06
2026-08-10 20:29:36 | INFO | monitor_claim | Device scan claimed | deviceId=6a79ee60db8727cabe0f7e98 | claimId=70c0107143bf4e27817fecaa5ffc6310 | claimedAt=2026-08-10T15:29:36.107151+00:00 | nextCheckAt=2026-08-10T15:30:06.107151+00:00 | scanClaimExpiresAt=2026-08-10T15:29:51.107151+00:00 | ttlSeconds=15.0 | intervalSeconds=30
2026-08-10 20:29:36 | INFO | monitor_claim | Device scan claimed | deviceId=6a79ee60db8727cabe0f7e99 | claimId=7ed842ce2a494ca1acca2698fc4d08cf | claimedAt=2026-08-10T15:29:36.107151+00:00 | nextCheckAt=2026-08-10T15:30:06.107151+00:00 | scanClaimExpiresAt=2026-08-10T15:29:51.107151+00:00 | ttlSeconds=15.0 | intervalSeconds=30
2026-08-10 20:29:36 | INFO | monitor_claim | Device scan claimed | deviceId=6a79ee60db8727cabe0f7e9a | claimId=793b1dd0e1c744b8a7038cb9f10e5b82 | claimedAt=2026-08-10T15:29:36.140787+00:00 | nextCheckAt=2026-08-10T15:30:06.140787+00:00 | scanClaimExpiresAt=2026-08-10T15:29:51.140787+00:00 | ttlSeconds=15.0 | intervalSeconds=30
2026-08-10 20:29:36 | INFO | monitor_runtime | Dispatch scan completed | dispatchId=load | claimId=a14f55a5382a4664b048e1b80046ac94 | deviceId=6a79ee60db8727cabe0f7e94 | nextCheckAt=2026-08-10T15:30:06.107151+00:00 | claimedAt=2026-08-10T15:29:36.107151+00:00 | pingStartedAt=2026-08-10T15:29:36.135349+00:00 | pingCompletedAt=2026-08-10T15:29:36.145349+00:00 | queueWaitMs=0 | pingDurationMs=10 | dueLagMs=1048 | outcome=scanned | workers_active=13 | queue_depth=0
2026-08-10 20:29:36 | INFO | monitor_claim | Device scan claimed | deviceId=6a79ee60db8727cabe0f7e9b | claimId=1f54251877a144098eeca82ce7ed2644 | claimedAt=2026-08-10T15:29:36.140787+00:00 | nextCheckAt=2026-08-10T15:30:06.140787+00:00 | scanClaimExpiresAt=2026-08-10T15:29:51.140787+00:00 | ttlSeconds=15.0 | intervalSeconds=30
2026-08-10 20:29:36 | INFO | monitor_claim | Device scan claim released | deviceId=6a79ee60db8727cabe0f7e94 | claimId=a14f55a5382a4664b048e1b80046ac94
2026-08-10 20:29:36 | INFO | monitor_claim | Device scan claimed | deviceId=6a79ee60db8727cabe0f7e9c | claimId=e28cfeaa469c41a782f78aea2cf3fccb | claimedAt=2026-08-10T15:29:36.140787+00:00 | nextCheckAt=2026-08-10T15:30:06.140787+00:00 | scanClaimExpiresAt=2026-08-10T15:29:51.140787+00:00 | ttlSeconds=15.0 | intervalSeconds=30
2026-08-10 20:29:36 | INFO | monitor_claim | Device scan claimed | deviceId=6a79ee60db8727cabe0f7e9d | claimId=e8a3654c2fe94f8d90f45c1d0b244bcf | claimedAt=2026-08-10T15:29:36.140787+00:00 | nextCheckAt=2026-08-10T15:30:06.140787+00:00 | scanClaimExpiresAt=2026-08-10T15:29:51.140787+00:00 | ttlSeconds=15.0 | intervalSeconds=30
2026-08-10 20:29:36 | INFO | monitor_runtime | Dispatch scan completed | dispatchId=load | claimId=7fc5699dbb674f9cb431a8105dc7d607 | deviceId=6a79ee60db8727cabe0f7e96 | nextCheckAt=2026-08-10T15:30:06.107151+00:00 | claimedAt=2026-08-10T15:29:36.107151+00:00 | pingStartedAt=2026-08-10T15:29:36.139903+00:00 | pingCompletedAt=2026-08-10T15:29:36.149903+00:00 | queueWaitMs=0 | pingDurationMs=10 | dueLagMs=1053 | outcome=scanned | workers_active=14 | queue_depth=2
2026-08-10 20:29:36 | INFO | monitor_claim | Device scan claimed | deviceId=6a79ee60db8727cabe0f7e9e | claimId=fad0b98954094ae695707b9aee421a42 | claimedAt=2026-08-10T15:29:36.140787+00:00 | nextCheckAt=2026-08-10T15:30:06.140787+00:00 | scanClaimExpiresAt=2026-08-10T15:29:51.140787+00:00 | ttlSeconds=15.0 | intervalSeconds=30
2026-08-10 20:29:36 | INFO | monitor_runtime | Dispatch scan completed | dispatchId=load | claimId=70c0107143bf4e27817fecaa5ffc6310 | deviceId=6a79ee60db8727cabe0f7e98 | nextCheckAt=2026-08-10T15:30:06.107151+00:00 | claimedAt=2026-08-10T15:29:36.107151+00:00 | pingStartedAt=2026-08-10T15:29:36.141413+00:00 | pingCompletedAt=2026-08-10T15:29:36.151413+00:00 | queueWaitMs=1 | pingDurationMs=10 | dueLagMs=1054 | outcome=scanned | workers_active=16 | queue_depth=0
2026-08-10 20:29:36 | INFO | monitor_claim | Device scan claim released | deviceId=6a79ee60db8727cabe0f7e96 | claimId=7fc5699dbb674f9cb431a8105dc7d607
2026-08-10 20:29:36 | INFO | monitor_claim | Device scan claimed | deviceId=6a79ee60db8727cabe0f7e9f | claimId=7a799c6f1c4c435fb0cdeea2c466f80a | claimedAt=2026-08-10T15:29:36.140787+00:00 | nextCheckAt=2026-08-10T15:30:06.140787+00:00 | scanClaimExpiresAt=2026-08-10T15:29:51.140787+00:00 | ttlSeconds=15.0 | intervalSeconds=30
2026-08-10 20:29:36 | INFO | monitor_claim | Device scan claim released | deviceId=6a79ee60db8727cabe0f7e98 | claimId=70c0107143bf4e27817fecaa5ffc6310
2026-08-10 20:29:36 | INFO | monitor_claim | Device scan claimed | deviceId=6a79ee60db8727cabe0f7ea0 | claimId=47b2d48a2d3a4d599df55d6f081b227e | claimedAt=2026-08-10T15:29:36.140787+00:00 | nextCheckAt=2026-08-10T15:30:06.140787+00:00 | scanClaimExpiresAt=2026-08-10T15:29:51.140787+00:00 | ttlSeconds=15.0 | intervalSeconds=30
2026-08-10 20:29:36 | INFO | monitor_claim | Device scan claimed | deviceId=6a79ee60db8727cabe0f7ea1 | claimId=1e5903acbbd24f809f08fb5aa5768151 | claimedAt=2026-08-10T15:29:36.154668+00:00 | nextCheckAt=2026-08-10T15:30:06.154668+00:00 | scanClaimExpiresAt=2026-08-10T15:29:51.154668+00:00 | ttlSeconds=15.0 | intervalSeconds=30
2026-08-10 20:29:36 | INFO | monitor_runtime | Dispatch scan completed | dispatchId=load | claimId=793b1dd0e1c744b8a7038cb9f10e5b82 | deviceId=6a79ee60db8727cabe0f7e9a | nextCheckAt=2026-08-10T15:30:06.140787+00:00 | claimedAt=2026-08-10T15:29:36.140787+00:00 | pingStartedAt=2026-08-10T15:29:36.152214+00:00 | pingCompletedAt=2026-08-10T15:29:36.162214+00:00 | queueWaitMs=1 | pingDurationMs=10 | dueLagMs=1065 | outcome=scanned | workers_active=17 | queue_depth=0
2026-08-10 20:29:36 | INFO | monitor_claim | Device scan claimed | deviceId=6a79ee60db8727cabe0f7ea2 | claimId=6346c443fec24d1b8c2cee884fee8beb | claimedAt=2026-08-10T15:29:36.154668+00:00 | nextCheckAt=2026-08-10T15:30:06.154668+00:00 | scanClaimExpiresAt=2026-08-10T15:29:51.154668+00:00 | ttlSeconds=15.0 | intervalSeconds=30
2026-08-10 20:29:36 | INFO | monitor_claim | Device scan claim released | deviceId=6a79ee60db8727cabe0f7e9a | claimId=793b1dd0e1c744b8a7038cb9f10e5b82
2026-08-10 20:29:36 | INFO | monitor_runtime | Dispatch scan completed | dispatchId=load | claimId=e28cfeaa469c41a782f78aea2cf3fccb | deviceId=6a79ee60db8727cabe0f7e9c | nextCheckAt=2026-08-10T15:30:06.140787+00:00 | claimedAt=2026-08-10T15:29:36.140787+00:00 | pingStartedAt=2026-08-10T15:29:36.152725+00:00 | pingCompletedAt=2026-08-10T15:29:36.162725+00:00 | queueWaitMs=4 | pingDurationMs=10 | dueLagMs=1066 | outcome=scanned | workers_active=17 | queue_depth=0
2026-08-10 20:29:36 | INFO | monitor_runtime | Dispatch scan completed | dispatchId=load | claimId=fad0b98954094ae695707b9aee421a42 | deviceId=6a79ee60db8727cabe0f7e9e | nextCheckAt=2026-08-10T15:30:06.140787+00:00 | claimedAt=2026-08-10T15:29:36.140787+00:00 | pingStartedAt=2026-08-10T15:29:36.154750+00:00 | pingCompletedAt=2026-08-10T15:29:36.164750+00:00 | queueWaitMs=0 | pingDurationMs=10 | dueLagMs=1068 | outcome=scanned | workers_active=18 | queue_depth=0
2026-08-10 20:29:36 | INFO | monitor_claim | Device scan claimed | deviceId=6a79ee60db8727cabe0f7ea3 | claimId=cccdeda640e34a15b6742d5cfa99ab6b | claimedAt=2026-08-10T15:29:36.154668+00:00 | nextCheckAt=2026-08-10T15:30:06.154668+00:00 | scanClaimExpiresAt=2026-08-10T15:29:51.154668+00:00 | ttlSeconds=15.0 | intervalSeconds=30
2026-08-10 20:29:36 | INFO | monitor_claim | Device scan claim released | deviceId=6a79ee60db8727cabe0f7e9c | claimId=e28cfeaa469c41a782f78aea2cf3fccb
2026-08-10 20:29:36 | INFO | monitor_runtime | Dispatch scan completed | dispatchId=load | claimId=47b2d48a2d3a4d599df55d6f081b227e | deviceId=6a79ee60db8727cabe0f7ea0 | nextCheckAt=2026-08-10T15:30:06.140787+00:00 | claimedAt=2026-08-10T15:29:36.140787+00:00 | pingStartedAt=2026-08-10T15:29:36.167005+00:00 | pingCompletedAt=2026-08-10T15:29:36.177005+00:00 | queueWaitMs=7 | pingDurationMs=10 | dueLagMs=1080 | outcome=scanned | workers_active=19 | queue_depth=0
2026-08-10 20:29:36 | INFO | monitor_claim | Device scan claim released | deviceId=6a79ee60db8727cabe0f7e9e | claimId=fad0b98954094ae695707b9aee421a42
2026-08-10 20:29:36 | INFO | monitor_runtime | Dispatch scan completed | dispatchId=load | claimId=6346c443fec24d1b8c2cee884fee8beb | deviceId=6a79ee60db8727cabe0f7ea2 | nextCheckAt=2026-08-10T15:30:06.154668+00:00 | claimedAt=2026-08-10T15:29:36.154668+00:00 | pingStartedAt=2026-08-10T15:29:36.167005+00:00 | pingCompletedAt=2026-08-10T15:29:36.177005+00:00 | queueWaitMs=0 | pingDurationMs=10 | dueLagMs=1080 | outcome=scanned | workers_active=19 | queue_depth=0
2026-08-10 20:29:36 | INFO | monitor_claim | Device scan claim released | deviceId=6a79ee60db8727cabe0f7ea0 | claimId=47b2d48a2d3a4d599df55d6f081b227e
2026-08-10 20:29:36 | INFO | monitor_claim | Device scan claimed | deviceId=6a79ee60db8727cabe0f7ea4 | claimId=a6fdcd7a721e4127a62a17d922da9584 | claimedAt=2026-08-10T15:29:36.167926+00:00 | nextCheckAt=2026-08-10T15:30:06.167926+00:00 | scanClaimExpiresAt=2026-08-10T15:29:51.167926+00:00 | ttlSeconds=15.0 | intervalSeconds=30
2026-08-10 20:29:36 | INFO | monitor_claim | Device scan claim released | deviceId=6a79ee60db8727cabe0f7ea2 | claimId=6346c443fec24d1b8c2cee884fee8beb
2026-08-10 20:29:36 | INFO | monitor_claim | Device scan claimed | deviceId=6a79ee60db8727cabe0f7ea5 | claimId=921ec1d1fc4943da9d8c8a8526c89143 | claimedAt=2026-08-10T15:29:36.179223+00:00 | nextCheckAt=2026-08-10T15:30:06.179223+00:00 | scanClaimExpiresAt=2026-08-10T15:29:51.179223+00:00 | ttlSeconds=15.0 | intervalSeconds=30
2026-08-10 20:29:36 | INFO | monitor_claim | Device scan claimed | deviceId=6a79ee60db8727cabe0f7ea6 | claimId=ba039d10370a40319de652e8ff4d2856 | claimedAt=2026-08-10T15:29:36.179223+00:00 | nextCheckAt=2026-08-10T15:30:06.179223+00:00 | scanClaimExpiresAt=2026-08-10T15:29:51.179223+00:00 | ttlSeconds=15.0 | intervalSeconds=30
2026-08-10 20:29:36 | INFO | monitor_claim | Device scan claimed | deviceId=6a79ee60db8727cabe0f7ea7 | claimId=136bad0a72474f7b8cdc4b0344eccdc1 | claimedAt=2026-08-10T15:29:36.179223+00:00 | nextCheckAt=2026-08-10T15:30:06.179223+00:00 | scanClaimExpiresAt=2026-08-10T15:29:51.179223+00:00 | ttlSeconds=15.0 | intervalSeconds=30
2026-08-10 20:29:36 | INFO | monitor_claim | Device scan claimed | deviceId=6a79ee60db8727cabe0f7ea8 | claimId=35e237589e824068b5dfa2ef7b89d008 | claimedAt=2026-08-10T15:29:36.190825+00:00 | nextCheckAt=2026-08-10T15:30:06.190825+00:00 | scanClaimExpiresAt=2026-08-10T15:29:51.190825+00:00 | ttlSeconds=15.0 | intervalSeconds=30
2026-08-10 20:29:36 | INFO | monitor_runtime | Dispatch scan completed | dispatchId=load | claimId=a6fdcd7a721e4127a62a17d922da9584 | deviceId=6a79ee60db8727cabe0f7ea4 | nextCheckAt=2026-08-10T15:30:06.167926+00:00 | claimedAt=2026-08-10T15:29:36.167926+00:00 | pingStartedAt=2026-08-10T15:29:36.189827+00:00 | pingCompletedAt=2026-08-10T15:29:36.199827+00:00 | queueWaitMs=9 | pingDurationMs=10 | dueLagMs=1103 | outcome=scanned | workers_active=20 | queue_depth=0
2026-08-10 20:29:36 | INFO | monitor_claim | Device scan claim released | deviceId=6a79ee60db8727cabe0f7ea4 | claimId=a6fdcd7a721e4127a62a17d922da9584
2026-08-10 20:29:36 | INFO | monitor_runtime | Dispatch scan completed | dispatchId=load | claimId=ba039d10370a40319de652e8ff4d2856 | deviceId=6a79ee60db8727cabe0f7ea6 | nextCheckAt=2026-08-10T15:30:06.179223+00:00 | claimedAt=2026-08-10T15:29:36.179223+00:00 | pingStartedAt=2026-08-10T15:29:36.191848+00:00 | pingCompletedAt=2026-08-10T15:29:36.201848+00:00 | queueWaitMs=1 | pingDurationMs=10 | dueLagMs=1105 | outcome=scanned | workers_active=19 | queue_depth=0
2026-08-10 20:29:36 | INFO | monitor_claim | Device scan claim released | deviceId=6a79ee60db8727cabe0f7ea6 | claimId=ba039d10370a40319de652e8ff4d2856
2026-08-10 20:29:36 | INFO | monitor_runtime | Dispatch scan completed | dispatchId=load | claimId=35e237589e824068b5dfa2ef7b89d008 | deviceId=6a79ee60db8727cabe0f7ea8 | nextCheckAt=2026-08-10T15:30:06.190825+00:00 | claimedAt=2026-08-10T15:29:36.190825+00:00 | pingStartedAt=2026-08-10T15:29:36.197687+00:00 | pingCompletedAt=2026-08-10T15:29:36.207687+00:00 | queueWaitMs=0 | pingDurationMs=10 | dueLagMs=1111 | outcome=scanned | workers_active=18 | queue_depth=0
2026-08-10 20:29:36 | INFO | monitor_claim | Device scan claim released | deviceId=6a79ee60db8727cabe0f7ea8 | claimId=35e237589e824068b5dfa2ef7b89d008
2026-08-10 20:29:36 | INFO | monitor_claim | Device scan claimed | deviceId=6a79ee60db8727cabe0f7ea9 | claimId=5d96eebe7cff497aa798c6a9f1e4520c | claimedAt=2026-08-10T15:29:36.247584+00:00 | nextCheckAt=2026-08-10T15:30:06.247584+00:00 | scanClaimExpiresAt=2026-08-10T15:29:51.247584+00:00 | ttlSeconds=15.0 | intervalSeconds=30
2026-08-10 20:29:36 | INFO | monitor_claim | Device scan claimed | deviceId=6a79ee60db8727cabe0f7eaa | claimId=4991fba7a164421d8ec1fe2d4cc63042 | claimedAt=2026-08-10T15:29:36.247584+00:00 | nextCheckAt=2026-08-10T15:30:06.247584+00:00 | scanClaimExpiresAt=2026-08-10T15:29:51.247584+00:00 | ttlSeconds=15.0 | intervalSeconds=30
2026-08-10 20:29:36 | INFO | monitor_claim | Device scan claimed | deviceId=6a79ee60db8727cabe0f7eab | claimId=e4c103397cc440dba2b339964864d046 | claimedAt=2026-08-10T15:29:36.247584+00:00 | nextCheckAt=2026-08-10T15:30:06.247584+00:00 | scanClaimExpiresAt=2026-08-10T15:29:51.247584+00:00 | ttlSeconds=15.0 | intervalSeconds=30
2026-08-10 20:29:36 | INFO | monitor_runtime | Dispatch scan completed | dispatchId=load | claimId=4991fba7a164421d8ec1fe2d4cc63042 | deviceId=6a79ee60db8727cabe0f7eaa | nextCheckAt=2026-08-10T15:30:06.247584+00:00 | claimedAt=2026-08-10T15:29:36.247584+00:00 | pingStartedAt=2026-08-10T15:29:36.259783+00:00 | pingCompletedAt=2026-08-10T15:29:36.269783+00:00 | queueWaitMs=1 | pingDurationMs=10 | dueLagMs=1173 | outcome=scanned | workers_active=20 | queue_depth=0
2026-08-10 20:29:36 | INFO | monitor_claim | Device scan claim released | deviceId=6a79ee60db8727cabe0f7eaa | claimId=4991fba7a164421d8ec1fe2d4cc63042
2026-08-10 20:29:36 | INFO | monitor_claim | Device scan claimed | deviceId=6a79ee60db8727cabe0f7eac | claimId=4a29aa8f92e146c1ab17b1d2bea8b075 | claimedAt=2026-08-10T15:29:36.309919+00:00 | nextCheckAt=2026-08-10T15:30:06.309919+00:00 | scanClaimExpiresAt=2026-08-10T15:29:51.309919+00:00 | ttlSeconds=15.0 | intervalSeconds=30
2026-08-10 20:29:36 | INFO | monitor_runtime | Dispatch scan completed | dispatchId=load | claimId=4a29aa8f92e146c1ab17b1d2bea8b075 | deviceId=6a79ee60db8727cabe0f7eac | nextCheckAt=2026-08-10T15:30:06.309919+00:00 | claimedAt=2026-08-10T15:29:36.309919+00:00 | pingStartedAt=2026-08-10T15:29:36.315470+00:00 | pingCompletedAt=2026-08-10T15:29:36.325470+00:00 | queueWaitMs=0 | pingDurationMs=10 | dueLagMs=1228 | outcome=scanned | workers_active=20 | queue_depth=0
2026-08-10 20:29:36 | INFO | monitor_claim | Device scan claim released | deviceId=6a79ee60db8727cabe0f7eac | claimId=4a29aa8f92e146c1ab17b1d2bea8b075
2026-08-10 20:29:36 | INFO | monitor_claim | Device scan claimed | deviceId=6a79ee60db8727cabe0f7ead | claimId=4f0fff4fc2c44922b3db35e1b196557d | claimedAt=2026-08-10T15:29:36.365453+00:00 | nextCheckAt=2026-08-10T15:30:06.365453+00:00 | scanClaimExpiresAt=2026-08-10T15:29:51.365453+00:00 | ttlSeconds=15.0 | intervalSeconds=30
2026-08-10 20:29:39 | INFO | monitor_runtime | Dispatch scan completed | dispatchId=load | claimId=ef07f27207f64d7291d6bd4df38ca761 | deviceId=6a79ee60db8727cabe0f7e87 | nextCheckAt=2026-08-10T15:30:06.107151+00:00 | claimedAt=2026-08-10T15:29:36.107151+00:00 | pingStartedAt=2026-08-10T15:29:36.118591+00:00 | pingCompletedAt=2026-08-10T15:29:39.118591+00:00 | queueWaitMs=0 | pingDurationMs=3000 | dueLagMs=1031 | outcome=scanned | workers_active=20 | queue_depth=0
2026-08-10 20:29:39 | INFO | monitor_claim | Device scan claim released | deviceId=6a79ee60db8727cabe0f7e87 | claimId=ef07f27207f64d7291d6bd4df38ca761
2026-08-10 20:29:39 | INFO | monitor_runtime | Dispatch scan completed | dispatchId=load | claimId=bc7792d00f2748b9a50751baaab793ee | deviceId=6a79ee60db8727cabe0f7e89 | nextCheckAt=2026-08-10T15:30:06.107151+00:00 | claimedAt=2026-08-10T15:29:36.107151+00:00 | pingStartedAt=2026-08-10T15:29:36.119937+00:00 | pingCompletedAt=2026-08-10T15:29:39.119937+00:00 | queueWaitMs=1 | pingDurationMs=3000 | dueLagMs=1033 | outcome=scanned | workers_active=20 | queue_depth=0
2026-08-10 20:29:39 | INFO | monitor_claim | Device scan claim released | deviceId=6a79ee60db8727cabe0f7e89 | claimId=bc7792d00f2748b9a50751baaab793ee
2026-08-10 20:29:39 | INFO | monitor_runtime | Dispatch scan completed | dispatchId=load | claimId=3a48d4d0a4954d919ee7c0a4b10a31a3 | deviceId=6a79ee60db8727cabe0f7e8b | nextCheckAt=2026-08-10T15:30:06.107151+00:00 | claimedAt=2026-08-10T15:29:36.107151+00:00 | pingStartedAt=2026-08-10T15:29:36.121953+00:00 | pingCompletedAt=2026-08-10T15:29:39.121953+00:00 | queueWaitMs=0 | pingDurationMs=3000 | dueLagMs=1035 | outcome=scanned | workers_active=18 | queue_depth=0
2026-08-10 20:29:39 | INFO | monitor_claim | Device scan claim released | deviceId=6a79ee60db8727cabe0f7e8b | claimId=3a48d4d0a4954d919ee7c0a4b10a31a3
2026-08-10 20:29:39 | INFO | monitor_runtime | Dispatch scan completed | dispatchId=load | claimId=0ef974dc377a4d71a441ebb72188332b | deviceId=6a79ee60db8727cabe0f7e8d | nextCheckAt=2026-08-10T15:30:06.107151+00:00 | claimedAt=2026-08-10T15:29:36.107151+00:00 | pingStartedAt=2026-08-10T15:29:36.123472+00:00 | pingCompletedAt=2026-08-10T15:29:39.123472+00:00 | queueWaitMs=0 | pingDurationMs=3000 | dueLagMs=1036 | outcome=scanned | workers_active=17 | queue_depth=0
2026-08-10 20:29:39 | INFO | monitor_claim | Device scan claim released | deviceId=6a79ee60db8727cabe0f7e8d | claimId=0ef974dc377a4d71a441ebb72188332b
2026-08-10 20:29:39 | INFO | monitor_runtime | Dispatch scan completed | dispatchId=load | claimId=19765c4944874f0d9858906a911591d0 | deviceId=6a79ee60db8727cabe0f7e8f | nextCheckAt=2026-08-10T15:30:06.107151+00:00 | claimedAt=2026-08-10T15:29:36.107151+00:00 | pingStartedAt=2026-08-10T15:29:36.124994+00:00 | pingCompletedAt=2026-08-10T15:29:39.124994+00:00 | queueWaitMs=1 | pingDurationMs=3000 | dueLagMs=1038 | outcome=scanned | workers_active=16 | queue_depth=0
2026-08-10 20:29:39 | INFO | monitor_claim | Device scan claim released | deviceId=6a79ee60db8727cabe0f7e8f | claimId=19765c4944874f0d9858906a911591d0
2026-08-10 20:29:39 | INFO | monitor_claim | Device scan claimed | deviceId=6a79ee60db8727cabe0f7eae | claimId=1a30ca31e7f84dfdbceb81f1e59733dc | claimedAt=2026-08-10T15:29:39.126002+00:00 | nextCheckAt=2026-08-10T15:30:09.126002+00:00 | scanClaimExpiresAt=2026-08-10T15:29:54.126002+00:00 | ttlSeconds=15.0 | intervalSeconds=30
2026-08-10 20:29:39 | INFO | monitor_claim | Device scan claimed | deviceId=6a79ee60db8727cabe0f7eaf | claimId=4d5e8f11224747bb8d3ac7c69c13c555 | claimedAt=2026-08-10T15:29:39.126002+00:00 | nextCheckAt=2026-08-10T15:30:09.126002+00:00 | scanClaimExpiresAt=2026-08-10T15:29:54.126002+00:00 | ttlSeconds=15.0 | intervalSeconds=30
2026-08-10 20:29:39 | INFO | monitor_runtime | Dispatch scan completed | dispatchId=load | claimId=50e5f79f25f647a58a2f41dc98bc8711 | deviceId=6a79ee60db8727cabe0f7e91 | nextCheckAt=2026-08-10T15:30:06.107151+00:00 | claimedAt=2026-08-10T15:29:36.107151+00:00 | pingStartedAt=2026-08-10T15:29:36.126002+00:00 | pingCompletedAt=2026-08-10T15:29:39.126002+00:00 | queueWaitMs=0 | pingDurationMs=3000 | dueLagMs=1039 | outcome=scanned | workers_active=15 | queue_depth=0
2026-08-10 20:29:39 | INFO | monitor_claim | Device scan claimed | deviceId=6a79ee60db8727cabe0f7eb0 | claimId=fad2f78301154e94a9ccb10e6b172a55 | claimedAt=2026-08-10T15:29:39.126002+00:00 | nextCheckAt=2026-08-10T15:30:09.126002+00:00 | scanClaimExpiresAt=2026-08-10T15:29:54.126002+00:00 | ttlSeconds=15.0 | intervalSeconds=30
2026-08-10 20:29:39 | INFO | monitor_runtime | Dispatch scan completed | dispatchId=load | claimId=cc94ee7ce91444fe943a8682b4702c4f | deviceId=6a79ee60db8727cabe0f7e93 | nextCheckAt=2026-08-10T15:30:06.107151+00:00 | claimedAt=2026-08-10T15:29:36.107151+00:00 | pingStartedAt=2026-08-10T15:29:36.131643+00:00 | pingCompletedAt=2026-08-10T15:29:39.131643+00:00 | queueWaitMs=2 | pingDurationMs=3000 | dueLagMs=1044 | outcome=scanned | workers_active=16 | queue_depth=1
2026-08-10 20:29:39 | INFO | monitor_claim | Device scan claim released | deviceId=6a79ee60db8727cabe0f7e91 | claimId=50e5f79f25f647a58a2f41dc98bc8711
2026-08-10 20:29:39 | INFO | monitor_claim | Device scan claimed | deviceId=6a79ee60db8727cabe0f7eb1 | claimId=d0d5039ab25943149f575a5bc185b77a | claimedAt=2026-08-10T15:29:39.126002+00:00 | nextCheckAt=2026-08-10T15:30:09.126002+00:00 | scanClaimExpiresAt=2026-08-10T15:29:54.126002+00:00 | ttlSeconds=15.0 | intervalSeconds=30
2026-08-10 20:29:39 | INFO | monitor_runtime | Dispatch scan completed | dispatchId=load | claimId=0c6090a695334def9184f6bb2f1d75c1 | deviceId=6a79ee60db8727cabe0f7e95 | nextCheckAt=2026-08-10T15:30:06.107151+00:00 | claimedAt=2026-08-10T15:29:36.107151+00:00 | pingStartedAt=2026-08-10T15:29:36.134230+00:00 | pingCompletedAt=2026-08-10T15:29:39.134230+00:00 | queueWaitMs=0 | pingDurationMs=3000 | dueLagMs=1047 | outcome=scanned | workers_active=17 | queue_depth=1
2026-08-10 20:29:39 | INFO | monitor_claim | Device scan claim released | deviceId=6a79ee60db8727cabe0f7e93 | claimId=cc94ee7ce91444fe943a8682b4702c4f
2026-08-10 20:29:39 | INFO | monitor_claim | Device scan claimed | deviceId=6a79ee60db8727cabe0f7eb2 | claimId=93e5426bcaf14cf38e2b245267d6d0a8 | claimedAt=2026-08-10T15:29:39.126002+00:00 | nextCheckAt=2026-08-10T15:30:09.126002+00:00 | scanClaimExpiresAt=2026-08-10T15:29:54.126002+00:00 | ttlSeconds=15.0 | intervalSeconds=30
2026-08-10 20:29:39 | INFO | monitor_claim | Device scan claim released | deviceId=6a79ee60db8727cabe0f7e95 | claimId=0c6090a695334def9184f6bb2f1d75c1
2026-08-10 20:29:39 | INFO | monitor_claim | Device scan claimed | deviceId=6a79ee60db8727cabe0f7eb3 | claimId=0e91457fa0ec44229a0f7da4dba958f7 | claimedAt=2026-08-10T15:29:39.135242+00:00 | nextCheckAt=2026-08-10T15:30:09.135242+00:00 | scanClaimExpiresAt=2026-08-10T15:29:54.135242+00:00 | ttlSeconds=15.0 | intervalSeconds=30
2026-08-10 20:29:39 | INFO | monitor_runtime | Dispatch scan completed | dispatchId=load | claimId=51a8350b606a408fb7bc315bb48bbecb | deviceId=6a79ee60db8727cabe0f7e97 | nextCheckAt=2026-08-10T15:30:06.107151+00:00 | claimedAt=2026-08-10T15:29:36.107151+00:00 | pingStartedAt=2026-08-10T15:29:36.140808+00:00 | pingCompletedAt=2026-08-10T15:29:39.140808+00:00 | queueWaitMs=0 | pingDurationMs=3000 | dueLagMs=1054 | outcome=scanned | workers_active=17 | queue_depth=0
2026-08-10 20:29:39 | INFO | monitor_claim | Device scan claimed | deviceId=6a79ee60db8727cabe0f7eb4 | claimId=a512431dfff74909ade5613113189f77 | claimedAt=2026-08-10T15:29:39.135242+00:00 | nextCheckAt=2026-08-10T15:30:09.135242+00:00 | scanClaimExpiresAt=2026-08-10T15:29:54.135242+00:00 | ttlSeconds=15.0 | intervalSeconds=30
2026-08-10 20:29:39 | INFO | monitor_runtime | Dispatch scan completed | dispatchId=load | claimId=1a30ca31e7f84dfdbceb81f1e59733dc | deviceId=6a79ee60db8727cabe0f7eae | nextCheckAt=2026-08-10T15:30:09.126002+00:00 | claimedAt=2026-08-10T15:29:39.126002+00:00 | pingStartedAt=2026-08-10T15:29:39.132372+00:00 | pingCompletedAt=2026-08-10T15:29:39.142372+00:00 | queueWaitMs=2 | pingDurationMs=10 | dueLagMs=4045 | outcome=scanned | workers_active=18 | queue_depth=0
2026-08-10 20:29:39 | INFO | monitor_claim | Device scan claim released | deviceId=6a79ee60db8727cabe0f7e97 | claimId=51a8350b606a408fb7bc315bb48bbecb
2026-08-10 20:29:39 | INFO | monitor_runtime | Dispatch scan completed | dispatchId=load | claimId=fad2f78301154e94a9ccb10e6b172a55 | deviceId=6a79ee60db8727cabe0f7eb0 | nextCheckAt=2026-08-10T15:30:09.126002+00:00 | claimedAt=2026-08-10T15:29:39.126002+00:00 | pingStartedAt=2026-08-10T15:29:39.137636+00:00 | pingCompletedAt=2026-08-10T15:29:39.147636+00:00 | queueWaitMs=0 | pingDurationMs=10 | dueLagMs=4050 | outcome=scanned | workers_active=18 | queue_depth=1
2026-08-10 20:29:39 | INFO | monitor_runtime | Dispatch scan completed | dispatchId=load | claimId=7ed842ce2a494ca1acca2698fc4d08cf | deviceId=6a79ee60db8727cabe0f7e99 | nextCheckAt=2026-08-10T15:30:06.107151+00:00 | claimedAt=2026-08-10T15:29:36.107151+00:00 | pingStartedAt=2026-08-10T15:29:36.147636+00:00 | pingCompletedAt=2026-08-10T15:29:39.147636+00:00 | queueWaitMs=4 | pingDurationMs=3000 | dueLagMs=1060 | outcome=scanned | workers_active=18 | queue_depth=1
2026-08-10 20:29:39 | INFO | monitor_claim | Device scan claimed | deviceId=6a79ee60db8727cabe0f7eb5 | claimId=ba7141c9f30645f080bb9eedf78aed0a | claimedAt=2026-08-10T15:29:39.142372+00:00 | nextCheckAt=2026-08-10T15:30:09.142372+00:00 | scanClaimExpiresAt=2026-08-10T15:29:54.142372+00:00 | ttlSeconds=15.0 | intervalSeconds=30
2026-08-10 20:29:39 | INFO | monitor_runtime | Dispatch scan completed | dispatchId=load | claimId=1f54251877a144098eeca82ce7ed2644 | deviceId=6a79ee60db8727cabe0f7e9b | nextCheckAt=2026-08-10T15:30:06.140787+00:00 | claimedAt=2026-08-10T15:29:36.140787+00:00 | pingStartedAt=2026-08-10T15:29:36.149068+00:00 | pingCompletedAt=2026-08-10T15:29:39.149068+00:00 | queueWaitMs=0 | pingDurationMs=3000 | dueLagMs=1062 | outcome=scanned | workers_active=19 | queue_depth=0
2026-08-10 20:29:39 | INFO | monitor_claim | Device scan claim released | deviceId=6a79ee60db8727cabe0f7eae | claimId=1a30ca31e7f84dfdbceb81f1e59733dc
2026-08-10 20:29:39 | INFO | monitor_runtime | Dispatch scan completed | dispatchId=load | claimId=93e5426bcaf14cf38e2b245267d6d0a8 | deviceId=6a79ee60db8727cabe0f7eb2 | nextCheckAt=2026-08-10T15:30:09.126002+00:00 | claimedAt=2026-08-10T15:29:39.126002+00:00 | pingStartedAt=2026-08-10T15:29:39.141103+00:00 | pingCompletedAt=2026-08-10T15:29:39.151103+00:00 | queueWaitMs=5 | pingDurationMs=10 | dueLagMs=4054 | outcome=scanned | workers_active=18 | queue_depth=0
2026-08-10 20:29:39 | INFO | monitor_claim | Device scan claim released | deviceId=6a79ee60db8727cabe0f7eb0 | claimId=fad2f78301154e94a9ccb10e6b172a55
2026-08-10 20:29:39 | INFO | monitor_runtime | Dispatch scan completed | dispatchId=load | claimId=e8a3654c2fe94f8d90f45c1d0b244bcf | deviceId=6a79ee60db8727cabe0f7e9d | nextCheckAt=2026-08-10T15:30:06.140787+00:00 | claimedAt=2026-08-10T15:29:36.140787+00:00 | pingStartedAt=2026-08-10T15:29:36.154649+00:00 | pingCompletedAt=2026-08-10T15:29:39.154649+00:00 | queueWaitMs=2 | pingDurationMs=3000 | dueLagMs=1067 | outcome=scanned | workers_active=18 | queue_depth=1
2026-08-10 20:29:39 | INFO | monitor_claim | Device scan claim released | deviceId=6a79ee60db8727cabe0f7e99 | claimId=7ed842ce2a494ca1acca2698fc4d08cf
2026-08-10 20:29:39 | INFO | monitor_runtime | Dispatch scan completed | dispatchId=load | claimId=7a799c6f1c4c435fb0cdeea2c466f80a | deviceId=6a79ee60db8727cabe0f7e9f | nextCheckAt=2026-08-10T15:30:06.140787+00:00 | claimedAt=2026-08-10T15:29:36.140787+00:00 | pingStartedAt=2026-08-10T15:29:36.155634+00:00 | pingCompletedAt=2026-08-10T15:29:39.155634+00:00 | queueWaitMs=1 | pingDurationMs=3000 | dueLagMs=1068 | outcome=scanned | workers_active=18 | queue_depth=1
2026-08-10 20:29:39 | INFO | monitor_claim | Device scan claimed | deviceId=6a79ee60db8727cabe0f7eb6 | claimId=4566fbbe9bd44d208f0ba9fa56832d22 | claimedAt=2026-08-10T15:29:39.151103+00:00 | nextCheckAt=2026-08-10T15:30:09.151103+00:00 | scanClaimExpiresAt=2026-08-10T15:29:54.151103+00:00 | ttlSeconds=15.0 | intervalSeconds=30
2026-08-10 20:29:39 | INFO | monitor_runtime | Dispatch scan completed | dispatchId=load | claimId=a512431dfff74909ade5613113189f77 | deviceId=6a79ee60db8727cabe0f7eb4 | nextCheckAt=2026-08-10T15:30:09.135242+00:00 | claimedAt=2026-08-10T15:29:39.135242+00:00 | pingStartedAt=2026-08-10T15:29:39.151141+00:00 | pingCompletedAt=2026-08-10T15:29:39.161141+00:00 | queueWaitMs=6 | pingDurationMs=10 | dueLagMs=4064 | outcome=scanned | workers_active=17 | queue_depth=0
2026-08-10 20:29:39 | INFO | monitor_claim | Device scan claim released | deviceId=6a79ee60db8727cabe0f7e9b | claimId=1f54251877a144098eeca82ce7ed2644
2026-08-10 20:29:39 | INFO | monitor_claim | Device scan claim released | deviceId=6a79ee60db8727cabe0f7eb2 | claimId=93e5426bcaf14cf38e2b245267d6d0a8
2026-08-10 20:29:39 | INFO | monitor_claim | Device scan claim released | deviceId=6a79ee60db8727cabe0f7e9d | claimId=e8a3654c2fe94f8d90f45c1d0b244bcf
2026-08-10 20:29:39 | INFO | monitor_claim | Device scan claim released | deviceId=6a79ee60db8727cabe0f7e9f | claimId=7a799c6f1c4c435fb0cdeea2c466f80a
2026-08-10 20:29:39 | INFO | monitor_claim | Device scan claimed | deviceId=6a79ee60db8727cabe0f7eb7 | claimId=84313889c95d4766a8b5dca0381ea0de | claimedAt=2026-08-10T15:29:39.158151+00:00 | nextCheckAt=2026-08-10T15:30:09.158151+00:00 | scanClaimExpiresAt=2026-08-10T15:29:54.158151+00:00 | ttlSeconds=15.0 | intervalSeconds=30
2026-08-10 20:29:39 | INFO | monitor_claim | Device scan claim released | deviceId=6a79ee60db8727cabe0f7eb4 | claimId=a512431dfff74909ade5613113189f77
2026-08-10 20:29:39 | INFO | monitor_claim | Device scan claimed | deviceId=6a79ee60db8727cabe0f7eb8 | claimId=755da84c551a441d83844ca0afd87089 | claimedAt=2026-08-10T15:29:39.158151+00:00 | nextCheckAt=2026-08-10T15:30:09.158151+00:00 | scanClaimExpiresAt=2026-08-10T15:29:54.158151+00:00 | ttlSeconds=15.0 | intervalSeconds=30
2026-08-10 20:29:39 | INFO | monitor_claim | Device scan claimed | deviceId=6a79ee60db8727cabe0f7eb9 | claimId=45ef03080baa47f5bea582b71f315476 | claimedAt=2026-08-10T15:29:39.158151+00:00 | nextCheckAt=2026-08-10T15:30:09.158151+00:00 | scanClaimExpiresAt=2026-08-10T15:29:54.158151+00:00 | ttlSeconds=15.0 | intervalSeconds=30
2026-08-10 20:29:39 | INFO | monitor_claim | Device scan claimed | deviceId=6a79ee60db8727cabe0f7eba | claimId=a5f55b68131f418abdb031ef7cdce83b | claimedAt=2026-08-10T15:29:39.162997+00:00 | nextCheckAt=2026-08-10T15:30:09.162997+00:00 | scanClaimExpiresAt=2026-08-10T15:29:54.162997+00:00 | ttlSeconds=15.0 | intervalSeconds=30
2026-08-10 20:29:39 | INFO | monitor_runtime | Dispatch scan completed | dispatchId=load | claimId=1e5903acbbd24f809f08fb5aa5768151 | deviceId=6a79ee60db8727cabe0f7ea1 | nextCheckAt=2026-08-10T15:30:06.154668+00:00 | claimedAt=2026-08-10T15:29:36.154668+00:00 | pingStartedAt=2026-08-10T15:29:36.165591+00:00 | pingCompletedAt=2026-08-10T15:29:39.165591+00:00 | queueWaitMs=2 | pingDurationMs=3000 | dueLagMs=1078 | outcome=scanned | workers_active=15 | queue_depth=0
2026-08-10 20:29:39 | INFO | monitor_claim | Device scan claim released | deviceId=6a79ee60db8727cabe0f7ea1 | claimId=1e5903acbbd24f809f08fb5aa5768151
2026-08-10 20:29:39 | INFO | monitor_claim | Device scan claimed | deviceId=6a79ee60db8727cabe0f7ebb | claimId=198e935283f84a9bae161919dbd42d32 | claimedAt=2026-08-10T15:29:39.162997+00:00 | nextCheckAt=2026-08-10T15:30:09.162997+00:00 | scanClaimExpiresAt=2026-08-10T15:29:54.162997+00:00 | ttlSeconds=15.0 | intervalSeconds=30
2026-08-10 20:29:39 | INFO | monitor_claim | Device scan claimed | deviceId=6a79ee60db8727cabe0f7ebc | claimId=d716052c3ca34654b87ac671cd750b20 | claimedAt=2026-08-10T15:29:39.162997+00:00 | nextCheckAt=2026-08-10T15:30:09.162997+00:00 | scanClaimExpiresAt=2026-08-10T15:29:54.162997+00:00 | ttlSeconds=15.0 | intervalSeconds=30
2026-08-10 20:29:39 | INFO | monitor_claim | Device scan claimed | deviceId=6a79ee60db8727cabe0f7ebd | claimId=c51cd651b6ea478890cfc84031ac0986 | claimedAt=2026-08-10T15:29:39.162997+00:00 | nextCheckAt=2026-08-10T15:30:09.162997+00:00 | scanClaimExpiresAt=2026-08-10T15:29:54.162997+00:00 | ttlSeconds=15.0 | intervalSeconds=30
2026-08-10 20:29:39 | INFO | monitor_claim | Device scan claimed | deviceId=6a79ee60db8727cabe0f7ebe | claimId=2d51a41a93e2481892d9b9f83fd3bc78 | claimedAt=2026-08-10T15:29:39.162997+00:00 | nextCheckAt=2026-08-10T15:30:09.162997+00:00 | scanClaimExpiresAt=2026-08-10T15:29:54.162997+00:00 | ttlSeconds=15.0 | intervalSeconds=30
2026-08-10 20:29:39 | INFO | monitor_claim | Device scan claimed | deviceId=6a79ee60db8727cabe0f7ebf | claimId=49f28d20eb2b489084ba67311a6d4f82 | claimedAt=2026-08-10T15:29:39.169759+00:00 | nextCheckAt=2026-08-10T15:30:09.169759+00:00 | scanClaimExpiresAt=2026-08-10T15:29:54.169759+00:00 | ttlSeconds=15.0 | intervalSeconds=30
2026-08-10 20:29:39 | INFO | monitor_runtime | Dispatch scan completed | dispatchId=load | claimId=4566fbbe9bd44d208f0ba9fa56832d22 | deviceId=6a79ee60db8727cabe0f7eb6 | nextCheckAt=2026-08-10T15:30:09.151103+00:00 | claimedAt=2026-08-10T15:29:39.151103+00:00 | pingStartedAt=2026-08-10T15:29:39.162289+00:00 | pingCompletedAt=2026-08-10T15:29:39.172289+00:00 | queueWaitMs=2 | pingDurationMs=10 | dueLagMs=4075 | outcome=scanned | workers_active=19 | queue_depth=0
2026-08-10 20:29:39 | INFO | monitor_claim | Device scan claim released | deviceId=6a79ee60db8727cabe0f7eb6 | claimId=4566fbbe9bd44d208f0ba9fa56832d22
2026-08-10 20:29:39 | INFO | monitor_runtime | Dispatch scan completed | dispatchId=load | claimId=755da84c551a441d83844ca0afd87089 | deviceId=6a79ee60db8727cabe0f7eb8 | nextCheckAt=2026-08-10T15:30:09.158151+00:00 | claimedAt=2026-08-10T15:29:39.158151+00:00 | pingStartedAt=2026-08-10T15:29:39.166289+00:00 | pingCompletedAt=2026-08-10T15:29:39.176289+00:00 | queueWaitMs=2 | pingDurationMs=10 | dueLagMs=4079 | outcome=scanned | workers_active=19 | queue_depth=0
2026-08-10 20:29:39 | INFO | monitor_claim | Device scan claim released | deviceId=6a79ee60db8727cabe0f7eb8 | claimId=755da84c551a441d83844ca0afd87089
2026-08-10 20:29:39 | INFO | monitor_runtime | Dispatch scan completed | dispatchId=load | claimId=cccdeda640e34a15b6742d5cfa99ab6b | deviceId=6a79ee60db8727cabe0f7ea3 | nextCheckAt=2026-08-10T15:30:06.154668+00:00 | claimedAt=2026-08-10T15:29:36.154668+00:00 | pingStartedAt=2026-08-10T15:29:36.177315+00:00 | pingCompletedAt=2026-08-10T15:29:39.177315+00:00 | queueWaitMs=9 | pingDurationMs=3000 | dueLagMs=1090 | outcome=scanned | workers_active=18 | queue_depth=0
2026-08-10 20:29:39 | INFO | monitor_claim | Device scan claim released | deviceId=6a79ee60db8727cabe0f7ea3 | claimId=cccdeda640e34a15b6742d5cfa99ab6b
2026-08-10 20:29:39 | INFO | monitor_runtime | Dispatch scan completed | dispatchId=load | claimId=a5f55b68131f418abdb031ef7cdce83b | deviceId=6a79ee60db8727cabe0f7eba | nextCheckAt=2026-08-10T15:30:09.162997+00:00 | claimedAt=2026-08-10T15:29:39.162997+00:00 | pingStartedAt=2026-08-10T15:29:39.168328+00:00 | pingCompletedAt=2026-08-10T15:29:39.178328+00:00 | queueWaitMs=1 | pingDurationMs=10 | dueLagMs=4081 | outcome=scanned | workers_active=17 | queue_depth=0
2026-08-10 20:29:39 | INFO | monitor_claim | Device scan claim released | deviceId=6a79ee60db8727cabe0f7eba | claimId=a5f55b68131f418abdb031ef7cdce83b
2026-08-10 20:29:39 | INFO | monitor_runtime | Dispatch scan completed | dispatchId=load | claimId=d716052c3ca34654b87ac671cd750b20 | deviceId=6a79ee60db8727cabe0f7ebc | nextCheckAt=2026-08-10T15:30:09.162997+00:00 | claimedAt=2026-08-10T15:29:39.162997+00:00 | pingStartedAt=2026-08-10T15:29:39.170353+00:00 | pingCompletedAt=2026-08-10T15:29:39.180353+00:00 | queueWaitMs=1 | pingDurationMs=10 | dueLagMs=4083 | outcome=scanned | workers_active=16 | queue_depth=0
2026-08-10 20:29:39 | INFO | monitor_claim | Device scan claim released | deviceId=6a79ee60db8727cabe0f7ebc | claimId=d716052c3ca34654b87ac671cd750b20
2026-08-10 20:29:39 | INFO | monitor_runtime | Dispatch scan completed | dispatchId=load | claimId=2d51a41a93e2481892d9b9f83fd3bc78 | deviceId=6a79ee60db8727cabe0f7ebe | nextCheckAt=2026-08-10T15:30:09.162997+00:00 | claimedAt=2026-08-10T15:29:39.162997+00:00 | pingStartedAt=2026-08-10T15:29:39.172877+00:00 | pingCompletedAt=2026-08-10T15:29:39.182877+00:00 | queueWaitMs=2 | pingDurationMs=10 | dueLagMs=4086 | outcome=scanned | workers_active=15 | queue_depth=0
2026-08-10 20:29:39 | INFO | monitor_claim | Device scan claim released | deviceId=6a79ee60db8727cabe0f7ebe | claimId=2d51a41a93e2481892d9b9f83fd3bc78
2026-08-10 20:29:39 | INFO | monitor_runtime | Dispatch scan completed | dispatchId=load | claimId=921ec1d1fc4943da9d8c8a8526c89143 | deviceId=6a79ee60db8727cabe0f7ea5 | nextCheckAt=2026-08-10T15:30:06.179223+00:00 | claimedAt=2026-08-10T15:29:36.179223+00:00 | pingStartedAt=2026-08-10T15:29:36.190950+00:00 | pingCompletedAt=2026-08-10T15:29:39.190950+00:00 | queueWaitMs=0 | pingDurationMs=3000 | dueLagMs=1104 | outcome=scanned | workers_active=14 | queue_depth=0
2026-08-10 20:29:39 | INFO | monitor_claim | Device scan claim released | deviceId=6a79ee60db8727cabe0f7ea5 | claimId=921ec1d1fc4943da9d8c8a8526c89143
2026-08-10 20:29:39 | INFO | monitor_runtime | Dispatch scan completed | dispatchId=load | claimId=136bad0a72474f7b8cdc4b0344eccdc1 | deviceId=6a79ee60db8727cabe0f7ea7 | nextCheckAt=2026-08-10T15:30:06.179223+00:00 | claimedAt=2026-08-10T15:29:36.179223+00:00 | pingStartedAt=2026-08-10T15:29:36.196485+00:00 | pingCompletedAt=2026-08-10T15:29:39.196485+00:00 | queueWaitMs=5 | pingDurationMs=3000 | dueLagMs=1109 | outcome=scanned | workers_active=13 | queue_depth=0
2026-08-10 20:29:39 | INFO | monitor_claim | Device scan claim released | deviceId=6a79ee60db8727cabe0f7ea7 | claimId=136bad0a72474f7b8cdc4b0344eccdc1
2026-08-10 20:29:39 | INFO | monitor_claim | Device scan claimed | deviceId=6a79ee60db8727cabe0f7ec0 | claimId=33f7ea18f80c45de9eb79f44a65b4910 | claimedAt=2026-08-10T15:29:39.223287+00:00 | nextCheckAt=2026-08-10T15:30:09.223287+00:00 | scanClaimExpiresAt=2026-08-10T15:29:54.223287+00:00 | ttlSeconds=15.0 | intervalSeconds=30
2026-08-10 20:29:39 | INFO | monitor_claim | Device scan claimed | deviceId=6a79ee60db8727cabe0f7ec1 | claimId=e1dac2c5e6e94034a8ea427331087c6b | claimedAt=2026-08-10T15:29:39.223287+00:00 | nextCheckAt=2026-08-10T15:30:09.223287+00:00 | scanClaimExpiresAt=2026-08-10T15:29:54.223287+00:00 | ttlSeconds=15.0 | intervalSeconds=30
2026-08-10 20:29:39 | INFO | monitor_claim | Device scan claimed | deviceId=6a79ee60db8727cabe0f7ec2 | claimId=0c303ee5dc37479cb1850c5d3e604836 | claimedAt=2026-08-10T15:29:39.223287+00:00 | nextCheckAt=2026-08-10T15:30:09.223287+00:00 | scanClaimExpiresAt=2026-08-10T15:29:54.223287+00:00 | ttlSeconds=15.0 | intervalSeconds=30
2026-08-10 20:29:39 | INFO | monitor_claim | Device scan claimed | deviceId=6a79ee60db8727cabe0f7ec3 | claimId=77ec9a511e6d48ba884740f7299b2d76 | claimedAt=2026-08-10T15:29:39.223287+00:00 | nextCheckAt=2026-08-10T15:30:09.223287+00:00 | scanClaimExpiresAt=2026-08-10T15:29:54.223287+00:00 | ttlSeconds=15.0 | intervalSeconds=30
2026-08-10 20:29:39 | INFO | monitor_claim | Device scan claimed | deviceId=6a79ee60db8727cabe0f7ec4 | claimId=5f8af7dae837410ba932adfb37dafb45 | claimedAt=2026-08-10T15:29:39.223287+00:00 | nextCheckAt=2026-08-10T15:30:09.223287+00:00 | scanClaimExpiresAt=2026-08-10T15:29:54.223287+00:00 | ttlSeconds=15.0 | intervalSeconds=30
2026-08-10 20:29:39 | INFO | monitor_claim | Device scan claimed | deviceId=6a79ee60db8727cabe0f7ec5 | claimId=e7c43358b0e7401fa600e9bd197e0ff7 | claimedAt=2026-08-10T15:29:39.223287+00:00 | nextCheckAt=2026-08-10T15:30:09.223287+00:00 | scanClaimExpiresAt=2026-08-10T15:29:54.223287+00:00 | ttlSeconds=15.0 | intervalSeconds=30
2026-08-10 20:29:39 | INFO | monitor_claim | Device scan claimed | deviceId=6a79ee60db8727cabe0f7ec6 | claimId=c8d1a59c36f84cdeb9caa7165d473929 | claimedAt=2026-08-10T15:29:39.223287+00:00 | nextCheckAt=2026-08-10T15:30:09.223287+00:00 | scanClaimExpiresAt=2026-08-10T15:29:54.223287+00:00 | ttlSeconds=15.0 | intervalSeconds=30
2026-08-10 20:29:39 | INFO | monitor_claim | Device scan claimed | deviceId=6a79ee60db8727cabe0f7ec7 | claimId=ef0dae5511d44d879e52698813cee14d | claimedAt=2026-08-10T15:29:39.223287+00:00 | nextCheckAt=2026-08-10T15:30:09.223287+00:00 | scanClaimExpiresAt=2026-08-10T15:29:54.223287+00:00 | ttlSeconds=15.0 | intervalSeconds=30
2026-08-10 20:29:39 | INFO | monitor_runtime | Dispatch scan completed | dispatchId=load | claimId=33f7ea18f80c45de9eb79f44a65b4910 | deviceId=6a79ee60db8727cabe0f7ec0 | nextCheckAt=2026-08-10T15:30:09.223287+00:00 | claimedAt=2026-08-10T15:29:39.223287+00:00 | pingStartedAt=2026-08-10T15:29:39.227506+00:00 | pingCompletedAt=2026-08-10T15:29:39.237506+00:00 | queueWaitMs=1 | pingDurationMs=10 | dueLagMs=4140 | outcome=scanned | workers_active=20 | queue_depth=0
2026-08-10 20:29:39 | INFO | monitor_claim | Device scan claim released | deviceId=6a79ee60db8727cabe0f7ec0 | claimId=33f7ea18f80c45de9eb79f44a65b4910
2026-08-10 20:29:39 | INFO | monitor_runtime | Dispatch scan completed | dispatchId=load | claimId=0c303ee5dc37479cb1850c5d3e604836 | deviceId=6a79ee60db8727cabe0f7ec2 | nextCheckAt=2026-08-10T15:30:09.223287+00:00 | claimedAt=2026-08-10T15:29:39.223287+00:00 | pingStartedAt=2026-08-10T15:29:39.228619+00:00 | pingCompletedAt=2026-08-10T15:29:39.238619+00:00 | queueWaitMs=1 | pingDurationMs=10 | dueLagMs=4141 | outcome=scanned | workers_active=20 | queue_depth=0
2026-08-10 20:29:39 | INFO | monitor_claim | Device scan claim released | deviceId=6a79ee60db8727cabe0f7ec2 | claimId=0c303ee5dc37479cb1850c5d3e604836
2026-08-10 20:29:39 | INFO | monitor_runtime | Dispatch scan completed | dispatchId=load | claimId=5f8af7dae837410ba932adfb37dafb45 | deviceId=6a79ee60db8727cabe0f7ec4 | nextCheckAt=2026-08-10T15:30:09.223287+00:00 | claimedAt=2026-08-10T15:29:39.223287+00:00 | pingStartedAt=2026-08-10T15:29:39.230187+00:00 | pingCompletedAt=2026-08-10T15:29:39.240187+00:00 | queueWaitMs=0 | pingDurationMs=10 | dueLagMs=4143 | outcome=scanned | workers_active=18 | queue_depth=0
2026-08-10 20:29:39 | INFO | monitor_claim | Device scan claim released | deviceId=6a79ee60db8727cabe0f7ec4 | claimId=5f8af7dae837410ba932adfb37dafb45
2026-08-10 20:29:39 | INFO | monitor_runtime | Dispatch scan completed | dispatchId=load | claimId=c8d1a59c36f84cdeb9caa7165d473929 | deviceId=6a79ee60db8727cabe0f7ec6 | nextCheckAt=2026-08-10T15:30:09.223287+00:00 | claimedAt=2026-08-10T15:29:39.223287+00:00 | pingStartedAt=2026-08-10T15:29:39.231717+00:00 | pingCompletedAt=2026-08-10T15:29:39.241717+00:00 | queueWaitMs=1 | pingDurationMs=10 | dueLagMs=4145 | outcome=scanned | workers_active=17 | queue_depth=0
2026-08-10 20:29:39 | INFO | monitor_claim | Device scan claim released | deviceId=6a79ee60db8727cabe0f7ec6 | claimId=c8d1a59c36f84cdeb9caa7165d473929
2026-08-10 20:29:39 | INFO | monitor_runtime | Dispatch scan completed | dispatchId=load | claimId=5d96eebe7cff497aa798c6a9f1e4520c | deviceId=6a79ee60db8727cabe0f7ea9 | nextCheckAt=2026-08-10T15:30:06.247584+00:00 | claimedAt=2026-08-10T15:29:36.247584+00:00 | pingStartedAt=2026-08-10T15:29:36.258981+00:00 | pingCompletedAt=2026-08-10T15:29:39.258981+00:00 | queueWaitMs=1 | pingDurationMs=3000 | dueLagMs=1172 | outcome=scanned | workers_active=16 | queue_depth=0
2026-08-10 20:29:39 | INFO | monitor_claim | Device scan claim released | deviceId=6a79ee60db8727cabe0f7ea9 | claimId=5d96eebe7cff497aa798c6a9f1e4520c
2026-08-10 20:29:39 | INFO | monitor_runtime | Dispatch scan completed | dispatchId=load | claimId=e4c103397cc440dba2b339964864d046 | deviceId=6a79ee60db8727cabe0f7eab | nextCheckAt=2026-08-10T15:30:06.247584+00:00 | claimedAt=2026-08-10T15:29:36.247584+00:00 | pingStartedAt=2026-08-10T15:29:36.260499+00:00 | pingCompletedAt=2026-08-10T15:29:39.260499+00:00 | queueWaitMs=0 | pingDurationMs=3000 | dueLagMs=1173 | outcome=scanned | workers_active=15 | queue_depth=0
2026-08-10 20:29:39 | INFO | monitor_claim | Device scan claim released | deviceId=6a79ee60db8727cabe0f7eab | claimId=e4c103397cc440dba2b339964864d046
2026-08-10 20:29:39 | INFO | monitor_claim | Device scan claimed | deviceId=6a79ee60db8727cabe0f7ec8 | claimId=47d6ee7fd399430ba809ca652226fb1b | claimedAt=2026-08-10T15:29:39.282170+00:00 | nextCheckAt=2026-08-10T15:30:09.282170+00:00 | scanClaimExpiresAt=2026-08-10T15:29:54.282170+00:00 | ttlSeconds=15.0 | intervalSeconds=30
2026-08-10 20:29:39 | INFO | monitor_claim | Device scan claimed | deviceId=6a79ee60db8727cabe0f7ec9 | claimId=f62b05ecec9f4849ad552e9c117fbc45 | claimedAt=2026-08-10T15:29:39.282170+00:00 | nextCheckAt=2026-08-10T15:30:09.282170+00:00 | scanClaimExpiresAt=2026-08-10T15:29:54.282170+00:00 | ttlSeconds=15.0 | intervalSeconds=30
2026-08-10 20:29:39 | INFO | monitor_claim | Device scan claimed | deviceId=6a79ee60db8727cabe0f7eca | claimId=33b602b6842d4a0286efe2097af31b43 | claimedAt=2026-08-10T15:29:39.282170+00:00 | nextCheckAt=2026-08-10T15:30:09.282170+00:00 | scanClaimExpiresAt=2026-08-10T15:29:54.282170+00:00 | ttlSeconds=15.0 | intervalSeconds=30
2026-08-10 20:29:39 | INFO | monitor_claim | Device scan claimed | deviceId=6a79ee60db8727cabe0f7ecb | claimId=71bf2b31826f446a99ca1828ee5d7e1d | claimedAt=2026-08-10T15:29:39.282170+00:00 | nextCheckAt=2026-08-10T15:30:09.282170+00:00 | scanClaimExpiresAt=2026-08-10T15:29:54.282170+00:00 | ttlSeconds=15.0 | intervalSeconds=30
2026-08-10 20:29:39 | INFO | monitor_claim | Device scan claimed | deviceId=6a79ee60db8727cabe0f7ecc | claimId=42dc20ef05534ef58a8537b2480fa761 | claimedAt=2026-08-10T15:29:39.282170+00:00 | nextCheckAt=2026-08-10T15:30:09.282170+00:00 | scanClaimExpiresAt=2026-08-10T15:29:54.282170+00:00 | ttlSeconds=15.0 | intervalSeconds=30
2026-08-10 20:29:39 | INFO | monitor_claim | Device scan claimed | deviceId=6a79ee60db8727cabe0f7ecd | claimId=2f0c9ac2861d4d458f52285545d76913 | claimedAt=2026-08-10T15:29:39.282170+00:00 | nextCheckAt=2026-08-10T15:30:09.282170+00:00 | scanClaimExpiresAt=2026-08-10T15:29:54.282170+00:00 | ttlSeconds=15.0 | intervalSeconds=30
2026-08-10 20:29:39 | INFO | monitor_runtime | Dispatch scan completed | dispatchId=load | claimId=47d6ee7fd399430ba809ca652226fb1b | deviceId=6a79ee60db8727cabe0f7ec8 | nextCheckAt=2026-08-10T15:30:09.282170+00:00 | claimedAt=2026-08-10T15:29:39.282170+00:00 | pingStartedAt=2026-08-10T15:29:39.288087+00:00 | pingCompletedAt=2026-08-10T15:29:39.298087+00:00 | queueWaitMs=1 | pingDurationMs=10 | dueLagMs=4201 | outcome=scanned | workers_active=20 | queue_depth=0
2026-08-10 20:29:39 | INFO | monitor_claim | Device scan claim released | deviceId=6a79ee60db8727cabe0f7ec8 | claimId=47d6ee7fd399430ba809ca652226fb1b
2026-08-10 20:29:39 | INFO | monitor_runtime | Dispatch scan completed | dispatchId=load | claimId=33b602b6842d4a0286efe2097af31b43 | deviceId=6a79ee60db8727cabe0f7eca | nextCheckAt=2026-08-10T15:30:09.282170+00:00 | claimedAt=2026-08-10T15:29:39.282170+00:00 | pingStartedAt=2026-08-10T15:29:39.290616+00:00 | pingCompletedAt=2026-08-10T15:29:39.300616+00:00 | queueWaitMs=0 | pingDurationMs=10 | dueLagMs=4203 | outcome=scanned | workers_active=19 | queue_depth=0
2026-08-10 20:29:39 | INFO | monitor_claim | Device scan claim released | deviceId=6a79ee60db8727cabe0f7eca | claimId=33b602b6842d4a0286efe2097af31b43
2026-08-10 20:29:39 | INFO | monitor_runtime | Dispatch scan completed | dispatchId=load | claimId=42dc20ef05534ef58a8537b2480fa761 | deviceId=6a79ee60db8727cabe0f7ecc | nextCheckAt=2026-08-10T15:30:09.282170+00:00 | claimedAt=2026-08-10T15:29:39.282170+00:00 | pingStartedAt=2026-08-10T15:29:39.292145+00:00 | pingCompletedAt=2026-08-10T15:29:39.302145+00:00 | queueWaitMs=1 | pingDurationMs=10 | dueLagMs=4205 | outcome=scanned | workers_active=18 | queue_depth=0
2026-08-10 20:29:39 | INFO | monitor_claim | Device scan claim released | deviceId=6a79ee60db8727cabe0f7ecc | claimId=42dc20ef05534ef58a8537b2480fa761
2026-08-10 20:29:39 | INFO | monitor_claim | Device scan claimed | deviceId=6a79ee60db8727cabe0f7ece | claimId=a3ff29f4ab81455faf2953ff620984fc | claimedAt=2026-08-10T15:29:39.342400+00:00 | nextCheckAt=2026-08-10T15:30:09.342400+00:00 | scanClaimExpiresAt=2026-08-10T15:29:54.342400+00:00 | ttlSeconds=15.0 | intervalSeconds=30
2026-08-10 20:29:39 | INFO | monitor_claim | Device scan claimed | deviceId=6a79ee60db8727cabe0f7ecf | claimId=602d38204fc34eda8f815ff366d60f4a | claimedAt=2026-08-10T15:29:39.342400+00:00 | nextCheckAt=2026-08-10T15:30:09.342400+00:00 | scanClaimExpiresAt=2026-08-10T15:29:54.342400+00:00 | ttlSeconds=15.0 | intervalSeconds=30
2026-08-10 20:29:39 | INFO | monitor_claim | Device scan claimed | deviceId=6a79ee60db8727cabe0f7ed0 | claimId=0d6ef715898c44c88851439c13816e03 | claimedAt=2026-08-10T15:29:39.342400+00:00 | nextCheckAt=2026-08-10T15:30:09.342400+00:00 | scanClaimExpiresAt=2026-08-10T15:29:54.342400+00:00 | ttlSeconds=15.0 | intervalSeconds=30
2026-08-10 20:29:39 | INFO | monitor_runtime | Dispatch scan completed | dispatchId=load | claimId=a3ff29f4ab81455faf2953ff620984fc | deviceId=6a79ee60db8727cabe0f7ece | nextCheckAt=2026-08-10T15:30:09.342400+00:00 | claimedAt=2026-08-10T15:29:39.342400+00:00 | pingStartedAt=2026-08-10T15:29:39.348154+00:00 | pingCompletedAt=2026-08-10T15:29:39.358154+00:00 | queueWaitMs=0 | pingDurationMs=10 | dueLagMs=4261 | outcome=scanned | workers_active=20 | queue_depth=0
2026-08-10 20:29:39 | INFO | monitor_claim | Device scan claim released | deviceId=6a79ee60db8727cabe0f7ece | claimId=a3ff29f4ab81455faf2953ff620984fc
2026-08-10 20:29:39 | INFO | monitor_runtime | Dispatch scan completed | dispatchId=load | claimId=0d6ef715898c44c88851439c13816e03 | deviceId=6a79ee60db8727cabe0f7ed0 | nextCheckAt=2026-08-10T15:30:09.342400+00:00 | claimedAt=2026-08-10T15:29:39.342400+00:00 | pingStartedAt=2026-08-10T15:29:39.349682+00:00 | pingCompletedAt=2026-08-10T15:29:39.359682+00:00 | queueWaitMs=0 | pingDurationMs=10 | dueLagMs=4263 | outcome=scanned | workers_active=20 | queue_depth=0
2026-08-10 20:29:39 | INFO | monitor_claim | Device scan claim released | deviceId=6a79ee60db8727cabe0f7ed0 | claimId=0d6ef715898c44c88851439c13816e03
2026-08-10 20:29:39 | INFO | monitor_runtime | Dispatch scan completed | dispatchId=load | claimId=4f0fff4fc2c44922b3db35e1b196557d | deviceId=6a79ee60db8727cabe0f7ead | nextCheckAt=2026-08-10T15:30:06.365453+00:00 | claimedAt=2026-08-10T15:29:36.365453+00:00 | pingStartedAt=2026-08-10T15:29:36.372086+00:00 | pingCompletedAt=2026-08-10T15:29:39.372086+00:00 | queueWaitMs=0 | pingDurationMs=3000 | dueLagMs=1285 | outcome=scanned | workers_active=18 | queue_depth=0
2026-08-10 20:29:39 | INFO | monitor_claim | Device scan claim released | deviceId=6a79ee60db8727cabe0f7ead | claimId=4f0fff4fc2c44922b3db35e1b196557d
2026-08-10 20:29:39 | INFO | monitor_claim | Device scan claimed | deviceId=6a79ee60db8727cabe0f7ed1 | claimId=66b0ca524f284e23bcb8661600696710 | claimedAt=2026-08-10T15:29:39.399462+00:00 | nextCheckAt=2026-08-10T15:30:09.399462+00:00 | scanClaimExpiresAt=2026-08-10T15:29:54.399462+00:00 | ttlSeconds=15.0 | intervalSeconds=30
2026-08-10 20:29:39 | INFO | monitor_claim | Device scan claimed | deviceId=6a79ee60db8727cabe0f7ed2 | claimId=4742548336014acbb3488ac77b7a8713 | claimedAt=2026-08-10T15:29:39.399462+00:00 | nextCheckAt=2026-08-10T15:30:09.399462+00:00 | scanClaimExpiresAt=2026-08-10T15:29:54.399462+00:00 | ttlSeconds=15.0 | intervalSeconds=30
2026-08-10 20:29:39 | INFO | monitor_claim | Device scan claimed | deviceId=6a79ee60db8727cabe0f7ed3 | claimId=b16b4246eeeb4bd29112bf9c4a7e6287 | claimedAt=2026-08-10T15:29:39.399462+00:00 | nextCheckAt=2026-08-10T15:30:09.399462+00:00 | scanClaimExpiresAt=2026-08-10T15:29:54.399462+00:00 | ttlSeconds=15.0 | intervalSeconds=30
2026-08-10 20:29:39 | INFO | monitor_runtime | Dispatch scan completed | dispatchId=load | claimId=4742548336014acbb3488ac77b7a8713 | deviceId=6a79ee60db8727cabe0f7ed2 | nextCheckAt=2026-08-10T15:30:09.399462+00:00 | claimedAt=2026-08-10T15:29:39.399462+00:00 | pingStartedAt=2026-08-10T15:29:39.402943+00:00 | pingCompletedAt=2026-08-10T15:29:39.412943+00:00 | queueWaitMs=0 | pingDurationMs=10 | dueLagMs=4316 | outcome=scanned | workers_active=20 | queue_depth=0
2026-08-10 20:29:39 | INFO | monitor_claim | Device scan claim released | deviceId=6a79ee60db8727cabe0f7ed2 | claimId=4742548336014acbb3488ac77b7a8713
2026-08-10 20:29:39 | INFO | monitor_claim | Device scan claimed | deviceId=6a79ee60db8727cabe0f7ed4 | claimId=ca35f3ee09c8401ba4cf0c460aa8637f | claimedAt=2026-08-10T15:29:39.453537+00:00 | nextCheckAt=2026-08-10T15:30:09.453537+00:00 | scanClaimExpiresAt=2026-08-10T15:29:54.453537+00:00 | ttlSeconds=15.0 | intervalSeconds=30
2026-08-10 20:29:39 | INFO | monitor_runtime | Dispatch scan completed | dispatchId=load | claimId=ca35f3ee09c8401ba4cf0c460aa8637f | deviceId=6a79ee60db8727cabe0f7ed4 | nextCheckAt=2026-08-10T15:30:09.453537+00:00 | claimedAt=2026-08-10T15:29:39.453537+00:00 | pingStartedAt=2026-08-10T15:29:39.456067+00:00 | pingCompletedAt=2026-08-10T15:29:39.466067+00:00 | queueWaitMs=0 | pingDurationMs=10 | dueLagMs=4369 | outcome=scanned | workers_active=20 | queue_depth=0
2026-08-10 20:29:39 | INFO | monitor_claim | Device scan claim released | deviceId=6a79ee60db8727cabe0f7ed4 | claimId=ca35f3ee09c8401ba4cf0c460aa8637f
2026-08-10 20:29:39 | INFO | monitor_claim | Device scan claimed | deviceId=6a79ee60db8727cabe0f7ed5 | claimId=1984d6c63a434c3e9d37aa58cf8c70f9 | claimedAt=2026-08-10T15:29:39.505679+00:00 | nextCheckAt=2026-08-10T15:30:09.505679+00:00 | scanClaimExpiresAt=2026-08-10T15:29:54.505679+00:00 | ttlSeconds=15.0 | intervalSeconds=30
2026-08-10 20:29:42 | INFO | monitor_runtime | Dispatch scan completed | dispatchId=load | claimId=4d5e8f11224747bb8d3ac7c69c13c555 | deviceId=6a79ee60db8727cabe0f7eaf | nextCheckAt=2026-08-10T15:30:09.126002+00:00 | claimedAt=2026-08-10T15:29:39.126002+00:00 | pingStartedAt=2026-08-10T15:29:39.132940+00:00 | pingCompletedAt=2026-08-10T15:29:42.132940+00:00 | queueWaitMs=1 | pingDurationMs=3000 | dueLagMs=4046 | outcome=scanned | workers_active=20 | queue_depth=0
2026-08-10 20:29:42 | INFO | monitor_claim | Device scan claim released | deviceId=6a79ee60db8727cabe0f7eaf | claimId=4d5e8f11224747bb8d3ac7c69c13c555
2026-08-10 20:29:42 | INFO | monitor_claim | Device scan claimed | deviceId=6a79ee60db8727cabe0f7ed6 | claimId=30bdeb1299e9432fa801cf92d62a50b0 | claimedAt=2026-08-10T15:29:42.140021+00:00 | nextCheckAt=2026-08-10T15:30:12.140021+00:00 | scanClaimExpiresAt=2026-08-10T15:29:57.140021+00:00 | ttlSeconds=15.0 | intervalSeconds=30
2026-08-10 20:29:42 | INFO | monitor_runtime | Dispatch scan completed | dispatchId=load | claimId=d0d5039ab25943149f575a5bc185b77a | deviceId=6a79ee60db8727cabe0f7eb1 | nextCheckAt=2026-08-10T15:30:09.126002+00:00 | claimedAt=2026-08-10T15:29:39.126002+00:00 | pingStartedAt=2026-08-10T15:29:39.167215+00:00 | pingCompletedAt=2026-08-10T15:29:42.167215+00:00 | queueWaitMs=0 | pingDurationMs=3000 | dueLagMs=4080 | outcome=scanned | workers_active=20 | queue_depth=0
2026-08-10 20:29:42 | INFO | monitor_claim | Device scan claim released | deviceId=6a79ee60db8727cabe0f7eb1 | claimId=d0d5039ab25943149f575a5bc185b77a
2026-08-10 20:29:42 | INFO | monitor_runtime | Dispatch scan completed | dispatchId=load | claimId=0e91457fa0ec44229a0f7da4dba958f7 | deviceId=6a79ee60db8727cabe0f7eb3 | nextCheckAt=2026-08-10T15:30:09.135242+00:00 | claimedAt=2026-08-10T15:29:39.135242+00:00 | pingStartedAt=2026-08-10T15:29:39.171935+00:00 | pingCompletedAt=2026-08-10T15:29:42.171935+00:00 | queueWaitMs=1 | pingDurationMs=3000 | dueLagMs=4085 | outcome=scanned | workers_active=19 | queue_depth=0
2026-08-10 20:29:42 | INFO | monitor_claim | Device scan claim released | deviceId=6a79ee60db8727cabe0f7eb3 | claimId=0e91457fa0ec44229a0f7da4dba958f7
2026-08-10 20:29:42 | INFO | monitor_runtime | Dispatch scan completed | dispatchId=load | claimId=ba7141c9f30645f080bb9eedf78aed0a | deviceId=6a79ee60db8727cabe0f7eb5 | nextCheckAt=2026-08-10T15:30:09.142372+00:00 | claimedAt=2026-08-10T15:29:39.142372+00:00 | pingStartedAt=2026-08-10T15:29:39.176544+00:00 | pingCompletedAt=2026-08-10T15:29:42.176544+00:00 | queueWaitMs=4 | pingDurationMs=3000 | dueLagMs=4089 | outcome=scanned | workers_active=19 | queue_depth=0
2026-08-10 20:29:42 | INFO | monitor_runtime | Dispatch scan completed | dispatchId=load | claimId=84313889c95d4766a8b5dca0381ea0de | deviceId=6a79ee60db8727cabe0f7eb7 | nextCheckAt=2026-08-10T15:30:09.158151+00:00 | claimedAt=2026-08-10T15:29:39.158151+00:00 | pingStartedAt=2026-08-10T15:29:39.177563+00:00 | pingCompletedAt=2026-08-10T15:29:42.177563+00:00 | queueWaitMs=0 | pingDurationMs=3000 | dueLagMs=4090 | outcome=scanned | workers_active=19 | queue_depth=0
2026-08-10 20:29:42 | INFO | monitor_claim | Device scan claim released | deviceId=6a79ee60db8727cabe0f7eb5 | claimId=ba7141c9f30645f080bb9eedf78aed0a
2026-08-10 20:29:42 | INFO | monitor_runtime | Dispatch scan completed | dispatchId=load | claimId=45ef03080baa47f5bea582b71f315476 | deviceId=6a79ee60db8727cabe0f7eb9 | nextCheckAt=2026-08-10T15:30:09.158151+00:00 | claimedAt=2026-08-10T15:29:39.158151+00:00 | pingStartedAt=2026-08-10T15:29:39.178605+00:00 | pingCompletedAt=2026-08-10T15:29:42.178605+00:00 | queueWaitMs=2 | pingDurationMs=3000 | dueLagMs=4091 | outcome=scanned | workers_active=19 | queue_depth=0
2026-08-10 20:29:42 | INFO | monitor_claim | Device scan claim released | deviceId=6a79ee60db8727cabe0f7eb7 | claimId=84313889c95d4766a8b5dca0381ea0de
2026-08-10 20:29:42 | INFO | monitor_runtime | Dispatch scan completed | dispatchId=load | claimId=c51cd651b6ea478890cfc84031ac0986 | deviceId=6a79ee60db8727cabe0f7ebd | nextCheckAt=2026-08-10T15:30:09.162997+00:00 | claimedAt=2026-08-10T15:29:39.162997+00:00 | pingStartedAt=2026-08-10T15:29:39.179588+00:00 | pingCompletedAt=2026-08-10T15:29:42.179588+00:00 | queueWaitMs=1 | pingDurationMs=3000 | dueLagMs=4092 | outcome=scanned | workers_active=19 | queue_depth=0
2026-08-10 20:29:42 | INFO | monitor_claim | Device scan claim released | deviceId=6a79ee60db8727cabe0f7eb9 | claimId=45ef03080baa47f5bea582b71f315476
2026-08-10 20:29:42 | INFO | monitor_runtime | Dispatch scan completed | dispatchId=load | claimId=198e935283f84a9bae161919dbd42d32 | deviceId=6a79ee60db8727cabe0f7ebb | nextCheckAt=2026-08-10T15:30:09.162997+00:00 | claimedAt=2026-08-10T15:29:39.162997+00:00 | pingStartedAt=2026-08-10T15:29:39.180604+00:00 | pingCompletedAt=2026-08-10T15:29:42.180604+00:00 | queueWaitMs=2 | pingDurationMs=3000 | dueLagMs=4093 | outcome=scanned | workers_active=19 | queue_depth=0
2026-08-10 20:29:42 | INFO | monitor_claim | Device scan claim released | deviceId=6a79ee60db8727cabe0f7ebd | claimId=c51cd651b6ea478890cfc84031ac0986
2026-08-10 20:29:42 | INFO | monitor_runtime | Dispatch scan completed | dispatchId=load | claimId=49f28d20eb2b489084ba67311a6d4f82 | deviceId=6a79ee60db8727cabe0f7ebf | nextCheckAt=2026-08-10T15:30:09.169759+00:00 | claimedAt=2026-08-10T15:29:39.169759+00:00 | pingStartedAt=2026-08-10T15:29:39.180604+00:00 | pingCompletedAt=2026-08-10T15:29:42.180604+00:00 | queueWaitMs=0 | pingDurationMs=3000 | dueLagMs=4093 | outcome=scanned | workers_active=19 | queue_depth=0
2026-08-10 20:29:42 | INFO | monitor_claim | Device scan claim released | deviceId=6a79ee60db8727cabe0f7ebb | claimId=198e935283f84a9bae161919dbd42d32
2026-08-10 20:29:42 | INFO | monitor_runtime | Dispatch scan completed | dispatchId=load | claimId=30bdeb1299e9432fa801cf92d62a50b0 | deviceId=6a79ee60db8727cabe0f7ed6 | nextCheckAt=2026-08-10T15:30:12.140021+00:00 | claimedAt=2026-08-10T15:29:42.140021+00:00 | pingStartedAt=2026-08-10T15:29:42.171676+00:00 | pingCompletedAt=2026-08-10T15:29:42.181676+00:00 | queueWaitMs=0 | pingDurationMs=10 | dueLagMs=7085 | outcome=scanned | workers_active=19 | queue_depth=0
2026-08-10 20:29:42 | INFO | monitor_claim | Device scan claim released | deviceId=6a79ee60db8727cabe0f7ebf | claimId=49f28d20eb2b489084ba67311a6d4f82
2026-08-10 20:29:42 | INFO | monitor_claim | Device scan claim released | deviceId=6a79ee60db8727cabe0f7ed6 | claimId=30bdeb1299e9432fa801cf92d62a50b0
2026-08-10 20:29:42 | INFO | monitor_claim | Device scan claimed | deviceId=6a79ee60db8727cabe0f7ed7 | claimId=378453c6eec64f5383b3c98edaab9e90 | claimedAt=2026-08-10T15:29:42.216977+00:00 | nextCheckAt=2026-08-10T15:30:12.216977+00:00 | scanClaimExpiresAt=2026-08-10T15:29:57.216977+00:00 | ttlSeconds=15.0 | intervalSeconds=30
2026-08-10 20:29:42 | INFO | monitor_claim | Device scan claimed | deviceId=6a79ee60db8727cabe0f7ed8 | claimId=7869beee49384b4b99a84acfd54385ec | claimedAt=2026-08-10T15:29:42.216977+00:00 | nextCheckAt=2026-08-10T15:30:12.216977+00:00 | scanClaimExpiresAt=2026-08-10T15:29:57.216977+00:00 | ttlSeconds=15.0 | intervalSeconds=30
2026-08-10 20:29:42 | INFO | monitor_claim | Device scan claimed | deviceId=6a79ee60db8727cabe0f7ed9 | claimId=95c05a695b6d4f3397a1fce5dff4ad7f | claimedAt=2026-08-10T15:29:42.216977+00:00 | nextCheckAt=2026-08-10T15:30:12.216977+00:00 | scanClaimExpiresAt=2026-08-10T15:29:57.216977+00:00 | ttlSeconds=15.0 | intervalSeconds=30
2026-08-10 20:29:42 | INFO | monitor_claim | Device scan claimed | deviceId=6a79ee60db8727cabe0f7eda | claimId=bc5b2991276b4fe89dd1cfc6d38e21c2 | claimedAt=2026-08-10T15:29:42.216977+00:00 | nextCheckAt=2026-08-10T15:30:12.216977+00:00 | scanClaimExpiresAt=2026-08-10T15:29:57.216977+00:00 | ttlSeconds=15.0 | intervalSeconds=30
2026-08-10 20:29:42 | INFO | monitor_claim | Device scan claimed | deviceId=6a79ee60db8727cabe0f7edb | claimId=871661a4ec044df0823fad32572fe4a4 | claimedAt=2026-08-10T15:29:42.216977+00:00 | nextCheckAt=2026-08-10T15:30:12.216977+00:00 | scanClaimExpiresAt=2026-08-10T15:29:57.216977+00:00 | ttlSeconds=15.0 | intervalSeconds=30
2026-08-10 20:29:42 | INFO | monitor_claim | Device scan claimed | deviceId=6a79ee60db8727cabe0f7edc | claimId=485a5aefb02e412b95c50b65a3f297f7 | claimedAt=2026-08-10T15:29:42.216977+00:00 | nextCheckAt=2026-08-10T15:30:12.216977+00:00 | scanClaimExpiresAt=2026-08-10T15:29:57.216977+00:00 | ttlSeconds=15.0 | intervalSeconds=30
2026-08-10 20:29:42 | INFO | monitor_claim | Device scan claimed | deviceId=6a79ee60db8727cabe0f7edd | claimId=4a9e59f1b80f4370a7793e1c652b98c6 | claimedAt=2026-08-10T15:29:42.216977+00:00 | nextCheckAt=2026-08-10T15:30:12.216977+00:00 | scanClaimExpiresAt=2026-08-10T15:29:57.216977+00:00 | ttlSeconds=15.0 | intervalSeconds=30
2026-08-10 20:29:42 | INFO | monitor_claim | Device scan claimed | deviceId=6a79ee60db8727cabe0f7ede | claimId=6153924692ab4940ba19202a55b9bdbd | claimedAt=2026-08-10T15:29:42.216977+00:00 | nextCheckAt=2026-08-10T15:30:12.216977+00:00 | scanClaimExpiresAt=2026-08-10T15:29:57.216977+00:00 | ttlSeconds=15.0 | intervalSeconds=30
2026-08-10 20:29:42 | INFO | monitor_claim | Device scan claimed | deviceId=6a79ee60db8727cabe0f7edf | claimId=7edb630254c143d9838e1351b38a6a37 | claimedAt=2026-08-10T15:29:42.216977+00:00 | nextCheckAt=2026-08-10T15:30:12.216977+00:00 | scanClaimExpiresAt=2026-08-10T15:29:57.216977+00:00 | ttlSeconds=15.0 | intervalSeconds=30
2026-08-10 20:29:42 | INFO | monitor_runtime | Dispatch scan completed | dispatchId=load | claimId=e1dac2c5e6e94034a8ea427331087c6b | deviceId=6a79ee60db8727cabe0f7ec1 | nextCheckAt=2026-08-10T15:30:09.223287+00:00 | claimedAt=2026-08-10T15:29:39.223287+00:00 | pingStartedAt=2026-08-10T15:29:39.227986+00:00 | pingCompletedAt=2026-08-10T15:29:42.227986+00:00 | queueWaitMs=0 | pingDurationMs=3000 | dueLagMs=4141 | outcome=scanned | workers_active=20 | queue_depth=0
2026-08-10 20:29:42 | INFO | monitor_claim | Device scan claim released | deviceId=6a79ee60db8727cabe0f7ec1 | claimId=e1dac2c5e6e94034a8ea427331087c6b
2026-08-10 20:29:42 | INFO | monitor_runtime | Dispatch scan completed | dispatchId=load | claimId=77ec9a511e6d48ba884740f7299b2d76 | deviceId=6a79ee60db8727cabe0f7ec3 | nextCheckAt=2026-08-10T15:30:09.223287+00:00 | claimedAt=2026-08-10T15:29:39.223287+00:00 | pingStartedAt=2026-08-10T15:29:39.229528+00:00 | pingCompletedAt=2026-08-10T15:29:42.229528+00:00 | queueWaitMs=0 | pingDurationMs=3000 | dueLagMs=4142 | outcome=scanned | workers_active=20 | queue_depth=0
2026-08-10 20:29:42 | INFO | monitor_runtime | Dispatch scan completed | dispatchId=load | claimId=7869beee49384b4b99a84acfd54385ec | deviceId=6a79ee60db8727cabe0f7ed8 | nextCheckAt=2026-08-10T15:30:12.216977+00:00 | claimedAt=2026-08-10T15:29:42.216977+00:00 | pingStartedAt=2026-08-10T15:29:42.220548+00:00 | pingCompletedAt=2026-08-10T15:29:42.230548+00:00 | queueWaitMs=0 | pingDurationMs=10 | dueLagMs=7133 | outcome=scanned | workers_active=19 | queue_depth=0
2026-08-10 20:29:42 | INFO | monitor_claim | Device scan claim released | deviceId=6a79ee60db8727cabe0f7ec3 | claimId=77ec9a511e6d48ba884740f7299b2d76
2026-08-10 20:29:42 | INFO | monitor_runtime | Dispatch scan completed | dispatchId=load | claimId=485a5aefb02e412b95c50b65a3f297f7 | deviceId=6a79ee60db8727cabe0f7edc | nextCheckAt=2026-08-10T15:30:12.216977+00:00 | claimedAt=2026-08-10T15:29:42.216977+00:00 | pingStartedAt=2026-08-10T15:29:42.223682+00:00 | pingCompletedAt=2026-08-10T15:29:42.233682+00:00 | queueWaitMs=0 | pingDurationMs=10 | dueLagMs=7137 | outcome=scanned | workers_active=18 | queue_depth=0
2026-08-10 20:29:42 | INFO | monitor_claim | Device scan claim released | deviceId=6a79ee60db8727cabe0f7ed8 | claimId=7869beee49384b4b99a84acfd54385ec
2026-08-10 20:29:42 | INFO | monitor_runtime | Dispatch scan completed | dispatchId=load | claimId=bc5b2991276b4fe89dd1cfc6d38e21c2 | deviceId=6a79ee60db8727cabe0f7eda | nextCheckAt=2026-08-10T15:30:12.216977+00:00 | claimedAt=2026-08-10T15:29:42.216977+00:00 | pingStartedAt=2026-08-10T15:29:42.223682+00:00 | pingCompletedAt=2026-08-10T15:29:42.233682+00:00 | queueWaitMs=0 | pingDurationMs=10 | dueLagMs=7137 | outcome=scanned | workers_active=18 | queue_depth=0
2026-08-10 20:29:42 | INFO | monitor_claim | Device scan claim released | deviceId=6a79ee60db8727cabe0f7edc | claimId=485a5aefb02e412b95c50b65a3f297f7
2026-08-10 20:29:42 | INFO | monitor_runtime | Dispatch scan completed | dispatchId=load | claimId=e7c43358b0e7401fa600e9bd197e0ff7 | deviceId=6a79ee60db8727cabe0f7ec5 | nextCheckAt=2026-08-10T15:30:09.223287+00:00 | claimedAt=2026-08-10T15:29:39.223287+00:00 | pingStartedAt=2026-08-10T15:29:39.235195+00:00 | pingCompletedAt=2026-08-10T15:29:42.235195+00:00 | queueWaitMs=1 | pingDurationMs=3000 | dueLagMs=4148 | outcome=scanned | workers_active=18 | queue_depth=0
2026-08-10 20:29:42 | INFO | monitor_claim | Device scan claim released | deviceId=6a79ee60db8727cabe0f7eda | claimId=bc5b2991276b4fe89dd1cfc6d38e21c2
2026-08-10 20:29:42 | INFO | monitor_runtime | Dispatch scan completed | dispatchId=load | claimId=ef0dae5511d44d879e52698813cee14d | deviceId=6a79ee60db8727cabe0f7ec7 | nextCheckAt=2026-08-10T15:30:09.223287+00:00 | claimedAt=2026-08-10T15:29:39.223287+00:00 | pingStartedAt=2026-08-10T15:29:39.235195+00:00 | pingCompletedAt=2026-08-10T15:29:42.235195+00:00 | queueWaitMs=0 | pingDurationMs=3000 | dueLagMs=4148 | outcome=scanned | workers_active=18 | queue_depth=0
2026-08-10 20:29:42 | INFO | monitor_claim | Device scan claim released | deviceId=6a79ee60db8727cabe0f7ec5 | claimId=e7c43358b0e7401fa600e9bd197e0ff7
2026-08-10 20:29:42 | INFO | monitor_runtime | Dispatch scan completed | dispatchId=load | claimId=6153924692ab4940ba19202a55b9bdbd | deviceId=6a79ee60db8727cabe0f7ede | nextCheckAt=2026-08-10T15:30:12.216977+00:00 | claimedAt=2026-08-10T15:29:42.216977+00:00 | pingStartedAt=2026-08-10T15:29:42.226205+00:00 | pingCompletedAt=2026-08-10T15:29:42.236205+00:00 | queueWaitMs=0 | pingDurationMs=10 | dueLagMs=7139 | outcome=scanned | workers_active=18 | queue_depth=0
2026-08-10 20:29:42 | INFO | monitor_claim | Device scan claim released | deviceId=6a79ee60db8727cabe0f7ec7 | claimId=ef0dae5511d44d879e52698813cee14d
2026-08-10 20:29:42 | INFO | monitor_claim | Device scan claim released | deviceId=6a79ee60db8727cabe0f7ede | claimId=6153924692ab4940ba19202a55b9bdbd
2026-08-10 20:29:42 | INFO | monitor_claim | Device scan claimed | deviceId=6a79ee60db8727cabe0f7ee0 | claimId=f3722d5aad8a4e65a49962bbf5da9de6 | claimedAt=2026-08-10T15:29:42.274991+00:00 | nextCheckAt=2026-08-10T15:30:12.274991+00:00 | scanClaimExpiresAt=2026-08-10T15:29:57.274991+00:00 | ttlSeconds=15.0 | intervalSeconds=30
2026-08-10 20:29:42 | INFO | monitor_claim | Device scan claimed | deviceId=6a79ee60db8727cabe0f7ee1 | claimId=15ae541d3f42421ca30180c7b3a19f65 | claimedAt=2026-08-10T15:29:42.274991+00:00 | nextCheckAt=2026-08-10T15:30:12.274991+00:00 | scanClaimExpiresAt=2026-08-10T15:29:57.274991+00:00 | ttlSeconds=15.0 | intervalSeconds=30
2026-08-10 20:29:42 | INFO | monitor_claim | Device scan claimed | deviceId=6a79ee60db8727cabe0f7ee2 | claimId=a9e5d9c4d04f4dde83f261fd608588ca | claimedAt=2026-08-10T15:29:42.274991+00:00 | nextCheckAt=2026-08-10T15:30:12.274991+00:00 | scanClaimExpiresAt=2026-08-10T15:29:57.274991+00:00 | ttlSeconds=15.0 | intervalSeconds=30
2026-08-10 20:29:42 | INFO | monitor_claim | Device scan claimed | deviceId=6a79ee60db8727cabe0f7ee3 | claimId=6316845f622644e3b7ef114b5a30674e | claimedAt=2026-08-10T15:29:42.274991+00:00 | nextCheckAt=2026-08-10T15:30:12.274991+00:00 | scanClaimExpiresAt=2026-08-10T15:29:57.274991+00:00 | ttlSeconds=15.0 | intervalSeconds=30
2026-08-10 20:29:42 | INFO | monitor_claim | Device scan claimed | deviceId=6a79ee60db8727cabe0f7ee4 | claimId=b7468319b8884a62a197de2a37e9c72d | claimedAt=2026-08-10T15:29:42.274991+00:00 | nextCheckAt=2026-08-10T15:30:12.274991+00:00 | scanClaimExpiresAt=2026-08-10T15:29:57.274991+00:00 | ttlSeconds=15.0 | intervalSeconds=30
2026-08-10 20:29:42 | INFO | monitor_claim | Device scan claimed | deviceId=6a79ee60db8727cabe0f7ee5 | claimId=a147ae8a04a7473c80397e32d75315e7 | claimedAt=2026-08-10T15:29:42.274991+00:00 | nextCheckAt=2026-08-10T15:30:12.274991+00:00 | scanClaimExpiresAt=2026-08-10T15:29:57.274991+00:00 | ttlSeconds=15.0 | intervalSeconds=30
2026-08-10 20:29:42 | INFO | monitor_claim | Device scan claimed | deviceId=6a79ee60db8727cabe0f7ee6 | claimId=57231c7622e34d4d84afa76a32b65328 | claimedAt=2026-08-10T15:29:42.274991+00:00 | nextCheckAt=2026-08-10T15:30:12.274991+00:00 | scanClaimExpiresAt=2026-08-10T15:29:57.274991+00:00 | ttlSeconds=15.0 | intervalSeconds=30
2026-08-10 20:29:42 | INFO | monitor_claim | Device scan claimed | deviceId=6a79ee60db8727cabe0f7ee7 | claimId=f4f15c174f07411d87cad34ce664c5e3 | claimedAt=2026-08-10T15:29:42.274991+00:00 | nextCheckAt=2026-08-10T15:30:12.274991+00:00 | scanClaimExpiresAt=2026-08-10T15:29:57.274991+00:00 | ttlSeconds=15.0 | intervalSeconds=30
2026-08-10 20:29:42 | INFO | monitor_runtime | Dispatch scan completed | dispatchId=load | claimId=f3722d5aad8a4e65a49962bbf5da9de6 | deviceId=6a79ee60db8727cabe0f7ee0 | nextCheckAt=2026-08-10T15:30:12.274991+00:00 | claimedAt=2026-08-10T15:29:42.274991+00:00 | pingStartedAt=2026-08-10T15:29:42.277779+00:00 | pingCompletedAt=2026-08-10T15:29:42.287779+00:00 | queueWaitMs=0 | pingDurationMs=10 | dueLagMs=7191 | outcome=scanned | workers_active=20 | queue_depth=0
2026-08-10 20:29:42 | INFO | monitor_claim | Device scan claim released | deviceId=6a79ee60db8727cabe0f7ee0 | claimId=f3722d5aad8a4e65a49962bbf5da9de6
2026-08-10 20:29:42 | INFO | monitor_runtime | Dispatch scan completed | dispatchId=load | claimId=f62b05ecec9f4849ad552e9c117fbc45 | deviceId=6a79ee60db8727cabe0f7ec9 | nextCheckAt=2026-08-10T15:30:09.282170+00:00 | claimedAt=2026-08-10T15:29:39.282170+00:00 | pingStartedAt=2026-08-10T15:29:39.289331+00:00 | pingCompletedAt=2026-08-10T15:29:42.289331+00:00 | queueWaitMs=1 | pingDurationMs=3000 | dueLagMs=4202 | outcome=scanned | workers_active=19 | queue_depth=0
2026-08-10 20:29:42 | INFO | monitor_claim | Device scan claim released | deviceId=6a79ee60db8727cabe0f7ec9 | claimId=f62b05ecec9f4849ad552e9c117fbc45
2026-08-10 20:29:42 | INFO | monitor_runtime | Dispatch scan completed | dispatchId=load | claimId=a9e5d9c4d04f4dde83f261fd608588ca | deviceId=6a79ee60db8727cabe0f7ee2 | nextCheckAt=2026-08-10T15:30:12.274991+00:00 | claimedAt=2026-08-10T15:29:42.274991+00:00 | pingStartedAt=2026-08-10T15:29:42.279874+00:00 | pingCompletedAt=2026-08-10T15:29:42.289874+00:00 | queueWaitMs=1 | pingDurationMs=10 | dueLagMs=7193 | outcome=scanned | workers_active=19 | queue_depth=0
2026-08-10 20:29:42 | INFO | monitor_runtime | Dispatch scan completed | dispatchId=load | claimId=b7468319b8884a62a197de2a37e9c72d | deviceId=6a79ee60db8727cabe0f7ee4 | nextCheckAt=2026-08-10T15:30:12.274991+00:00 | claimedAt=2026-08-10T15:29:42.274991+00:00 | pingStartedAt=2026-08-10T15:29:42.280423+00:00 | pingCompletedAt=2026-08-10T15:29:42.290423+00:00 | queueWaitMs=0 | pingDurationMs=10 | dueLagMs=7193 | outcome=scanned | workers_active=19 | queue_depth=0
2026-08-10 20:29:42 | INFO | monitor_claim | Device scan claim released | deviceId=6a79ee60db8727cabe0f7ee2 | claimId=a9e5d9c4d04f4dde83f261fd608588ca
2026-08-10 20:29:42 | INFO | monitor_runtime | Dispatch scan completed | dispatchId=load | claimId=57231c7622e34d4d84afa76a32b65328 | deviceId=6a79ee60db8727cabe0f7ee6 | nextCheckAt=2026-08-10T15:30:12.274991+00:00 | claimedAt=2026-08-10T15:29:42.274991+00:00 | pingStartedAt=2026-08-10T15:29:42.281448+00:00 | pingCompletedAt=2026-08-10T15:29:42.291448+00:00 | queueWaitMs=0 | pingDurationMs=10 | dueLagMs=7194 | outcome=scanned | workers_active=19 | queue_depth=0
2026-08-10 20:29:42 | INFO | monitor_claim | Device scan claim released | deviceId=6a79ee60db8727cabe0f7ee4 | claimId=b7468319b8884a62a197de2a37e9c72d
2026-08-10 20:29:42 | INFO | monitor_runtime | Dispatch scan completed | dispatchId=load | claimId=71bf2b31826f446a99ca1828ee5d7e1d | deviceId=6a79ee60db8727cabe0f7ecb | nextCheckAt=2026-08-10T15:30:09.282170+00:00 | claimedAt=2026-08-10T15:29:39.282170+00:00 | pingStartedAt=2026-08-10T15:29:39.292534+00:00 | pingCompletedAt=2026-08-10T15:29:42.292534+00:00 | queueWaitMs=0 | pingDurationMs=3000 | dueLagMs=4205 | outcome=scanned | workers_active=19 | queue_depth=0
2026-08-10 20:29:42 | INFO | monitor_claim | Device scan claim released | deviceId=6a79ee60db8727cabe0f7ee6 | claimId=57231c7622e34d4d84afa76a32b65328
2026-08-10 20:29:42 | INFO | monitor_runtime | Dispatch scan completed | dispatchId=load | claimId=2f0c9ac2861d4d458f52285545d76913 | deviceId=6a79ee60db8727cabe0f7ecd | nextCheckAt=2026-08-10T15:30:09.282170+00:00 | claimedAt=2026-08-10T15:29:39.282170+00:00 | pingStartedAt=2026-08-10T15:29:39.293571+00:00 | pingCompletedAt=2026-08-10T15:29:42.293571+00:00 | queueWaitMs=0 | pingDurationMs=3000 | dueLagMs=4206 | outcome=scanned | workers_active=19 | queue_depth=0
2026-08-10 20:29:42 | INFO | monitor_claim | Device scan claim released | deviceId=6a79ee60db8727cabe0f7ecb | claimId=71bf2b31826f446a99ca1828ee5d7e1d
2026-08-10 20:29:42 | INFO | monitor_claim | Device scan claim released | deviceId=6a79ee60db8727cabe0f7ecd | claimId=2f0c9ac2861d4d458f52285545d76913
2026-08-10 20:29:42 | INFO | monitor_claim | Device scan claimed | deviceId=6a79ee60db8727cabe0f7ee8 | claimId=57e602eafb154fd19f7a15b1d29bd8df | claimedAt=2026-08-10T15:29:42.332083+00:00 | nextCheckAt=2026-08-10T15:30:12.332083+00:00 | scanClaimExpiresAt=2026-08-10T15:29:57.332083+00:00 | ttlSeconds=15.0 | intervalSeconds=30
2026-08-10 20:29:42 | INFO | monitor_claim | Device scan claimed | deviceId=6a79ee60db8727cabe0f7ee9 | claimId=2fc7a9e082404989b9906e379d94dfd4 | claimedAt=2026-08-10T15:29:42.332083+00:00 | nextCheckAt=2026-08-10T15:30:12.332083+00:00 | scanClaimExpiresAt=2026-08-10T15:29:57.332083+00:00 | ttlSeconds=15.0 | intervalSeconds=30
2026-08-10 20:29:42 | INFO | monitor_runtime | Dispatch scan completed | dispatchId=load | claimId=57e602eafb154fd19f7a15b1d29bd8df | deviceId=6a79ee60db8727cabe0f7ee8 | nextCheckAt=2026-08-10T15:30:12.332083+00:00 | claimedAt=2026-08-10T15:29:42.332083+00:00 | pingStartedAt=2026-08-10T15:29:42.344230+00:00 | pingCompletedAt=2026-08-10T15:29:42.354230+00:00 | queueWaitMs=0 | pingDurationMs=10 | dueLagMs=7257 | outcome=scanned | workers_active=15 | queue_depth=0
2026-08-10 20:29:42 | INFO | monitor_claim | Device scan claim released | deviceId=6a79ee60db8727cabe0f7ee8 | claimId=57e602eafb154fd19f7a15b1d29bd8df
2026-08-10 20:29:42 | INFO | monitor_runtime | Dispatch scan completed | dispatchId=load | claimId=602d38204fc34eda8f815ff366d60f4a | deviceId=6a79ee60db8727cabe0f7ecf | nextCheckAt=2026-08-10T15:30:09.342400+00:00 | claimedAt=2026-08-10T15:29:39.342400+00:00 | pingStartedAt=2026-08-10T15:29:39.355789+00:00 | pingCompletedAt=2026-08-10T15:29:42.355789+00:00 | queueWaitMs=0 | pingDurationMs=3000 | dueLagMs=4269 | outcome=scanned | workers_active=15 | queue_depth=0
2026-08-10 20:29:42 | INFO | monitor_claim | Device scan claim released | deviceId=6a79ee60db8727cabe0f7ecf | claimId=602d38204fc34eda8f815ff366d60f4a
2026-08-10 20:29:42 | INFO | monitor_runtime | Dispatch scan completed | dispatchId=load | claimId=66b0ca524f284e23bcb8661600696710 | deviceId=6a79ee60db8727cabe0f7ed1 | nextCheckAt=2026-08-10T15:30:09.399462+00:00 | claimedAt=2026-08-10T15:29:39.399462+00:00 | pingStartedAt=2026-08-10T15:29:39.402489+00:00 | pingCompletedAt=2026-08-10T15:29:42.402489+00:00 | queueWaitMs=0 | pingDurationMs=3000 | dueLagMs=4315 | outcome=scanned | workers_active=13 | queue_depth=0
2026-08-10 20:29:42 | INFO | monitor_claim | Device scan claim released | deviceId=6a79ee60db8727cabe0f7ed1 | claimId=66b0ca524f284e23bcb8661600696710
2026-08-10 20:29:42 | INFO | monitor_runtime | Dispatch scan completed | dispatchId=load | claimId=b16b4246eeeb4bd29112bf9c4a7e6287 | deviceId=6a79ee60db8727cabe0f7ed3 | nextCheckAt=2026-08-10T15:30:09.399462+00:00 | claimedAt=2026-08-10T15:29:39.399462+00:00 | pingStartedAt=2026-08-10T15:29:39.404022+00:00 | pingCompletedAt=2026-08-10T15:29:42.404022+00:00 | queueWaitMs=0 | pingDurationMs=3000 | dueLagMs=4317 | outcome=scanned | workers_active=13 | queue_depth=0
2026-08-10 20:29:42 | INFO | monitor_claim | Device scan claim released | deviceId=6a79ee60db8727cabe0f7ed3 | claimId=b16b4246eeeb4bd29112bf9c4a7e6287
2026-08-10 20:29:42 | INFO | monitor_runtime | Dispatch scan completed | dispatchId=load | claimId=1984d6c63a434c3e9d37aa58cf8c70f9 | deviceId=6a79ee60db8727cabe0f7ed5 | nextCheckAt=2026-08-10T15:30:09.505679+00:00 | claimedAt=2026-08-10T15:29:39.505679+00:00 | pingStartedAt=2026-08-10T15:29:39.508932+00:00 | pingCompletedAt=2026-08-10T15:29:42.508932+00:00 | queueWaitMs=1 | pingDurationMs=3000 | dueLagMs=4422 | outcome=scanned | workers_active=11 | queue_depth=0
2026-08-10 20:29:42 | INFO | monitor_claim | Device scan claim released | deviceId=6a79ee60db8727cabe0f7ed5 | claimId=1984d6c63a434c3e9d37aa58cf8c70f9
2026-08-10 20:29:45 | INFO | monitor_runtime | Dispatch scan completed | dispatchId=load | claimId=378453c6eec64f5383b3c98edaab9e90 | deviceId=6a79ee60db8727cabe0f7ed7 | nextCheckAt=2026-08-10T15:30:12.216977+00:00 | claimedAt=2026-08-10T15:29:42.216977+00:00 | pingStartedAt=2026-08-10T15:29:42.220319+00:00 | pingCompletedAt=2026-08-10T15:29:45.220319+00:00 | queueWaitMs=0 | pingDurationMs=3000 | dueLagMs=7133 | outcome=scanned | workers_active=10 | queue_depth=0
2026-08-10 20:29:45 | INFO | monitor_claim | Device scan claim released | deviceId=6a79ee60db8727cabe0f7ed7 | claimId=378453c6eec64f5383b3c98edaab9e90
2026-08-10 20:29:45 | INFO | monitor_runtime | Dispatch scan completed | dispatchId=load | claimId=95c05a695b6d4f3397a1fce5dff4ad7f | deviceId=6a79ee60db8727cabe0f7ed9 | nextCheckAt=2026-08-10T15:30:12.216977+00:00 | claimedAt=2026-08-10T15:29:42.216977+00:00 | pingStartedAt=2026-08-10T15:29:42.221331+00:00 | pingCompletedAt=2026-08-10T15:29:45.221331+00:00 | queueWaitMs=0 | pingDurationMs=3000 | dueLagMs=7134 | outcome=scanned | workers_active=10 | queue_depth=0
2026-08-10 20:29:45 | INFO | monitor_claim | Device scan claim released | deviceId=6a79ee60db8727cabe0f7ed9 | claimId=95c05a695b6d4f3397a1fce5dff4ad7f
2026-08-10 20:29:45 | INFO | monitor_runtime | Dispatch scan completed | dispatchId=load | claimId=871661a4ec044df0823fad32572fe4a4 | deviceId=6a79ee60db8727cabe0f7edb | nextCheckAt=2026-08-10T15:30:12.216977+00:00 | claimedAt=2026-08-10T15:29:42.216977+00:00 | pingStartedAt=2026-08-10T15:29:42.222545+00:00 | pingCompletedAt=2026-08-10T15:29:45.222545+00:00 | queueWaitMs=1 | pingDurationMs=3000 | dueLagMs=7135 | outcome=scanned | workers_active=9 | queue_depth=0
2026-08-10 20:29:45 | INFO | monitor_claim | Device scan claim released | deviceId=6a79ee60db8727cabe0f7edb | claimId=871661a4ec044df0823fad32572fe4a4
2026-08-10 20:29:45 | INFO | monitor_runtime | Dispatch scan completed | dispatchId=load | claimId=4a9e59f1b80f4370a7793e1c652b98c6 | deviceId=6a79ee60db8727cabe0f7edd | nextCheckAt=2026-08-10T15:30:12.216977+00:00 | claimedAt=2026-08-10T15:29:42.216977+00:00 | pingStartedAt=2026-08-10T15:29:42.224098+00:00 | pingCompletedAt=2026-08-10T15:29:45.224098+00:00 | queueWaitMs=1 | pingDurationMs=3000 | dueLagMs=7137 | outcome=scanned | workers_active=8 | queue_depth=0
2026-08-10 20:29:45 | INFO | monitor_claim | Device scan claim released | deviceId=6a79ee60db8727cabe0f7edd | claimId=4a9e59f1b80f4370a7793e1c652b98c6
2026-08-10 20:29:45 | INFO | monitor_runtime | Dispatch scan completed | dispatchId=load | claimId=7edb630254c143d9838e1351b38a6a37 | deviceId=6a79ee60db8727cabe0f7edf | nextCheckAt=2026-08-10T15:30:12.216977+00:00 | claimedAt=2026-08-10T15:29:42.216977+00:00 | pingStartedAt=2026-08-10T15:29:42.225111+00:00 | pingCompletedAt=2026-08-10T15:29:45.225111+00:00 | queueWaitMs=1 | pingDurationMs=3000 | dueLagMs=7138 | outcome=scanned | workers_active=6 | queue_depth=0
2026-08-10 20:29:45 | INFO | monitor_claim | Device scan claim released | deviceId=6a79ee60db8727cabe0f7edf | claimId=7edb630254c143d9838e1351b38a6a37
2026-08-10 20:29:45 | INFO | monitor_runtime | Dispatch scan completed | dispatchId=load | claimId=15ae541d3f42421ca30180c7b3a19f65 | deviceId=6a79ee60db8727cabe0f7ee1 | nextCheckAt=2026-08-10T15:30:12.274991+00:00 | claimedAt=2026-08-10T15:29:42.274991+00:00 | pingStartedAt=2026-08-10T15:29:42.279941+00:00 | pingCompletedAt=2026-08-10T15:29:45.279941+00:00 | queueWaitMs=0 | pingDurationMs=3000 | dueLagMs=7193 | outcome=scanned | workers_active=5 | queue_depth=0
2026-08-10 20:29:45 | INFO | monitor_claim | Device scan claim released | deviceId=6a79ee60db8727cabe0f7ee1 | claimId=15ae541d3f42421ca30180c7b3a19f65
2026-08-10 20:29:45 | INFO | monitor_runtime | Dispatch scan completed | dispatchId=load | claimId=6316845f622644e3b7ef114b5a30674e | deviceId=6a79ee60db8727cabe0f7ee3 | nextCheckAt=2026-08-10T15:30:12.274991+00:00 | claimedAt=2026-08-10T15:29:42.274991+00:00 | pingStartedAt=2026-08-10T15:29:42.281463+00:00 | pingCompletedAt=2026-08-10T15:29:45.281463+00:00 | queueWaitMs=1 | pingDurationMs=3000 | dueLagMs=7194 | outcome=scanned | workers_active=4 | queue_depth=0
2026-08-10 20:29:45 | INFO | monitor_claim | Device scan claim released | deviceId=6a79ee60db8727cabe0f7ee3 | claimId=6316845f622644e3b7ef114b5a30674e
2026-08-10 20:29:45 | INFO | monitor_runtime | Dispatch scan completed | dispatchId=load | claimId=a147ae8a04a7473c80397e32d75315e7 | deviceId=6a79ee60db8727cabe0f7ee5 | nextCheckAt=2026-08-10T15:30:12.274991+00:00 | claimedAt=2026-08-10T15:29:42.274991+00:00 | pingStartedAt=2026-08-10T15:29:42.282994+00:00 | pingCompletedAt=2026-08-10T15:29:45.282994+00:00 | queueWaitMs=0 | pingDurationMs=3000 | dueLagMs=7196 | outcome=scanned | workers_active=4 | queue_depth=0
2026-08-10 20:29:45 | INFO | monitor_runtime | Dispatch scan completed | dispatchId=load | claimId=f4f15c174f07411d87cad34ce664c5e3 | deviceId=6a79ee60db8727cabe0f7ee7 | nextCheckAt=2026-08-10T15:30:12.274991+00:00 | claimedAt=2026-08-10T15:29:42.274991+00:00 | pingStartedAt=2026-08-10T15:29:42.282994+00:00 | pingCompletedAt=2026-08-10T15:29:45.282994+00:00 | queueWaitMs=0 | pingDurationMs=3000 | dueLagMs=7196 | outcome=scanned | workers_active=4 | queue_depth=0
2026-08-10 20:29:45 | INFO | monitor_claim | Device scan claim released | deviceId=6a79ee60db8727cabe0f7ee5 | claimId=a147ae8a04a7473c80397e32d75315e7
2026-08-10 20:29:45 | INFO | monitor_claim | Device scan claim released | deviceId=6a79ee60db8727cabe0f7ee7 | claimId=f4f15c174f07411d87cad34ce664c5e3
2026-08-10 20:29:45 | INFO | monitor_runtime | Dispatch scan completed | dispatchId=load | claimId=2fc7a9e082404989b9906e379d94dfd4 | deviceId=6a79ee60db8727cabe0f7ee9 | nextCheckAt=2026-08-10T15:30:12.332083+00:00 | claimedAt=2026-08-10T15:29:42.332083+00:00 | pingStartedAt=2026-08-10T15:29:42.346862+00:00 | pingCompletedAt=2026-08-10T15:29:45.346862+00:00 | queueWaitMs=2 | pingDurationMs=3000 | dueLagMs=7260 | outcome=scanned | workers_active=1 | queue_depth=0
2026-08-10 20:29:45 | INFO | monitor_claim | Device scan claim released | deviceId=6a79ee60db8727cabe0f7ee9 | claimId=2fc7a9e082404989b9906e379d94dfd4
2026-08-10 20:29:45 | INFO | monitor_runtime | Monitor runtime stopped | wait=True | drainedQueued=0 | processed=100 | failures=0
  -> PASS wave=9.28s overlap=0 ping_p50=10.0 bottleneck=none
[inherit] devices=100 mix=half c=30 -> PASS (from c=20)
[inherit] devices=100 mix=half c=40 -> PASS (from c=30)
[inherit] devices=100 mix=half c=50 -> PASS (from c=40)
[inherit] devices=100 mix=half c=60 -> PASS (from c=50)
[inherit] devices=100 mix=half c=64 -> PASS (from c=60)
[run] devices=100 mix=all_down concurrency=20 ...
2026-08-10 20:29:45 | INFO | monitor_runtime | Monitor runtime started | workers=20 | queueMax=20
2026-08-10 20:29:45 | INFO | monitor_claim | Device scan claimed | deviceId=6a79ee69db8727cabe0f7eea | claimId=ea4b88a8479b45b9a72bdb736fc25945 | claimedAt=2026-08-10T15:29:45.399863+00:00 | nextCheckAt=2026-08-10T15:30:15.399863+00:00 | scanClaimExpiresAt=2026-08-10T15:30:00.399863+00:00 | ttlSeconds=15.0 | intervalSeconds=30
2026-08-10 20:29:45 | INFO | monitor_claim | Device scan claimed | deviceId=6a79ee69db8727cabe0f7eeb | claimId=0eca9e856cba4de3ba8cd379b480dd29 | claimedAt=2026-08-10T15:29:45.399863+00:00 | nextCheckAt=2026-08-10T15:30:15.399863+00:00 | scanClaimExpiresAt=2026-08-10T15:30:00.399863+00:00 | ttlSeconds=15.0 | intervalSeconds=30
2026-08-10 20:29:45 | INFO | monitor_claim | Device scan claimed | deviceId=6a79ee69db8727cabe0f7eec | claimId=41b5276348ed4802a08f7d91fb8b17c1 | claimedAt=2026-08-10T15:29:45.399863+00:00 | nextCheckAt=2026-08-10T15:30:15.399863+00:00 | scanClaimExpiresAt=2026-08-10T15:30:00.399863+00:00 | ttlSeconds=15.0 | intervalSeconds=30
2026-08-10 20:29:45 | INFO | monitor_claim | Device scan claimed | deviceId=6a79ee69db8727cabe0f7eed | claimId=47b0347da687449e824fe518fad3eaa8 | claimedAt=2026-08-10T15:29:45.399863+00:00 | nextCheckAt=2026-08-10T15:30:15.399863+00:00 | scanClaimExpiresAt=2026-08-10T15:30:00.399863+00:00 | ttlSeconds=15.0 | intervalSeconds=30
2026-08-10 20:29:45 | INFO | monitor_claim | Device scan claimed | deviceId=6a79ee69db8727cabe0f7eee | claimId=4df01ffcc0d04648bc01e59f1bc1630b | claimedAt=2026-08-10T15:29:45.399863+00:00 | nextCheckAt=2026-08-10T15:30:15.399863+00:00 | scanClaimExpiresAt=2026-08-10T15:30:00.399863+00:00 | ttlSeconds=15.0 | intervalSeconds=30
2026-08-10 20:29:45 | INFO | monitor_claim | Device scan claimed | deviceId=6a79ee69db8727cabe0f7eef | claimId=ab0c64a17adb4c85b3294d54cdcecbba | claimedAt=2026-08-10T15:29:45.399863+00:00 | nextCheckAt=2026-08-10T15:30:15.399863+00:00 | scanClaimExpiresAt=2026-08-10T15:30:00.399863+00:00 | ttlSeconds=15.0 | intervalSeconds=30
2026-08-10 20:29:45 | INFO | monitor_claim | Device scan claimed | deviceId=6a79ee69db8727cabe0f7ef0 | claimId=18e4de9c521c4ab596f8e7b33cac6cfb | claimedAt=2026-08-10T15:29:45.399863+00:00 | nextCheckAt=2026-08-10T15:30:15.399863+00:00 | scanClaimExpiresAt=2026-08-10T15:30:00.399863+00:00 | ttlSeconds=15.0 | intervalSeconds=30
2026-08-10 20:29:45 | INFO | monitor_claim | Device scan claimed | deviceId=6a79ee69db8727cabe0f7ef1 | claimId=2dcbf3b4a2a044deab7676e9db7ea5b5 | claimedAt=2026-08-10T15:29:45.399863+00:00 | nextCheckAt=2026-08-10T15:30:15.399863+00:00 | scanClaimExpiresAt=2026-08-10T15:30:00.399863+00:00 | ttlSeconds=15.0 | intervalSeconds=30
2026-08-10 20:29:45 | INFO | monitor_claim | Device scan claimed | deviceId=6a79ee69db8727cabe0f7ef2 | claimId=c5848e6870d94b29bfb0caad3aa00bbf | claimedAt=2026-08-10T15:29:45.399863+00:00 | nextCheckAt=2026-08-10T15:30:15.399863+00:00 | scanClaimExpiresAt=2026-08-10T15:30:00.399863+00:00 | ttlSeconds=15.0 | intervalSeconds=30
2026-08-10 20:29:45 | INFO | monitor_claim | Device scan claimed | deviceId=6a79ee69db8727cabe0f7ef3 | claimId=298b788f8d1449f7b796b462725ea957 | claimedAt=2026-08-10T15:29:45.399863+00:00 | nextCheckAt=2026-08-10T15:30:15.399863+00:00 | scanClaimExpiresAt=2026-08-10T15:30:00.399863+00:00 | ttlSeconds=15.0 | intervalSeconds=30
2026-08-10 20:29:45 | INFO | monitor_claim | Device scan claimed | deviceId=6a79ee69db8727cabe0f7ef4 | claimId=afa51f6be0934165816581eeaab73759 | claimedAt=2026-08-10T15:29:45.399863+00:00 | nextCheckAt=2026-08-10T15:30:15.399863+00:00 | scanClaimExpiresAt=2026-08-10T15:30:00.399863+00:00 | ttlSeconds=15.0 | intervalSeconds=30
2026-08-10 20:29:45 | INFO | monitor_claim | Device scan claimed | deviceId=6a79ee69db8727cabe0f7ef5 | claimId=13631a0b0b0b477d9140988e085c94a9 | claimedAt=2026-08-10T15:29:45.399863+00:00 | nextCheckAt=2026-08-10T15:30:15.399863+00:00 | scanClaimExpiresAt=2026-08-10T15:30:00.399863+00:00 | ttlSeconds=15.0 | intervalSeconds=30
2026-08-10 20:29:45 | INFO | monitor_claim | Device scan claimed | deviceId=6a79ee69db8727cabe0f7ef6 | claimId=73c19d0400934ea38b482adaf1364a25 | claimedAt=2026-08-10T15:29:45.399863+00:00 | nextCheckAt=2026-08-10T15:30:15.399863+00:00 | scanClaimExpiresAt=2026-08-10T15:30:00.399863+00:00 | ttlSeconds=15.0 | intervalSeconds=30
2026-08-10 20:29:45 | INFO | monitor_claim | Device scan claimed | deviceId=6a79ee69db8727cabe0f7ef7 | claimId=6cf1773ba56645a786bc4b6208866316 | claimedAt=2026-08-10T15:29:45.399863+00:00 | nextCheckAt=2026-08-10T15:30:15.399863+00:00 | scanClaimExpiresAt=2026-08-10T15:30:00.399863+00:00 | ttlSeconds=15.0 | intervalSeconds=30
2026-08-10 20:29:45 | INFO | monitor_claim | Device scan claimed | deviceId=6a79ee69db8727cabe0f7ef8 | claimId=96532dfbb1ef48e99a1bc901447b8368 | claimedAt=2026-08-10T15:29:45.399863+00:00 | nextCheckAt=2026-08-10T15:30:15.399863+00:00 | scanClaimExpiresAt=2026-08-10T15:30:00.399863+00:00 | ttlSeconds=15.0 | intervalSeconds=30
2026-08-10 20:29:45 | INFO | monitor_claim | Device scan claimed | deviceId=6a79ee69db8727cabe0f7ef9 | claimId=f1f275c8da3148eb806ebe5e58fc5cbb | claimedAt=2026-08-10T15:29:45.399863+00:00 | nextCheckAt=2026-08-10T15:30:15.399863+00:00 | scanClaimExpiresAt=2026-08-10T15:30:00.399863+00:00 | ttlSeconds=15.0 | intervalSeconds=30
2026-08-10 20:29:45 | INFO | monitor_claim | Device scan claimed | deviceId=6a79ee69db8727cabe0f7efa | claimId=c1a8b809ba154d669963e8bdb08ccaf0 | claimedAt=2026-08-10T15:29:45.399863+00:00 | nextCheckAt=2026-08-10T15:30:15.399863+00:00 | scanClaimExpiresAt=2026-08-10T15:30:00.399863+00:00 | ttlSeconds=15.0 | intervalSeconds=30
2026-08-10 20:29:45 | INFO | monitor_claim | Device scan claimed | deviceId=6a79ee69db8727cabe0f7efb | claimId=42b4e441c0f64b0794af31ba8c5c7678 | claimedAt=2026-08-10T15:29:45.399863+00:00 | nextCheckAt=2026-08-10T15:30:15.399863+00:00 | scanClaimExpiresAt=2026-08-10T15:30:00.399863+00:00 | ttlSeconds=15.0 | intervalSeconds=30
2026-08-10 20:29:45 | INFO | monitor_claim | Device scan claimed | deviceId=6a79ee69db8727cabe0f7efc | claimId=4c740075481049f699e7d3b25fc74eff | claimedAt=2026-08-10T15:29:45.399863+00:00 | nextCheckAt=2026-08-10T15:30:15.399863+00:00 | scanClaimExpiresAt=2026-08-10T15:30:00.399863+00:00 | ttlSeconds=15.0 | intervalSeconds=30
2026-08-10 20:29:45 | INFO | monitor_claim | Device scan claimed | deviceId=6a79ee69db8727cabe0f7efd | claimId=dc3cf3a08a2e4121b17342d373b58462 | claimedAt=2026-08-10T15:29:45.399863+00:00 | nextCheckAt=2026-08-10T15:30:15.399863+00:00 | scanClaimExpiresAt=2026-08-10T15:30:00.399863+00:00 | ttlSeconds=15.0 | intervalSeconds=30
2026-08-10 20:29:48 | INFO | monitor_runtime | Dispatch scan completed | dispatchId=load | claimId=ea4b88a8479b45b9a72bdb736fc25945 | deviceId=6a79ee69db8727cabe0f7eea | nextCheckAt=2026-08-10T15:30:15.399863+00:00 | claimedAt=2026-08-10T15:29:45.399863+00:00 | pingStartedAt=2026-08-10T15:29:45.406102+00:00 | pingCompletedAt=2026-08-10T15:29:48.406102+00:00 | queueWaitMs=0 | pingDurationMs=3000 | dueLagMs=1023 | outcome=scanned | workers_active=20 | queue_depth=0
2026-08-10 20:29:48 | INFO | monitor_claim | Device scan claim released | deviceId=6a79ee69db8727cabe0f7eea | claimId=ea4b88a8479b45b9a72bdb736fc25945
2026-08-10 20:29:48 | INFO | monitor_runtime | Dispatch scan completed | dispatchId=load | claimId=0eca9e856cba4de3ba8cd379b480dd29 | deviceId=6a79ee69db8727cabe0f7eeb | nextCheckAt=2026-08-10T15:30:15.399863+00:00 | claimedAt=2026-08-10T15:29:45.399863+00:00 | pingStartedAt=2026-08-10T15:29:45.408053+00:00 | pingCompletedAt=2026-08-10T15:29:48.408053+00:00 | queueWaitMs=1 | pingDurationMs=3000 | dueLagMs=1025 | outcome=scanned | workers_active=19 | queue_depth=0
2026-08-10 20:29:48 | INFO | monitor_claim | Device scan claim released | deviceId=6a79ee69db8727cabe0f7eeb | claimId=0eca9e856cba4de3ba8cd379b480dd29
2026-08-10 20:29:48 | INFO | monitor_runtime | Dispatch scan completed | dispatchId=load | claimId=4df01ffcc0d04648bc01e59f1bc1630b | deviceId=6a79ee69db8727cabe0f7eee | nextCheckAt=2026-08-10T15:30:15.399863+00:00 | claimedAt=2026-08-10T15:29:45.399863+00:00 | pingStartedAt=2026-08-10T15:29:45.409637+00:00 | pingCompletedAt=2026-08-10T15:29:48.409637+00:00 | queueWaitMs=0 | pingDurationMs=3000 | dueLagMs=1027 | outcome=scanned | workers_active=18 | queue_depth=0
2026-08-10 20:29:48 | INFO | monitor_runtime | Dispatch scan completed | dispatchId=load | claimId=47b0347da687449e824fe518fad3eaa8 | deviceId=6a79ee69db8727cabe0f7eed | nextCheckAt=2026-08-10T15:30:15.399863+00:00 | claimedAt=2026-08-10T15:29:45.399863+00:00 | pingStartedAt=2026-08-10T15:29:45.409637+00:00 | pingCompletedAt=2026-08-10T15:29:48.409637+00:00 | queueWaitMs=1 | pingDurationMs=3000 | dueLagMs=1027 | outcome=scanned | workers_active=18 | queue_depth=0
2026-08-10 20:29:48 | INFO | monitor_claim | Device scan claim released | deviceId=6a79ee69db8727cabe0f7eee | claimId=4df01ffcc0d04648bc01e59f1bc1630b
2026-08-10 20:29:48 | INFO | monitor_runtime | Dispatch scan completed | dispatchId=load | claimId=41b5276348ed4802a08f7d91fb8b17c1 | deviceId=6a79ee69db8727cabe0f7eec | nextCheckAt=2026-08-10T15:30:15.399863+00:00 | claimedAt=2026-08-10T15:29:45.399863+00:00 | pingStartedAt=2026-08-10T15:29:45.410653+00:00 | pingCompletedAt=2026-08-10T15:29:48.410653+00:00 | queueWaitMs=1 | pingDurationMs=3000 | dueLagMs=1028 | outcome=scanned | workers_active=18 | queue_depth=0
2026-08-10 20:29:48 | INFO | monitor_claim | Device scan claim released | deviceId=6a79ee69db8727cabe0f7eed | claimId=47b0347da687449e824fe518fad3eaa8
2026-08-10 20:29:48 | INFO | monitor_runtime | Dispatch scan completed | dispatchId=load | claimId=ab0c64a17adb4c85b3294d54cdcecbba | deviceId=6a79ee69db8727cabe0f7eef | nextCheckAt=2026-08-10T15:30:15.399863+00:00 | claimedAt=2026-08-10T15:29:45.399863+00:00 | pingStartedAt=2026-08-10T15:29:45.410653+00:00 | pingCompletedAt=2026-08-10T15:29:48.410653+00:00 | queueWaitMs=0 | pingDurationMs=3000 | dueLagMs=1028 | outcome=scanned | workers_active=18 | queue_depth=0
2026-08-10 20:29:48 | INFO | monitor_claim | Device scan claim released | deviceId=6a79ee69db8727cabe0f7eec | claimId=41b5276348ed4802a08f7d91fb8b17c1
2026-08-10 20:29:48 | INFO | monitor_runtime | Dispatch scan completed | dispatchId=load | claimId=18e4de9c521c4ab596f8e7b33cac6cfb | deviceId=6a79ee69db8727cabe0f7ef0 | nextCheckAt=2026-08-10T15:30:15.399863+00:00 | claimedAt=2026-08-10T15:29:45.399863+00:00 | pingStartedAt=2026-08-10T15:29:45.410653+00:00 | pingCompletedAt=2026-08-10T15:29:48.410653+00:00 | queueWaitMs=0 | pingDurationMs=3000 | dueLagMs=1028 | outcome=scanned | workers_active=18 | queue_depth=0
2026-08-10 20:29:48 | INFO | monitor_claim | Device scan claim released | deviceId=6a79ee69db8727cabe0f7eef | claimId=ab0c64a17adb4c85b3294d54cdcecbba
2026-08-10 20:29:48 | INFO | monitor_claim | Device scan claim released | deviceId=6a79ee69db8727cabe0f7ef0 | claimId=18e4de9c521c4ab596f8e7b33cac6cfb
2026-08-10 20:29:48 | INFO | monitor_runtime | Dispatch scan completed | dispatchId=load | claimId=2dcbf3b4a2a044deab7676e9db7ea5b5 | deviceId=6a79ee69db8727cabe0f7ef1 | nextCheckAt=2026-08-10T15:30:15.399863+00:00 | claimedAt=2026-08-10T15:29:45.399863+00:00 | pingStartedAt=2026-08-10T15:29:45.413701+00:00 | pingCompletedAt=2026-08-10T15:29:48.413701+00:00 | queueWaitMs=3 | pingDurationMs=3000 | dueLagMs=1031 | outcome=scanned | workers_active=18 | queue_depth=0
2026-08-10 20:29:48 | INFO | monitor_claim | Device scan claim released | deviceId=6a79ee69db8727cabe0f7ef1 | claimId=2dcbf3b4a2a044deab7676e9db7ea5b5
2026-08-10 20:29:48 | INFO | monitor_runtime | Dispatch scan completed | dispatchId=load | claimId=298b788f8d1449f7b796b462725ea957 | deviceId=6a79ee69db8727cabe0f7ef3 | nextCheckAt=2026-08-10T15:30:15.399863+00:00 | claimedAt=2026-08-10T15:29:45.399863+00:00 | pingStartedAt=2026-08-10T15:29:45.413701+00:00 | pingCompletedAt=2026-08-10T15:29:48.413701+00:00 | queueWaitMs=3 | pingDurationMs=3000 | dueLagMs=1031 | outcome=scanned | workers_active=18 | queue_depth=0
2026-08-10 20:29:48 | INFO | monitor_runtime | Dispatch scan completed | dispatchId=load | claimId=afa51f6be0934165816581eeaab73759 | deviceId=6a79ee69db8727cabe0f7ef4 | nextCheckAt=2026-08-10T15:30:15.399863+00:00 | claimedAt=2026-08-10T15:29:45.399863+00:00 | pingStartedAt=2026-08-10T15:29:45.414720+00:00 | pingCompletedAt=2026-08-10T15:29:48.414720+00:00 | queueWaitMs=0 | pingDurationMs=3000 | dueLagMs=1032 | outcome=scanned | workers_active=18 | queue_depth=0
2026-08-10 20:29:48 | INFO | monitor_claim | Device scan claim released | deviceId=6a79ee69db8727cabe0f7ef3 | claimId=298b788f8d1449f7b796b462725ea957
2026-08-10 20:29:48 | INFO | monitor_runtime | Dispatch scan completed | dispatchId=load | claimId=c5848e6870d94b29bfb0caad3aa00bbf | deviceId=6a79ee69db8727cabe0f7ef2 | nextCheckAt=2026-08-10T15:30:15.399863+00:00 | claimedAt=2026-08-10T15:29:45.399863+00:00 | pingStartedAt=2026-08-10T15:29:45.415231+00:00 | pingCompletedAt=2026-08-10T15:29:48.415231+00:00 | queueWaitMs=2 | pingDurationMs=3000 | dueLagMs=1032 | outcome=scanned | workers_active=17 | queue_depth=0
2026-08-10 20:29:48 | INFO | monitor_claim | Device scan claim released | deviceId=6a79ee69db8727cabe0f7ef4 | claimId=afa51f6be0934165816581eeaab73759
2026-08-10 20:29:48 | INFO | monitor_claim | Device scan claim released | deviceId=6a79ee69db8727cabe0f7ef2 | claimId=c5848e6870d94b29bfb0caad3aa00bbf
2026-08-10 20:29:48 | INFO | monitor_runtime | Dispatch scan completed | dispatchId=load | claimId=13631a0b0b0b477d9140988e085c94a9 | deviceId=6a79ee69db8727cabe0f7ef5 | nextCheckAt=2026-08-10T15:30:15.399863+00:00 | claimedAt=2026-08-10T15:29:45.399863+00:00 | pingStartedAt=2026-08-10T15:29:45.415231+00:00 | pingCompletedAt=2026-08-10T15:29:48.415231+00:00 | queueWaitMs=0 | pingDurationMs=3000 | dueLagMs=1032 | outcome=scanned | workers_active=17 | queue_depth=0
2026-08-10 20:29:48 | INFO | monitor_runtime | Dispatch scan completed | dispatchId=load | claimId=73c19d0400934ea38b482adaf1364a25 | deviceId=6a79ee69db8727cabe0f7ef6 | nextCheckAt=2026-08-10T15:30:15.399863+00:00 | claimedAt=2026-08-10T15:29:45.399863+00:00 | pingStartedAt=2026-08-10T15:29:45.416248+00:00 | pingCompletedAt=2026-08-10T15:29:48.416248+00:00 | queueWaitMs=1 | pingDurationMs=3000 | dueLagMs=1033 | outcome=scanned | workers_active=16 | queue_depth=0
2026-08-10 20:29:48 | INFO | monitor_claim | Device scan claim released | deviceId=6a79ee69db8727cabe0f7ef5 | claimId=13631a0b0b0b477d9140988e085c94a9
2026-08-10 20:29:48 | INFO | monitor_runtime | Dispatch scan completed | dispatchId=load | claimId=f1f275c8da3148eb806ebe5e58fc5cbb | deviceId=6a79ee69db8727cabe0f7ef9 | nextCheckAt=2026-08-10T15:30:15.399863+00:00 | claimedAt=2026-08-10T15:29:45.399863+00:00 | pingStartedAt=2026-08-10T15:29:45.417776+00:00 | pingCompletedAt=2026-08-10T15:29:48.417776+00:00 | queueWaitMs=1 | pingDurationMs=3000 | dueLagMs=1035 | outcome=scanned | workers_active=16 | queue_depth=0
2026-08-10 20:29:48 | INFO | monitor_claim | Device scan claim released | deviceId=6a79ee69db8727cabe0f7ef6 | claimId=73c19d0400934ea38b482adaf1364a25
2026-08-10 20:29:48 | INFO | monitor_runtime | Dispatch scan completed | dispatchId=load | claimId=96532dfbb1ef48e99a1bc901447b8368 | deviceId=6a79ee69db8727cabe0f7ef8 | nextCheckAt=2026-08-10T15:30:15.399863+00:00 | claimedAt=2026-08-10T15:29:45.399863+00:00 | pingStartedAt=2026-08-10T15:29:45.418793+00:00 | pingCompletedAt=2026-08-10T15:29:48.418793+00:00 | queueWaitMs=1 | pingDurationMs=3000 | dueLagMs=1036 | outcome=scanned | workers_active=16 | queue_depth=0
2026-08-10 20:29:48 | INFO | monitor_claim | Device scan claim released | deviceId=6a79ee69db8727cabe0f7ef9 | claimId=f1f275c8da3148eb806ebe5e58fc5cbb
2026-08-10 20:29:48 | INFO | monitor_runtime | Dispatch scan completed | dispatchId=load | claimId=6cf1773ba56645a786bc4b6208866316 | deviceId=6a79ee69db8727cabe0f7ef7 | nextCheckAt=2026-08-10T15:30:15.399863+00:00 | claimedAt=2026-08-10T15:29:45.399863+00:00 | pingStartedAt=2026-08-10T15:29:45.419307+00:00 | pingCompletedAt=2026-08-10T15:29:48.419307+00:00 | queueWaitMs=1 | pingDurationMs=3000 | dueLagMs=1036 | outcome=scanned | workers_active=16 | queue_depth=0
2026-08-10 20:29:48 | INFO | monitor_claim | Device scan claim released | deviceId=6a79ee69db8727cabe0f7ef8 | claimId=96532dfbb1ef48e99a1bc901447b8368
2026-08-10 20:29:48 | INFO | monitor_runtime | Dispatch scan completed | dispatchId=load | claimId=42b4e441c0f64b0794af31ba8c5c7678 | deviceId=6a79ee69db8727cabe0f7efb | nextCheckAt=2026-08-10T15:30:15.399863+00:00 | claimedAt=2026-08-10T15:29:45.399863+00:00 | pingStartedAt=2026-08-10T15:29:45.419839+00:00 | pingCompletedAt=2026-08-10T15:29:48.419839+00:00 | queueWaitMs=1 | pingDurationMs=3000 | dueLagMs=1037 | outcome=scanned | workers_active=15 | queue_depth=0
2026-08-10 20:29:48 | INFO | monitor_claim | Device scan claim released | deviceId=6a79ee69db8727cabe0f7ef7 | claimId=6cf1773ba56645a786bc4b6208866316
2026-08-10 20:29:48 | INFO | monitor_runtime | Dispatch scan completed | dispatchId=load | claimId=4c740075481049f699e7d3b25fc74eff | deviceId=6a79ee69db8727cabe0f7efc | nextCheckAt=2026-08-10T15:30:15.399863+00:00 | claimedAt=2026-08-10T15:29:45.399863+00:00 | pingStartedAt=2026-08-10T15:29:45.420366+00:00 | pingCompletedAt=2026-08-10T15:29:48.420366+00:00 | queueWaitMs=0 | pingDurationMs=3000 | dueLagMs=1037 | outcome=scanned | workers_active=15 | queue_depth=0
2026-08-10 20:29:48 | INFO | monitor_claim | Device scan claim released | deviceId=6a79ee69db8727cabe0f7efb | claimId=42b4e441c0f64b0794af31ba8c5c7678
2026-08-10 20:29:48 | INFO | monitor_runtime | Dispatch scan completed | dispatchId=load | claimId=c1a8b809ba154d669963e8bdb08ccaf0 | deviceId=6a79ee69db8727cabe0f7efa | nextCheckAt=2026-08-10T15:30:15.399863+00:00 | claimedAt=2026-08-10T15:29:45.399863+00:00 | pingStartedAt=2026-08-10T15:29:45.420366+00:00 | pingCompletedAt=2026-08-10T15:29:48.420366+00:00 | queueWaitMs=0 | pingDurationMs=3000 | dueLagMs=1037 | outcome=scanned | workers_active=15 | queue_depth=0
2026-08-10 20:29:48 | INFO | monitor_claim | Device scan claim released | deviceId=6a79ee69db8727cabe0f7efc | claimId=4c740075481049f699e7d3b25fc74eff
2026-08-10 20:29:48 | INFO | monitor_runtime | Dispatch scan completed | dispatchId=load | claimId=dc3cf3a08a2e4121b17342d373b58462 | deviceId=6a79ee69db8727cabe0f7efd | nextCheckAt=2026-08-10T15:30:15.399863+00:00 | claimedAt=2026-08-10T15:29:45.399863+00:00 | pingStartedAt=2026-08-10T15:29:45.420366+00:00 | pingCompletedAt=2026-08-10T15:29:48.420366+00:00 | queueWaitMs=0 | pingDurationMs=3000 | dueLagMs=1037 | outcome=scanned | workers_active=15 | queue_depth=0
2026-08-10 20:29:48 | INFO | monitor_claim | Device scan claim released | deviceId=6a79ee69db8727cabe0f7efa | claimId=c1a8b809ba154d669963e8bdb08ccaf0
2026-08-10 20:29:48 | INFO | monitor_claim | Device scan claim released | deviceId=6a79ee69db8727cabe0f7efd | claimId=dc3cf3a08a2e4121b17342d373b58462
2026-08-10 20:29:48 | INFO | monitor_claim | Device scan claimed | deviceId=6a79ee69db8727cabe0f7efe | claimId=e4be74de45ba4b0fb34539fe6e84cda1 | claimedAt=2026-08-10T15:29:48.444449+00:00 | nextCheckAt=2026-08-10T15:30:18.444449+00:00 | scanClaimExpiresAt=2026-08-10T15:30:03.444449+00:00 | ttlSeconds=15.0 | intervalSeconds=30
2026-08-10 20:29:48 | INFO | monitor_claim | Device scan claimed | deviceId=6a79ee69db8727cabe0f7eff | claimId=e51a673498454d80b43b3f3d808a95e0 | claimedAt=2026-08-10T15:29:48.444449+00:00 | nextCheckAt=2026-08-10T15:30:18.444449+00:00 | scanClaimExpiresAt=2026-08-10T15:30:03.444449+00:00 | ttlSeconds=15.0 | intervalSeconds=30
2026-08-10 20:29:48 | INFO | monitor_claim | Device scan claimed | deviceId=6a79ee69db8727cabe0f7f00 | claimId=4aeab9f38e7a41549917fc9ce0f09d16 | claimedAt=2026-08-10T15:29:48.444449+00:00 | nextCheckAt=2026-08-10T15:30:18.444449+00:00 | scanClaimExpiresAt=2026-08-10T15:30:03.444449+00:00 | ttlSeconds=15.0 | intervalSeconds=30
2026-08-10 20:29:48 | INFO | monitor_claim | Device scan claimed | deviceId=6a79ee69db8727cabe0f7f01 | claimId=75187008648146f7bf27d749a61a1b22 | claimedAt=2026-08-10T15:29:48.444449+00:00 | nextCheckAt=2026-08-10T15:30:18.444449+00:00 | scanClaimExpiresAt=2026-08-10T15:30:03.444449+00:00 | ttlSeconds=15.0 | intervalSeconds=30
2026-08-10 20:29:48 | INFO | monitor_claim | Device scan claimed | deviceId=6a79ee69db8727cabe0f7f02 | claimId=93b1d46a7ef043e2981d7ac2f31902a0 | claimedAt=2026-08-10T15:29:48.444449+00:00 | nextCheckAt=2026-08-10T15:30:18.444449+00:00 | scanClaimExpiresAt=2026-08-10T15:30:03.444449+00:00 | ttlSeconds=15.0 | intervalSeconds=30
2026-08-10 20:29:48 | INFO | monitor_claim | Device scan claimed | deviceId=6a79ee69db8727cabe0f7f03 | claimId=6df775085514437c96df9873b1d44589 | claimedAt=2026-08-10T15:29:48.444449+00:00 | nextCheckAt=2026-08-10T15:30:18.444449+00:00 | scanClaimExpiresAt=2026-08-10T15:30:03.444449+00:00 | ttlSeconds=15.0 | intervalSeconds=30
2026-08-10 20:29:48 | INFO | monitor_claim | Device scan claimed | deviceId=6a79ee69db8727cabe0f7f04 | claimId=2c7450f14400400397ae4f833b7b2208 | claimedAt=2026-08-10T15:29:48.444449+00:00 | nextCheckAt=2026-08-10T15:30:18.444449+00:00 | scanClaimExpiresAt=2026-08-10T15:30:03.444449+00:00 | ttlSeconds=15.0 | intervalSeconds=30
2026-08-10 20:29:48 | INFO | monitor_claim | Device scan claimed | deviceId=6a79ee69db8727cabe0f7f05 | claimId=dc836c67671247b4beea8d6b58827bb3 | claimedAt=2026-08-10T15:29:48.444449+00:00 | nextCheckAt=2026-08-10T15:30:18.444449+00:00 | scanClaimExpiresAt=2026-08-10T15:30:03.444449+00:00 | ttlSeconds=15.0 | intervalSeconds=30
2026-08-10 20:29:48 | INFO | monitor_claim | Device scan claimed | deviceId=6a79ee69db8727cabe0f7f06 | claimId=0110ea08e03644c4a0778720ad1624a5 | claimedAt=2026-08-10T15:29:48.444449+00:00 | nextCheckAt=2026-08-10T15:30:18.444449+00:00 | scanClaimExpiresAt=2026-08-10T15:30:03.444449+00:00 | ttlSeconds=15.0 | intervalSeconds=30
2026-08-10 20:29:48 | INFO | monitor_claim | Device scan claimed | deviceId=6a79ee69db8727cabe0f7f07 | claimId=10dd79284dea40e1b5ec7713e1d23b74 | claimedAt=2026-08-10T15:29:48.444449+00:00 | nextCheckAt=2026-08-10T15:30:18.444449+00:00 | scanClaimExpiresAt=2026-08-10T15:30:03.444449+00:00 | ttlSeconds=15.0 | intervalSeconds=30
2026-08-10 20:29:48 | INFO | monitor_claim | Device scan claimed | deviceId=6a79ee69db8727cabe0f7f08 | claimId=154ed934891c4192903ca37cbadbea76 | claimedAt=2026-08-10T15:29:48.444449+00:00 | nextCheckAt=2026-08-10T15:30:18.444449+00:00 | scanClaimExpiresAt=2026-08-10T15:30:03.444449+00:00 | ttlSeconds=15.0 | intervalSeconds=30
2026-08-10 20:29:48 | INFO | monitor_claim | Device scan claimed | deviceId=6a79ee69db8727cabe0f7f09 | claimId=cd87063b1fd94bddabe0a5fb23021d89 | claimedAt=2026-08-10T15:29:48.444449+00:00 | nextCheckAt=2026-08-10T15:30:18.444449+00:00 | scanClaimExpiresAt=2026-08-10T15:30:03.444449+00:00 | ttlSeconds=15.0 | intervalSeconds=30
2026-08-10 20:29:48 | INFO | monitor_claim | Device scan claimed | deviceId=6a79ee69db8727cabe0f7f0a | claimId=a1d07de739234ed8a0b4a38a9137ec54 | claimedAt=2026-08-10T15:29:48.444449+00:00 | nextCheckAt=2026-08-10T15:30:18.444449+00:00 | scanClaimExpiresAt=2026-08-10T15:30:03.444449+00:00 | ttlSeconds=15.0 | intervalSeconds=30
2026-08-10 20:29:48 | INFO | monitor_claim | Device scan claimed | deviceId=6a79ee69db8727cabe0f7f0b | claimId=0dae3f5ce4664663a163fcf2072fb080 | claimedAt=2026-08-10T15:29:48.444449+00:00 | nextCheckAt=2026-08-10T15:30:18.444449+00:00 | scanClaimExpiresAt=2026-08-10T15:30:03.444449+00:00 | ttlSeconds=15.0 | intervalSeconds=30
2026-08-10 20:29:48 | INFO | monitor_claim | Device scan claimed | deviceId=6a79ee69db8727cabe0f7f0c | claimId=2af5ceeca0344c41b0f94ac19462fdc5 | claimedAt=2026-08-10T15:29:48.444449+00:00 | nextCheckAt=2026-08-10T15:30:18.444449+00:00 | scanClaimExpiresAt=2026-08-10T15:30:03.444449+00:00 | ttlSeconds=15.0 | intervalSeconds=30
2026-08-10 20:29:48 | INFO | monitor_claim | Device scan claimed | deviceId=6a79ee69db8727cabe0f7f0d | claimId=de3953f3f24b4f619674e346ac2816f5 | claimedAt=2026-08-10T15:29:48.444449+00:00 | nextCheckAt=2026-08-10T15:30:18.444449+00:00 | scanClaimExpiresAt=2026-08-10T15:30:03.444449+00:00 | ttlSeconds=15.0 | intervalSeconds=30
2026-08-10 20:29:48 | INFO | monitor_claim | Device scan claimed | deviceId=6a79ee69db8727cabe0f7f0e | claimId=6fee07b9d5ca464aacb95fe76b182bdc | claimedAt=2026-08-10T15:29:48.444449+00:00 | nextCheckAt=2026-08-10T15:30:18.444449+00:00 | scanClaimExpiresAt=2026-08-10T15:30:03.444449+00:00 | ttlSeconds=15.0 | intervalSeconds=30
2026-08-10 20:29:48 | INFO | monitor_claim | Device scan claimed | deviceId=6a79ee69db8727cabe0f7f0f | claimId=ce6c3e013e4140379bb116b240a119d5 | claimedAt=2026-08-10T15:29:48.444449+00:00 | nextCheckAt=2026-08-10T15:30:18.444449+00:00 | scanClaimExpiresAt=2026-08-10T15:30:03.444449+00:00 | ttlSeconds=15.0 | intervalSeconds=30
2026-08-10 20:29:48 | INFO | monitor_claim | Device scan claimed | deviceId=6a79ee69db8727cabe0f7f10 | claimId=c7c56159f13a4fa1a125022e4faa3d2c | claimedAt=2026-08-10T15:29:48.444449+00:00 | nextCheckAt=2026-08-10T15:30:18.444449+00:00 | scanClaimExpiresAt=2026-08-10T15:30:03.444449+00:00 | ttlSeconds=15.0 | intervalSeconds=30
2026-08-10 20:29:48 | INFO | monitor_claim | Device scan claimed | deviceId=6a79ee69db8727cabe0f7f11 | claimId=758b05e99bb345ce83bed5dbeceb7ea7 | claimedAt=2026-08-10T15:29:48.444449+00:00 | nextCheckAt=2026-08-10T15:30:18.444449+00:00 | scanClaimExpiresAt=2026-08-10T15:30:03.444449+00:00 | ttlSeconds=15.0 | intervalSeconds=30
2026-08-10 20:29:51 | INFO | monitor_runtime | Dispatch scan completed | dispatchId=load | claimId=e4be74de45ba4b0fb34539fe6e84cda1 | deviceId=6a79ee69db8727cabe0f7efe | nextCheckAt=2026-08-10T15:30:18.444449+00:00 | claimedAt=2026-08-10T15:29:48.444449+00:00 | pingStartedAt=2026-08-10T15:29:48.450433+00:00 | pingCompletedAt=2026-08-10T15:29:51.450433+00:00 | queueWaitMs=1 | pingDurationMs=3000 | dueLagMs=4067 | outcome=scanned | workers_active=20 | queue_depth=0
2026-08-10 20:29:51 | INFO | monitor_claim | Device scan claim released | deviceId=6a79ee69db8727cabe0f7efe | claimId=e4be74de45ba4b0fb34539fe6e84cda1
2026-08-10 20:29:51 | INFO | monitor_runtime | Dispatch scan completed | dispatchId=load | claimId=e51a673498454d80b43b3f3d808a95e0 | deviceId=6a79ee69db8727cabe0f7eff | nextCheckAt=2026-08-10T15:30:18.444449+00:00 | claimedAt=2026-08-10T15:29:48.444449+00:00 | pingStartedAt=2026-08-10T15:29:48.451306+00:00 | pingCompletedAt=2026-08-10T15:29:51.451306+00:00 | queueWaitMs=0 | pingDurationMs=3000 | dueLagMs=4068 | outcome=scanned | workers_active=20 | queue_depth=0
2026-08-10 20:29:51 | INFO | monitor_claim | Device scan claim released | deviceId=6a79ee69db8727cabe0f7eff | claimId=e51a673498454d80b43b3f3d808a95e0
2026-08-10 20:29:51 | INFO | monitor_runtime | Dispatch scan completed | dispatchId=load | claimId=4aeab9f38e7a41549917fc9ce0f09d16 | deviceId=6a79ee69db8727cabe0f7f00 | nextCheckAt=2026-08-10T15:30:18.444449+00:00 | claimedAt=2026-08-10T15:29:48.444449+00:00 | pingStartedAt=2026-08-10T15:29:48.452058+00:00 | pingCompletedAt=2026-08-10T15:29:51.452058+00:00 | queueWaitMs=0 | pingDurationMs=3000 | dueLagMs=4069 | outcome=scanned | workers_active=20 | queue_depth=0
2026-08-10 20:29:51 | INFO | monitor_runtime | Dispatch scan completed | dispatchId=load | claimId=75187008648146f7bf27d749a61a1b22 | deviceId=6a79ee69db8727cabe0f7f01 | nextCheckAt=2026-08-10T15:30:18.444449+00:00 | claimedAt=2026-08-10T15:29:48.444449+00:00 | pingStartedAt=2026-08-10T15:29:48.453096+00:00 | pingCompletedAt=2026-08-10T15:29:51.453096+00:00 | queueWaitMs=1 | pingDurationMs=3000 | dueLagMs=4070 | outcome=scanned | workers_active=20 | queue_depth=0
2026-08-10 20:29:51 | INFO | monitor_claim | Device scan claim released | deviceId=6a79ee69db8727cabe0f7f00 | claimId=4aeab9f38e7a41549917fc9ce0f09d16
2026-08-10 20:29:51 | INFO | monitor_runtime | Dispatch scan completed | dispatchId=load | claimId=93b1d46a7ef043e2981d7ac2f31902a0 | deviceId=6a79ee69db8727cabe0f7f02 | nextCheckAt=2026-08-10T15:30:18.444449+00:00 | claimedAt=2026-08-10T15:29:48.444449+00:00 | pingStartedAt=2026-08-10T15:29:48.453644+00:00 | pingCompletedAt=2026-08-10T15:29:51.453644+00:00 | queueWaitMs=1 | pingDurationMs=3000 | dueLagMs=4071 | outcome=scanned | workers_active=20 | queue_depth=0
2026-08-10 20:29:51 | INFO | monitor_runtime | Dispatch scan completed | dispatchId=load | claimId=6df775085514437c96df9873b1d44589 | deviceId=6a79ee69db8727cabe0f7f03 | nextCheckAt=2026-08-10T15:30:18.444449+00:00 | claimedAt=2026-08-10T15:29:48.444449+00:00 | pingStartedAt=2026-08-10T15:29:48.454255+00:00 | pingCompletedAt=2026-08-10T15:29:51.454255+00:00 | queueWaitMs=0 | pingDurationMs=3000 | dueLagMs=4071 | outcome=scanned | workers_active=20 | queue_depth=0
2026-08-10 20:29:51 | INFO | monitor_runtime | Dispatch scan completed | dispatchId=load | claimId=2c7450f14400400397ae4f833b7b2208 | deviceId=6a79ee69db8727cabe0f7f04 | nextCheckAt=2026-08-10T15:30:18.444449+00:00 | claimedAt=2026-08-10T15:29:48.444449+00:00 | pingStartedAt=2026-08-10T15:29:48.457498+00:00 | pingCompletedAt=2026-08-10T15:29:51.457498+00:00 | queueWaitMs=0 | pingDurationMs=3000 | dueLagMs=4074 | outcome=scanned | workers_active=18 | queue_depth=0
2026-08-10 20:29:51 | INFO | monitor_runtime | Dispatch scan completed | dispatchId=load | claimId=dc836c67671247b4beea8d6b58827bb3 | deviceId=6a79ee69db8727cabe0f7f05 | nextCheckAt=2026-08-10T15:30:18.444449+00:00 | claimedAt=2026-08-10T15:29:48.444449+00:00 | pingStartedAt=2026-08-10T15:29:48.457498+00:00 | pingCompletedAt=2026-08-10T15:29:51.457498+00:00 | queueWaitMs=1 | pingDurationMs=3000 | dueLagMs=4074 | outcome=scanned | workers_active=18 | queue_depth=0
2026-08-10 20:29:51 | INFO | monitor_runtime | Dispatch scan completed | dispatchId=load | claimId=10dd79284dea40e1b5ec7713e1d23b74 | deviceId=6a79ee69db8727cabe0f7f07 | nextCheckAt=2026-08-10T15:30:18.444449+00:00 | claimedAt=2026-08-10T15:29:48.444449+00:00 | pingStartedAt=2026-08-10T15:29:48.457498+00:00 | pingCompletedAt=2026-08-10T15:29:51.457498+00:00 | queueWaitMs=0 | pingDurationMs=3000 | dueLagMs=4074 | outcome=scanned | workers_active=18 | queue_depth=0
2026-08-10 20:29:51 | INFO | monitor_runtime | Dispatch scan completed | dispatchId=load | claimId=0110ea08e03644c4a0778720ad1624a5 | deviceId=6a79ee69db8727cabe0f7f06 | nextCheckAt=2026-08-10T15:30:18.444449+00:00 | claimedAt=2026-08-10T15:29:48.444449+00:00 | pingStartedAt=2026-08-10T15:29:48.459283+00:00 | pingCompletedAt=2026-08-10T15:29:51.459283+00:00 | queueWaitMs=1 | pingDurationMs=3000 | dueLagMs=4076 | outcome=scanned | workers_active=18 | queue_depth=0
2026-08-10 20:29:51 | INFO | monitor_runtime | Dispatch scan completed | dispatchId=load | claimId=154ed934891c4192903ca37cbadbea76 | deviceId=6a79ee69db8727cabe0f7f08 | nextCheckAt=2026-08-10T15:30:18.444449+00:00 | claimedAt=2026-08-10T15:29:48.444449+00:00 | pingStartedAt=2026-08-10T15:29:48.459846+00:00 | pingCompletedAt=2026-08-10T15:29:51.459846+00:00 | queueWaitMs=0 | pingDurationMs=3000 | dueLagMs=4077 | outcome=scanned | workers_active=18 | queue_depth=0
2026-08-10 20:29:51 | INFO | monitor_runtime | Dispatch scan completed | dispatchId=load | claimId=0dae3f5ce4664663a163fcf2072fb080 | deviceId=6a79ee69db8727cabe0f7f0b | nextCheckAt=2026-08-10T15:30:18.444449+00:00 | claimedAt=2026-08-10T15:29:48.444449+00:00 | pingStartedAt=2026-08-10T15:29:48.461997+00:00 | pingCompletedAt=2026-08-10T15:29:51.461997+00:00 | queueWaitMs=0 | pingDurationMs=3000 | dueLagMs=4079 | outcome=scanned | workers_active=18 | queue_depth=0
2026-08-10 20:29:51 | INFO | monitor_claim | Device scan claim released | deviceId=6a79ee69db8727cabe0f7f01 | claimId=75187008648146f7bf27d749a61a1b22
2026-08-10 20:29:51 | INFO | monitor_claim | Device scan claim released | deviceId=6a79ee69db8727cabe0f7f02 | claimId=93b1d46a7ef043e2981d7ac2f31902a0
2026-08-10 20:29:51 | INFO | monitor_claim | Device scan claim released | deviceId=6a79ee69db8727cabe0f7f03 | claimId=6df775085514437c96df9873b1d44589
2026-08-10 20:29:51 | INFO | monitor_claim | Device scan claim released | deviceId=6a79ee69db8727cabe0f7f04 | claimId=2c7450f14400400397ae4f833b7b2208
2026-08-10 20:29:51 | INFO | monitor_claim | Device scan claim released | deviceId=6a79ee69db8727cabe0f7f05 | claimId=dc836c67671247b4beea8d6b58827bb3
2026-08-10 20:29:51 | INFO | monitor_claim | Device scan claim released | deviceId=6a79ee69db8727cabe0f7f07 | claimId=10dd79284dea40e1b5ec7713e1d23b74
2026-08-10 20:29:51 | INFO | monitor_runtime | Dispatch scan completed | dispatchId=load | claimId=2af5ceeca0344c41b0f94ac19462fdc5 | deviceId=6a79ee69db8727cabe0f7f0c | nextCheckAt=2026-08-10T15:30:18.444449+00:00 | claimedAt=2026-08-10T15:29:48.444449+00:00 | pingStartedAt=2026-08-10T15:29:48.462564+00:00 | pingCompletedAt=2026-08-10T15:29:51.462564+00:00 | queueWaitMs=0 | pingDurationMs=3000 | dueLagMs=4080 | outcome=scanned | workers_active=18 | queue_depth=0
2026-08-10 20:29:51 | INFO | monitor_claim | Device scan claim released | deviceId=6a79ee69db8727cabe0f7f06 | claimId=0110ea08e03644c4a0778720ad1624a5
2026-08-10 20:29:51 | INFO | monitor_runtime | Dispatch scan completed | dispatchId=load | claimId=cd87063b1fd94bddabe0a5fb23021d89 | deviceId=6a79ee69db8727cabe0f7f09 | nextCheckAt=2026-08-10T15:30:18.444449+00:00 | claimedAt=2026-08-10T15:29:48.444449+00:00 | pingStartedAt=2026-08-10T15:29:48.462564+00:00 | pingCompletedAt=2026-08-10T15:29:51.462564+00:00 | queueWaitMs=2 | pingDurationMs=3000 | dueLagMs=4080 | outcome=scanned | workers_active=18 | queue_depth=0
2026-08-10 20:29:51 | INFO | monitor_runtime | Dispatch scan completed | dispatchId=load | claimId=6fee07b9d5ca464aacb95fe76b182bdc | deviceId=6a79ee69db8727cabe0f7f0e | nextCheckAt=2026-08-10T15:30:18.444449+00:00 | claimedAt=2026-08-10T15:29:48.444449+00:00 | pingStartedAt=2026-08-10T15:29:48.464884+00:00 | pingCompletedAt=2026-08-10T15:29:51.464884+00:00 | queueWaitMs=1 | pingDurationMs=3000 | dueLagMs=4082 | outcome=scanned | workers_active=18 | queue_depth=0
2026-08-10 20:29:51 | INFO | monitor_claim | Device scan claim released | deviceId=6a79ee69db8727cabe0f7f08 | claimId=154ed934891c4192903ca37cbadbea76
2026-08-10 20:29:51 | INFO | monitor_runtime | Dispatch scan completed | dispatchId=load | claimId=c7c56159f13a4fa1a125022e4faa3d2c | deviceId=6a79ee69db8727cabe0f7f10 | nextCheckAt=2026-08-10T15:30:18.444449+00:00 | claimedAt=2026-08-10T15:29:48.444449+00:00 | pingStartedAt=2026-08-10T15:29:48.465414+00:00 | pingCompletedAt=2026-08-10T15:29:51.465414+00:00 | queueWaitMs=0 | pingDurationMs=3000 | dueLagMs=4082 | outcome=scanned | workers_active=17 | queue_depth=0
2026-08-10 20:29:51 | INFO | monitor_runtime | Dispatch scan completed | dispatchId=load | claimId=a1d07de739234ed8a0b4a38a9137ec54 | deviceId=6a79ee69db8727cabe0f7f0a | nextCheckAt=2026-08-10T15:30:18.444449+00:00 | claimedAt=2026-08-10T15:29:48.444449+00:00 | pingStartedAt=2026-08-10T15:29:48.465414+00:00 | pingCompletedAt=2026-08-10T15:29:51.465414+00:00 | queueWaitMs=1 | pingDurationMs=3000 | dueLagMs=4082 | outcome=scanned | workers_active=17 | queue_depth=0
2026-08-10 20:29:51 | INFO | monitor_runtime | Dispatch scan completed | dispatchId=load | claimId=758b05e99bb345ce83bed5dbeceb7ea7 | deviceId=6a79ee69db8727cabe0f7f11 | nextCheckAt=2026-08-10T15:30:18.444449+00:00 | claimedAt=2026-08-10T15:29:48.444449+00:00 | pingStartedAt=2026-08-10T15:29:48.465414+00:00 | pingCompletedAt=2026-08-10T15:29:51.465414+00:00 | queueWaitMs=0 | pingDurationMs=3000 | dueLagMs=4082 | outcome=scanned | workers_active=17 | queue_depth=0
2026-08-10 20:29:51 | INFO | monitor_claim | Device scan claim released | deviceId=6a79ee69db8727cabe0f7f0b | claimId=0dae3f5ce4664663a163fcf2072fb080
2026-08-10 20:29:51 | INFO | monitor_claim | Device scan claim released | deviceId=6a79ee69db8727cabe0f7f0c | claimId=2af5ceeca0344c41b0f94ac19462fdc5
2026-08-10 20:29:51 | INFO | monitor_runtime | Dispatch scan completed | dispatchId=load | claimId=ce6c3e013e4140379bb116b240a119d5 | deviceId=6a79ee69db8727cabe0f7f0f | nextCheckAt=2026-08-10T15:30:18.444449+00:00 | claimedAt=2026-08-10T15:29:48.444449+00:00 | pingStartedAt=2026-08-10T15:29:48.467894+00:00 | pingCompletedAt=2026-08-10T15:29:51.467894+00:00 | queueWaitMs=0 | pingDurationMs=3000 | dueLagMs=4085 | outcome=scanned | workers_active=17 | queue_depth=0
2026-08-10 20:29:51 | INFO | monitor_claim | Device scan claim released | deviceId=6a79ee69db8727cabe0f7f09 | claimId=cd87063b1fd94bddabe0a5fb23021d89
2026-08-10 20:29:51 | INFO | monitor_runtime | Dispatch scan completed | dispatchId=load | claimId=de3953f3f24b4f619674e346ac2816f5 | deviceId=6a79ee69db8727cabe0f7f0d | nextCheckAt=2026-08-10T15:30:18.444449+00:00 | claimedAt=2026-08-10T15:29:48.444449+00:00 | pingStartedAt=2026-08-10T15:29:48.468864+00:00 | pingCompletedAt=2026-08-10T15:29:51.468864+00:00 | queueWaitMs=1 | pingDurationMs=3000 | dueLagMs=4086 | outcome=scanned | workers_active=17 | queue_depth=0
2026-08-10 20:29:51 | INFO | monitor_claim | Device scan claim released | deviceId=6a79ee69db8727cabe0f7f0e | claimId=6fee07b9d5ca464aacb95fe76b182bdc
2026-08-10 20:29:51 | INFO | monitor_claim | Device scan claim released | deviceId=6a79ee69db8727cabe0f7f10 | claimId=c7c56159f13a4fa1a125022e4faa3d2c
2026-08-10 20:29:51 | INFO | monitor_claim | Device scan claim released | deviceId=6a79ee69db8727cabe0f7f0a | claimId=a1d07de739234ed8a0b4a38a9137ec54
2026-08-10 20:29:51 | INFO | monitor_claim | Device scan claim released | deviceId=6a79ee69db8727cabe0f7f11 | claimId=758b05e99bb345ce83bed5dbeceb7ea7
2026-08-10 20:29:51 | INFO | monitor_claim | Device scan claim released | deviceId=6a79ee69db8727cabe0f7f0f | claimId=ce6c3e013e4140379bb116b240a119d5
2026-08-10 20:29:51 | INFO | monitor_claim | Device scan claim released | deviceId=6a79ee69db8727cabe0f7f0d | claimId=de3953f3f24b4f619674e346ac2816f5
2026-08-10 20:29:51 | INFO | monitor_claim | Device scan claimed | deviceId=6a79ee69db8727cabe0f7f12 | claimId=79120dbf45994f41837bd2423dfe99a6 | claimedAt=2026-08-10T15:29:51.498604+00:00 | nextCheckAt=2026-08-10T15:30:21.498604+00:00 | scanClaimExpiresAt=2026-08-10T15:30:06.498604+00:00 | ttlSeconds=15.0 | intervalSeconds=30
2026-08-10 20:29:51 | INFO | monitor_claim | Device scan claimed | deviceId=6a79ee69db8727cabe0f7f13 | claimId=a6ed0cb87d144f9bb44289efd16f6228 | claimedAt=2026-08-10T15:29:51.498604+00:00 | nextCheckAt=2026-08-10T15:30:21.498604+00:00 | scanClaimExpiresAt=2026-08-10T15:30:06.498604+00:00 | ttlSeconds=15.0 | intervalSeconds=30
2026-08-10 20:29:51 | INFO | monitor_claim | Device scan claimed | deviceId=6a79ee69db8727cabe0f7f14 | claimId=4a40ba802790492593696005fd8df363 | claimedAt=2026-08-10T15:29:51.498604+00:00 | nextCheckAt=2026-08-10T15:30:21.498604+00:00 | scanClaimExpiresAt=2026-08-10T15:30:06.498604+00:00 | ttlSeconds=15.0 | intervalSeconds=30
2026-08-10 20:29:51 | INFO | monitor_claim | Device scan claimed | deviceId=6a79ee69db8727cabe0f7f15 | claimId=4057e43126084cd18ff8fbfe40d438d8 | claimedAt=2026-08-10T15:29:51.498604+00:00 | nextCheckAt=2026-08-10T15:30:21.498604+00:00 | scanClaimExpiresAt=2026-08-10T15:30:06.498604+00:00 | ttlSeconds=15.0 | intervalSeconds=30
2026-08-10 20:29:51 | INFO | monitor_claim | Device scan claimed | deviceId=6a79ee69db8727cabe0f7f16 | claimId=2e2aa8a6634c4c7fa5a5cb17f8869c54 | claimedAt=2026-08-10T15:29:51.498604+00:00 | nextCheckAt=2026-08-10T15:30:21.498604+00:00 | scanClaimExpiresAt=2026-08-10T15:30:06.498604+00:00 | ttlSeconds=15.0 | intervalSeconds=30
2026-08-10 20:29:51 | INFO | monitor_claim | Device scan claimed | deviceId=6a79ee69db8727cabe0f7f17 | claimId=45a60258b4be4efc98ec660ce493dceb | claimedAt=2026-08-10T15:29:51.498604+00:00 | nextCheckAt=2026-08-10T15:30:21.498604+00:00 | scanClaimExpiresAt=2026-08-10T15:30:06.498604+00:00 | ttlSeconds=15.0 | intervalSeconds=30
2026-08-10 20:29:51 | INFO | monitor_claim | Device scan claimed | deviceId=6a79ee69db8727cabe0f7f18 | claimId=98508d035763442fab1b661bf149b914 | claimedAt=2026-08-10T15:29:51.498604+00:00 | nextCheckAt=2026-08-10T15:30:21.498604+00:00 | scanClaimExpiresAt=2026-08-10T15:30:06.498604+00:00 | ttlSeconds=15.0 | intervalSeconds=30
2026-08-10 20:29:51 | INFO | monitor_claim | Device scan claimed | deviceId=6a79ee69db8727cabe0f7f19 | claimId=69678da6377c47ec8c4670c0c65e36b4 | claimedAt=2026-08-10T15:29:51.498604+00:00 | nextCheckAt=2026-08-10T15:30:21.498604+00:00 | scanClaimExpiresAt=2026-08-10T15:30:06.498604+00:00 | ttlSeconds=15.0 | intervalSeconds=30
2026-08-10 20:29:51 | INFO | monitor_claim | Device scan claimed | deviceId=6a79ee69db8727cabe0f7f1a | claimId=2dcc9a9a5db94f16b708829e5db2887e | claimedAt=2026-08-10T15:29:51.498604+00:00 | nextCheckAt=2026-08-10T15:30:21.498604+00:00 | scanClaimExpiresAt=2026-08-10T15:30:06.498604+00:00 | ttlSeconds=15.0 | intervalSeconds=30
2026-08-10 20:29:51 | INFO | monitor_claim | Device scan claimed | deviceId=6a79ee69db8727cabe0f7f1b | claimId=3a4ae6c6998e4a8e86585d160e55f8eb | claimedAt=2026-08-10T15:29:51.498604+00:00 | nextCheckAt=2026-08-10T15:30:21.498604+00:00 | scanClaimExpiresAt=2026-08-10T15:30:06.498604+00:00 | ttlSeconds=15.0 | intervalSeconds=30
2026-08-10 20:29:51 | INFO | monitor_claim | Device scan claimed | deviceId=6a79ee69db8727cabe0f7f1c | claimId=2f7b1f55f2f14e4f83c5859a672ac21c | claimedAt=2026-08-10T15:29:51.498604+00:00 | nextCheckAt=2026-08-10T15:30:21.498604+00:00 | scanClaimExpiresAt=2026-08-10T15:30:06.498604+00:00 | ttlSeconds=15.0 | intervalSeconds=30
2026-08-10 20:29:51 | INFO | monitor_claim | Device scan claimed | deviceId=6a79ee69db8727cabe0f7f1d | claimId=b69fe88877ae4c219d2e1a8cd850e9bb | claimedAt=2026-08-10T15:29:51.498604+00:00 | nextCheckAt=2026-08-10T15:30:21.498604+00:00 | scanClaimExpiresAt=2026-08-10T15:30:06.498604+00:00 | ttlSeconds=15.0 | intervalSeconds=30
2026-08-10 20:29:51 | INFO | monitor_claim | Device scan claimed | deviceId=6a79ee69db8727cabe0f7f1e | claimId=26719895fd53439da627ac52b6007f6c | claimedAt=2026-08-10T15:29:51.498604+00:00 | nextCheckAt=2026-08-10T15:30:21.498604+00:00 | scanClaimExpiresAt=2026-08-10T15:30:06.498604+00:00 | ttlSeconds=15.0 | intervalSeconds=30
2026-08-10 20:29:51 | INFO | monitor_claim | Device scan claimed | deviceId=6a79ee69db8727cabe0f7f1f | claimId=aab5e26e657f490db39c359b1d2182a2 | claimedAt=2026-08-10T15:29:51.498604+00:00 | nextCheckAt=2026-08-10T15:30:21.498604+00:00 | scanClaimExpiresAt=2026-08-10T15:30:06.498604+00:00 | ttlSeconds=15.0 | intervalSeconds=30
2026-08-10 20:29:51 | INFO | monitor_claim | Device scan claimed | deviceId=6a79ee69db8727cabe0f7f20 | claimId=8acfc5f6510a440db61796f12cee402f | claimedAt=2026-08-10T15:29:51.498604+00:00 | nextCheckAt=2026-08-10T15:30:21.498604+00:00 | scanClaimExpiresAt=2026-08-10T15:30:06.498604+00:00 | ttlSeconds=15.0 | intervalSeconds=30
2026-08-10 20:29:51 | INFO | monitor_claim | Device scan claimed | deviceId=6a79ee69db8727cabe0f7f21 | claimId=81c44d8b4dd84fe9a2bb59fc9842f5d2 | claimedAt=2026-08-10T15:29:51.498604+00:00 | nextCheckAt=2026-08-10T15:30:21.498604+00:00 | scanClaimExpiresAt=2026-08-10T15:30:06.498604+00:00 | ttlSeconds=15.0 | intervalSeconds=30
2026-08-10 20:29:51 | INFO | monitor_claim | Device scan claimed | deviceId=6a79ee69db8727cabe0f7f22 | claimId=f4ca1a54d2aa432e8b1253ea70ac7cd1 | claimedAt=2026-08-10T15:29:51.498604+00:00 | nextCheckAt=2026-08-10T15:30:21.498604+00:00 | scanClaimExpiresAt=2026-08-10T15:30:06.498604+00:00 | ttlSeconds=15.0 | intervalSeconds=30
2026-08-10 20:29:51 | INFO | monitor_claim | Device scan claimed | deviceId=6a79ee69db8727cabe0f7f23 | claimId=aa5fd8583aba47ec8e3ac8f177f98bcb | claimedAt=2026-08-10T15:29:51.498604+00:00 | nextCheckAt=2026-08-10T15:30:21.498604+00:00 | scanClaimExpiresAt=2026-08-10T15:30:06.498604+00:00 | ttlSeconds=15.0 | intervalSeconds=30
2026-08-10 20:29:51 | INFO | monitor_claim | Device scan claimed | deviceId=6a79ee69db8727cabe0f7f24 | claimId=fbcf080aff084dbd872c5f56cced53ff | claimedAt=2026-08-10T15:29:51.518627+00:00 | nextCheckAt=2026-08-10T15:30:21.518627+00:00 | scanClaimExpiresAt=2026-08-10T15:30:06.518627+00:00 | ttlSeconds=15.0 | intervalSeconds=30
2026-08-10 20:29:51 | INFO | monitor_claim | Device scan claimed | deviceId=6a79ee69db8727cabe0f7f25 | claimId=473d2a5846624786a3c03402047549b6 | claimedAt=2026-08-10T15:29:51.518627+00:00 | nextCheckAt=2026-08-10T15:30:21.518627+00:00 | scanClaimExpiresAt=2026-08-10T15:30:06.518627+00:00 | ttlSeconds=15.0 | intervalSeconds=30
2026-08-10 20:29:54 | INFO | monitor_runtime | Dispatch scan completed | dispatchId=load | claimId=79120dbf45994f41837bd2423dfe99a6 | deviceId=6a79ee69db8727cabe0f7f12 | nextCheckAt=2026-08-10T15:30:21.498604+00:00 | claimedAt=2026-08-10T15:29:51.498604+00:00 | pingStartedAt=2026-08-10T15:29:51.506365+00:00 | pingCompletedAt=2026-08-10T15:29:54.506365+00:00 | queueWaitMs=0 | pingDurationMs=3000 | dueLagMs=7123 | outcome=scanned | workers_active=20 | queue_depth=0
2026-08-10 20:29:54 | INFO | monitor_claim | Device scan claim released | deviceId=6a79ee69db8727cabe0f7f12 | claimId=79120dbf45994f41837bd2423dfe99a6
2026-08-10 20:29:54 | INFO | monitor_runtime | Dispatch scan completed | dispatchId=load | claimId=a6ed0cb87d144f9bb44289efd16f6228 | deviceId=6a79ee69db8727cabe0f7f13 | nextCheckAt=2026-08-10T15:30:21.498604+00:00 | claimedAt=2026-08-10T15:29:51.498604+00:00 | pingStartedAt=2026-08-10T15:29:51.508379+00:00 | pingCompletedAt=2026-08-10T15:29:54.508379+00:00 | queueWaitMs=2 | pingDurationMs=3000 | dueLagMs=7125 | outcome=scanned | workers_active=19 | queue_depth=0
2026-08-10 20:29:54 | INFO | monitor_runtime | Dispatch scan completed | dispatchId=load | claimId=4a40ba802790492593696005fd8df363 | deviceId=6a79ee69db8727cabe0f7f14 | nextCheckAt=2026-08-10T15:30:21.498604+00:00 | claimedAt=2026-08-10T15:29:51.498604+00:00 | pingStartedAt=2026-08-10T15:29:51.508379+00:00 | pingCompletedAt=2026-08-10T15:29:54.508379+00:00 | queueWaitMs=0 | pingDurationMs=3000 | dueLagMs=7125 | outcome=scanned | workers_active=19 | queue_depth=0
2026-08-10 20:29:54 | INFO | monitor_claim | Device scan claim released | deviceId=6a79ee69db8727cabe0f7f13 | claimId=a6ed0cb87d144f9bb44289efd16f6228
2026-08-10 20:29:54 | INFO | monitor_runtime | Dispatch scan completed | dispatchId=load | claimId=4057e43126084cd18ff8fbfe40d438d8 | deviceId=6a79ee69db8727cabe0f7f15 | nextCheckAt=2026-08-10T15:30:21.498604+00:00 | claimedAt=2026-08-10T15:29:51.498604+00:00 | pingStartedAt=2026-08-10T15:29:51.508908+00:00 | pingCompletedAt=2026-08-10T15:29:54.508908+00:00 | queueWaitMs=0 | pingDurationMs=3000 | dueLagMs=7126 | outcome=scanned | workers_active=19 | queue_depth=0
2026-08-10 20:29:54 | INFO | monitor_claim | Device scan claim released | deviceId=6a79ee69db8727cabe0f7f14 | claimId=4a40ba802790492593696005fd8df363
2026-08-10 20:29:54 | INFO | monitor_runtime | Dispatch scan completed | dispatchId=load | claimId=2e2aa8a6634c4c7fa5a5cb17f8869c54 | deviceId=6a79ee69db8727cabe0f7f16 | nextCheckAt=2026-08-10T15:30:21.498604+00:00 | claimedAt=2026-08-10T15:29:51.498604+00:00 | pingStartedAt=2026-08-10T15:29:51.511445+00:00 | pingCompletedAt=2026-08-10T15:29:54.511445+00:00 | queueWaitMs=2 | pingDurationMs=3000 | dueLagMs=7128 | outcome=scanned | workers_active=18 | queue_depth=0
2026-08-10 20:29:54 | INFO | monitor_claim | Device scan claim released | deviceId=6a79ee69db8727cabe0f7f15 | claimId=4057e43126084cd18ff8fbfe40d438d8
2026-08-10 20:29:54 | INFO | monitor_claim | Device scan claim released | deviceId=6a79ee69db8727cabe0f7f16 | claimId=2e2aa8a6634c4c7fa5a5cb17f8869c54
2026-08-10 20:29:54 | INFO | monitor_runtime | Dispatch scan completed | dispatchId=load | claimId=69678da6377c47ec8c4670c0c65e36b4 | deviceId=6a79ee69db8727cabe0f7f19 | nextCheckAt=2026-08-10T15:30:21.498604+00:00 | claimedAt=2026-08-10T15:29:51.498604+00:00 | pingStartedAt=2026-08-10T15:29:51.512488+00:00 | pingCompletedAt=2026-08-10T15:29:54.512488+00:00 | queueWaitMs=0 | pingDurationMs=3000 | dueLagMs=7129 | outcome=scanned | workers_active=17 | queue_depth=0
2026-08-10 20:29:54 | INFO | monitor_runtime | Dispatch scan completed | dispatchId=load | claimId=98508d035763442fab1b661bf149b914 | deviceId=6a79ee69db8727cabe0f7f18 | nextCheckAt=2026-08-10T15:30:21.498604+00:00 | claimedAt=2026-08-10T15:29:51.498604+00:00 | pingStartedAt=2026-08-10T15:29:51.512488+00:00 | pingCompletedAt=2026-08-10T15:29:54.512488+00:00 | queueWaitMs=0 | pingDurationMs=3000 | dueLagMs=7129 | outcome=scanned | workers_active=17 | queue_depth=0
2026-08-10 20:29:54 | INFO | monitor_claim | Device scan claim released | deviceId=6a79ee69db8727cabe0f7f19 | claimId=69678da6377c47ec8c4670c0c65e36b4
2026-08-10 20:29:54 | INFO | monitor_runtime | Dispatch scan completed | dispatchId=load | claimId=45a60258b4be4efc98ec660ce493dceb | deviceId=6a79ee69db8727cabe0f7f17 | nextCheckAt=2026-08-10T15:30:21.498604+00:00 | claimedAt=2026-08-10T15:29:51.498604+00:00 | pingStartedAt=2026-08-10T15:29:51.513006+00:00 | pingCompletedAt=2026-08-10T15:29:54.513006+00:00 | queueWaitMs=0 | pingDurationMs=3000 | dueLagMs=7130 | outcome=scanned | workers_active=16 | queue_depth=0
2026-08-10 20:29:54 | INFO | monitor_claim | Device scan claim released | deviceId=6a79ee69db8727cabe0f7f18 | claimId=98508d035763442fab1b661bf149b914
2026-08-10 20:29:54 | INFO | monitor_runtime | Dispatch scan completed | dispatchId=load | claimId=2dcc9a9a5db94f16b708829e5db2887e | deviceId=6a79ee69db8727cabe0f7f1a | nextCheckAt=2026-08-10T15:30:21.498604+00:00 | claimedAt=2026-08-10T15:29:51.498604+00:00 | pingStartedAt=2026-08-10T15:29:51.514043+00:00 | pingCompletedAt=2026-08-10T15:29:54.514043+00:00 | queueWaitMs=1 | pingDurationMs=3000 | dueLagMs=7131 | outcome=scanned | workers_active=16 | queue_depth=0
2026-08-10 20:29:54 | INFO | monitor_claim | Device scan claim released | deviceId=6a79ee69db8727cabe0f7f17 | claimId=45a60258b4be4efc98ec660ce493dceb
2026-08-10 20:29:54 | INFO | monitor_runtime | Dispatch scan completed | dispatchId=load | claimId=3a4ae6c6998e4a8e86585d160e55f8eb | deviceId=6a79ee69db8727cabe0f7f1b | nextCheckAt=2026-08-10T15:30:21.498604+00:00 | claimedAt=2026-08-10T15:29:51.498604+00:00 | pingStartedAt=2026-08-10T15:29:51.514043+00:00 | pingCompletedAt=2026-08-10T15:29:54.514043+00:00 | queueWaitMs=0 | pingDurationMs=3000 | dueLagMs=7131 | outcome=scanned | workers_active=15 | queue_depth=0
2026-08-10 20:29:54 | INFO | monitor_claim | Device scan claim released | deviceId=6a79ee69db8727cabe0f7f1a | claimId=2dcc9a9a5db94f16b708829e5db2887e
2026-08-10 20:29:54 | INFO | monitor_runtime | Dispatch scan completed | dispatchId=load | claimId=2f7b1f55f2f14e4f83c5859a672ac21c | deviceId=6a79ee69db8727cabe0f7f1c | nextCheckAt=2026-08-10T15:30:21.498604+00:00 | claimedAt=2026-08-10T15:29:51.498604+00:00 | pingStartedAt=2026-08-10T15:29:51.514563+00:00 | pingCompletedAt=2026-08-10T15:29:54.514563+00:00 | queueWaitMs=0 | pingDurationMs=3000 | dueLagMs=7132 | outcome=scanned | workers_active=15 | queue_depth=0
2026-08-10 20:29:54 | INFO | monitor_runtime | Dispatch scan completed | dispatchId=load | claimId=b69fe88877ae4c219d2e1a8cd850e9bb | deviceId=6a79ee69db8727cabe0f7f1d | nextCheckAt=2026-08-10T15:30:21.498604+00:00 | claimedAt=2026-08-10T15:29:51.498604+00:00 | pingStartedAt=2026-08-10T15:29:51.515571+00:00 | pingCompletedAt=2026-08-10T15:29:54.515571+00:00 | queueWaitMs=0 | pingDurationMs=3000 | dueLagMs=7133 | outcome=scanned | workers_active=15 | queue_depth=0
2026-08-10 20:29:54 | INFO | monitor_claim | Device scan claim released | deviceId=6a79ee69db8727cabe0f7f1b | claimId=3a4ae6c6998e4a8e86585d160e55f8eb
2026-08-10 20:29:54 | INFO | monitor_runtime | Dispatch scan completed | dispatchId=load | claimId=26719895fd53439da627ac52b6007f6c | deviceId=6a79ee69db8727cabe0f7f1e | nextCheckAt=2026-08-10T15:30:21.498604+00:00 | claimedAt=2026-08-10T15:29:51.498604+00:00 | pingStartedAt=2026-08-10T15:29:51.516079+00:00 | pingCompletedAt=2026-08-10T15:29:54.516079+00:00 | queueWaitMs=1 | pingDurationMs=3000 | dueLagMs=7133 | outcome=scanned | workers_active=14 | queue_depth=0
2026-08-10 20:29:54 | INFO | monitor_claim | Device scan claim released | deviceId=6a79ee69db8727cabe0f7f1c | claimId=2f7b1f55f2f14e4f83c5859a672ac21c
2026-08-10 20:29:54 | INFO | monitor_runtime | Dispatch scan completed | dispatchId=load | claimId=aab5e26e657f490db39c359b1d2182a2 | deviceId=6a79ee69db8727cabe0f7f1f | nextCheckAt=2026-08-10T15:30:21.498604+00:00 | claimedAt=2026-08-10T15:29:51.498604+00:00 | pingStartedAt=2026-08-10T15:29:51.517089+00:00 | pingCompletedAt=2026-08-10T15:29:54.517089+00:00 | queueWaitMs=0 | pingDurationMs=3000 | dueLagMs=7134 | outcome=scanned | workers_active=13 | queue_depth=0
2026-08-10 20:29:54 | INFO | monitor_claim | Device scan claim released | deviceId=6a79ee69db8727cabe0f7f1d | claimId=b69fe88877ae4c219d2e1a8cd850e9bb
2026-08-10 20:29:54 | INFO | monitor_runtime | Dispatch scan completed | dispatchId=load | claimId=81c44d8b4dd84fe9a2bb59fc9842f5d2 | deviceId=6a79ee69db8727cabe0f7f21 | nextCheckAt=2026-08-10T15:30:21.498604+00:00 | claimedAt=2026-08-10T15:29:51.498604+00:00 | pingStartedAt=2026-08-10T15:29:51.519137+00:00 | pingCompletedAt=2026-08-10T15:29:54.519137+00:00 | queueWaitMs=0 | pingDurationMs=3000 | dueLagMs=7136 | outcome=scanned | workers_active=12 | queue_depth=0
2026-08-10 20:29:54 | INFO | monitor_claim | Device scan claim released | deviceId=6a79ee69db8727cabe0f7f1e | claimId=26719895fd53439da627ac52b6007f6c
2026-08-10 20:29:54 | INFO | monitor_runtime | Dispatch scan completed | dispatchId=load | claimId=8acfc5f6510a440db61796f12cee402f | deviceId=6a79ee69db8727cabe0f7f20 | nextCheckAt=2026-08-10T15:30:21.498604+00:00 | claimedAt=2026-08-10T15:29:51.498604+00:00 | pingStartedAt=2026-08-10T15:29:51.519137+00:00 | pingCompletedAt=2026-08-10T15:29:54.519137+00:00 | queueWaitMs=1 | pingDurationMs=3000 | dueLagMs=7136 | outcome=scanned | workers_active=12 | queue_depth=0
2026-08-10 20:29:54 | INFO | monitor_claim | Device scan claim released | deviceId=6a79ee69db8727cabe0f7f1f | claimId=aab5e26e657f490db39c359b1d2182a2
2026-08-10 20:29:54 | INFO | monitor_runtime | Dispatch scan completed | dispatchId=load | claimId=f4ca1a54d2aa432e8b1253ea70ac7cd1 | deviceId=6a79ee69db8727cabe0f7f22 | nextCheckAt=2026-08-10T15:30:21.498604+00:00 | claimedAt=2026-08-10T15:29:51.498604+00:00 | pingStartedAt=2026-08-10T15:29:51.519645+00:00 | pingCompletedAt=2026-08-10T15:29:54.519645+00:00 | queueWaitMs=0 | pingDurationMs=3000 | dueLagMs=7137 | outcome=scanned | workers_active=12 | queue_depth=0
2026-08-10 20:29:54 | INFO | monitor_claim | Device scan claim released | deviceId=6a79ee69db8727cabe0f7f21 | claimId=81c44d8b4dd84fe9a2bb59fc9842f5d2
2026-08-10 20:29:54 | INFO | monitor_runtime | Dispatch scan completed | dispatchId=load | claimId=aa5fd8583aba47ec8e3ac8f177f98bcb | deviceId=6a79ee69db8727cabe0f7f23 | nextCheckAt=2026-08-10T15:30:21.498604+00:00 | claimedAt=2026-08-10T15:29:51.498604+00:00 | pingStartedAt=2026-08-10T15:29:51.523135+00:00 | pingCompletedAt=2026-08-10T15:29:54.523135+00:00 | queueWaitMs=3 | pingDurationMs=3000 | dueLagMs=7140 | outcome=scanned | workers_active=9 | queue_depth=0
2026-08-10 20:29:54 | INFO | monitor_claim | Device scan claim released | deviceId=6a79ee69db8727cabe0f7f20 | claimId=8acfc5f6510a440db61796f12cee402f
2026-08-10 20:29:54 | INFO | monitor_runtime | Dispatch scan completed | dispatchId=load | claimId=473d2a5846624786a3c03402047549b6 | deviceId=6a79ee69db8727cabe0f7f25 | nextCheckAt=2026-08-10T15:30:21.518627+00:00 | claimedAt=2026-08-10T15:29:51.518627+00:00 | pingStartedAt=2026-08-10T15:29:51.524155+00:00 | pingCompletedAt=2026-08-10T15:29:54.524155+00:00 | queueWaitMs=0 | pingDurationMs=3000 | dueLagMs=7141 | outcome=scanned | workers_active=8 | queue_depth=0
2026-08-10 20:29:54 | INFO | monitor_claim | Device scan claim released | deviceId=6a79ee69db8727cabe0f7f22 | claimId=f4ca1a54d2aa432e8b1253ea70ac7cd1
2026-08-10 20:29:54 | INFO | monitor_runtime | Dispatch scan completed | dispatchId=load | claimId=fbcf080aff084dbd872c5f56cced53ff | deviceId=6a79ee69db8727cabe0f7f24 | nextCheckAt=2026-08-10T15:30:21.518627+00:00 | claimedAt=2026-08-10T15:29:51.518627+00:00 | pingStartedAt=2026-08-10T15:29:51.524155+00:00 | pingCompletedAt=2026-08-10T15:29:54.524155+00:00 | queueWaitMs=0 | pingDurationMs=3000 | dueLagMs=7141 | outcome=scanned | workers_active=8 | queue_depth=0
2026-08-10 20:29:54 | INFO | monitor_claim | Device scan claim released | deviceId=6a79ee69db8727cabe0f7f23 | claimId=aa5fd8583aba47ec8e3ac8f177f98bcb
2026-08-10 20:29:54 | INFO | monitor_claim | Device scan claim released | deviceId=6a79ee69db8727cabe0f7f25 | claimId=473d2a5846624786a3c03402047549b6
2026-08-10 20:29:54 | INFO | monitor_claim | Device scan claim released | deviceId=6a79ee69db8727cabe0f7f24 | claimId=fbcf080aff084dbd872c5f56cced53ff
2026-08-10 20:29:54 | INFO | monitor_claim | Device scan claimed | deviceId=6a79ee69db8727cabe0f7f26 | claimId=e181832863494c02b4ce810235ffeb4e | claimedAt=2026-08-10T15:29:54.552694+00:00 | nextCheckAt=2026-08-10T15:30:24.552694+00:00 | scanClaimExpiresAt=2026-08-10T15:30:09.552694+00:00 | ttlSeconds=15.0 | intervalSeconds=30
2026-08-10 20:29:54 | INFO | monitor_claim | Device scan claimed | deviceId=6a79ee69db8727cabe0f7f27 | claimId=9af81c55b6ef42b99ea22712b0798115 | claimedAt=2026-08-10T15:29:54.552694+00:00 | nextCheckAt=2026-08-10T15:30:24.552694+00:00 | scanClaimExpiresAt=2026-08-10T15:30:09.552694+00:00 | ttlSeconds=15.0 | intervalSeconds=30
2026-08-10 20:29:54 | INFO | monitor_claim | Device scan claimed | deviceId=6a79ee69db8727cabe0f7f28 | claimId=81a165041ae74d2c9c6c95c8e82fbf57 | claimedAt=2026-08-10T15:29:54.552694+00:00 | nextCheckAt=2026-08-10T15:30:24.552694+00:00 | scanClaimExpiresAt=2026-08-10T15:30:09.552694+00:00 | ttlSeconds=15.0 | intervalSeconds=30
2026-08-10 20:29:54 | INFO | monitor_claim | Device scan claimed | deviceId=6a79ee69db8727cabe0f7f29 | claimId=7c96e146b2bd44fe947c261bf42254c4 | claimedAt=2026-08-10T15:29:54.552694+00:00 | nextCheckAt=2026-08-10T15:30:24.552694+00:00 | scanClaimExpiresAt=2026-08-10T15:30:09.552694+00:00 | ttlSeconds=15.0 | intervalSeconds=30
2026-08-10 20:29:54 | INFO | monitor_claim | Device scan claimed | deviceId=6a79ee69db8727cabe0f7f2a | claimId=6e20cf81a6674171b05678ba9c894d81 | claimedAt=2026-08-10T15:29:54.552694+00:00 | nextCheckAt=2026-08-10T15:30:24.552694+00:00 | scanClaimExpiresAt=2026-08-10T15:30:09.552694+00:00 | ttlSeconds=15.0 | intervalSeconds=30
2026-08-10 20:29:54 | INFO | monitor_claim | Device scan claimed | deviceId=6a79ee69db8727cabe0f7f2b | claimId=106fb6bef19d4b4c86d28e81acb61a5b | claimedAt=2026-08-10T15:29:54.552694+00:00 | nextCheckAt=2026-08-10T15:30:24.552694+00:00 | scanClaimExpiresAt=2026-08-10T15:30:09.552694+00:00 | ttlSeconds=15.0 | intervalSeconds=30
2026-08-10 20:29:54 | INFO | monitor_claim | Device scan claimed | deviceId=6a79ee69db8727cabe0f7f2c | claimId=11d6ff29160244a3b74bc5e6a0e282d3 | claimedAt=2026-08-10T15:29:54.552694+00:00 | nextCheckAt=2026-08-10T15:30:24.552694+00:00 | scanClaimExpiresAt=2026-08-10T15:30:09.552694+00:00 | ttlSeconds=15.0 | intervalSeconds=30
2026-08-10 20:29:54 | INFO | monitor_claim | Device scan claimed | deviceId=6a79ee69db8727cabe0f7f2d | claimId=7b5a7fc3929548ce8bb319c6cd3a066e | claimedAt=2026-08-10T15:29:54.552694+00:00 | nextCheckAt=2026-08-10T15:30:24.552694+00:00 | scanClaimExpiresAt=2026-08-10T15:30:09.552694+00:00 | ttlSeconds=15.0 | intervalSeconds=30
2026-08-10 20:29:54 | INFO | monitor_claim | Device scan claimed | deviceId=6a79ee69db8727cabe0f7f2e | claimId=3e39c51bbeac462f8480d3ed966d20ac | claimedAt=2026-08-10T15:29:54.552694+00:00 | nextCheckAt=2026-08-10T15:30:24.552694+00:00 | scanClaimExpiresAt=2026-08-10T15:30:09.552694+00:00 | ttlSeconds=15.0 | intervalSeconds=30
2026-08-10 20:29:54 | INFO | monitor_claim | Device scan claimed | deviceId=6a79ee69db8727cabe0f7f2f | claimId=7485207aa43341c18c55cb85d3a381af | claimedAt=2026-08-10T15:29:54.552694+00:00 | nextCheckAt=2026-08-10T15:30:24.552694+00:00 | scanClaimExpiresAt=2026-08-10T15:30:09.552694+00:00 | ttlSeconds=15.0 | intervalSeconds=30
2026-08-10 20:29:54 | INFO | monitor_claim | Device scan claimed | deviceId=6a79ee69db8727cabe0f7f30 | claimId=6cf25c96ec7c45c6989da8b899463ebb | claimedAt=2026-08-10T15:29:54.552694+00:00 | nextCheckAt=2026-08-10T15:30:24.552694+00:00 | scanClaimExpiresAt=2026-08-10T15:30:09.552694+00:00 | ttlSeconds=15.0 | intervalSeconds=30
2026-08-10 20:29:54 | INFO | monitor_claim | Device scan claimed | deviceId=6a79ee69db8727cabe0f7f31 | claimId=193b53e317d74386b58bf2c46c3051e4 | claimedAt=2026-08-10T15:29:54.552694+00:00 | nextCheckAt=2026-08-10T15:30:24.552694+00:00 | scanClaimExpiresAt=2026-08-10T15:30:09.552694+00:00 | ttlSeconds=15.0 | intervalSeconds=30
2026-08-10 20:29:54 | INFO | monitor_claim | Device scan claimed | deviceId=6a79ee69db8727cabe0f7f32 | claimId=ce1bfdbf74e84f5eb14a3682e4c0268e | claimedAt=2026-08-10T15:29:54.552694+00:00 | nextCheckAt=2026-08-10T15:30:24.552694+00:00 | scanClaimExpiresAt=2026-08-10T15:30:09.552694+00:00 | ttlSeconds=15.0 | intervalSeconds=30
2026-08-10 20:29:54 | INFO | monitor_claim | Device scan claimed | deviceId=6a79ee69db8727cabe0f7f33 | claimId=1cf969f3e6a24eaeb79a93d4f363534c | claimedAt=2026-08-10T15:29:54.552694+00:00 | nextCheckAt=2026-08-10T15:30:24.552694+00:00 | scanClaimExpiresAt=2026-08-10T15:30:09.552694+00:00 | ttlSeconds=15.0 | intervalSeconds=30
2026-08-10 20:29:54 | INFO | monitor_claim | Device scan claimed | deviceId=6a79ee69db8727cabe0f7f34 | claimId=22dc304d04614e62860dd9bee9e2d773 | claimedAt=2026-08-10T15:29:54.552694+00:00 | nextCheckAt=2026-08-10T15:30:24.552694+00:00 | scanClaimExpiresAt=2026-08-10T15:30:09.552694+00:00 | ttlSeconds=15.0 | intervalSeconds=30
2026-08-10 20:29:54 | INFO | monitor_claim | Device scan claimed | deviceId=6a79ee69db8727cabe0f7f35 | claimId=4abbf154e13c470e855a642228ccd73f | claimedAt=2026-08-10T15:29:54.552694+00:00 | nextCheckAt=2026-08-10T15:30:24.552694+00:00 | scanClaimExpiresAt=2026-08-10T15:30:09.552694+00:00 | ttlSeconds=15.0 | intervalSeconds=30
2026-08-10 20:29:54 | INFO | monitor_claim | Device scan claimed | deviceId=6a79ee69db8727cabe0f7f36 | claimId=cdfd9834cbd34a9f9ec482feccbd6ad0 | claimedAt=2026-08-10T15:29:54.552694+00:00 | nextCheckAt=2026-08-10T15:30:24.552694+00:00 | scanClaimExpiresAt=2026-08-10T15:30:09.552694+00:00 | ttlSeconds=15.0 | intervalSeconds=30
2026-08-10 20:29:54 | INFO | monitor_claim | Device scan claimed | deviceId=6a79ee69db8727cabe0f7f37 | claimId=8ff901a4bd6c4e22a9a63fec84df3745 | claimedAt=2026-08-10T15:29:54.552694+00:00 | nextCheckAt=2026-08-10T15:30:24.552694+00:00 | scanClaimExpiresAt=2026-08-10T15:30:09.552694+00:00 | ttlSeconds=15.0 | intervalSeconds=30
2026-08-10 20:29:54 | INFO | monitor_claim | Device scan claimed | deviceId=6a79ee69db8727cabe0f7f38 | claimId=289b2c758b4141ac84b2018a5a202f22 | claimedAt=2026-08-10T15:29:54.552694+00:00 | nextCheckAt=2026-08-10T15:30:24.552694+00:00 | scanClaimExpiresAt=2026-08-10T15:30:09.552694+00:00 | ttlSeconds=15.0 | intervalSeconds=30
2026-08-10 20:29:54 | INFO | monitor_claim | Device scan claimed | deviceId=6a79ee69db8727cabe0f7f39 | claimId=17ce64ddafa345e39f3f904be2eed1fa | claimedAt=2026-08-10T15:29:54.552694+00:00 | nextCheckAt=2026-08-10T15:30:24.552694+00:00 | scanClaimExpiresAt=2026-08-10T15:30:09.552694+00:00 | ttlSeconds=15.0 | intervalSeconds=30
